Copyright 1986-2022 Xilinx, Inc. All Rights Reserved. Copyright 2022-2024 Advanced Micro Devices, Inc. All Rights Reserved.
--------------------------------------------------------------------------------------------------------------------------------------------------------------------------------------------------------------------
| Tool Version : Vivado v.2024.1 (win64) Build 5076996 Wed May 22 18:37:14 MDT 2024
| Date         : Tue Mar 18 18:28:25 2025
| Host         : PHY-GXBK running 64-bit major release  (build 9200)
| Command      : report_timing_summary -max_paths 10 -report_unconstrained -file system_wrapper_timing_summary_routed.rpt -pb system_wrapper_timing_summary_routed.pb -rpx system_wrapper_timing_summary_routed.rpx
| Design       : system_wrapper
| Device       : 7z010-clg400
| Speed File   : -1  PRODUCTION 1.12 2019-11-22
| Design State : Routed
--------------------------------------------------------------------------------------------------------------------------------------------------------------------------------------------------------------------

Timing Summary Report

------------------------------------------------------------------------------------------------
| Timer Settings
| --------------
------------------------------------------------------------------------------------------------

  Enable Multi Corner Analysis               :  Yes
  Enable Pessimism Removal                   :  Yes
  Pessimism Removal Resolution               :  Nearest Common Node
  Enable Input Delay Default Clock           :  No
  Enable Preset / Clear Arcs                 :  No
  Disable Flight Delays                      :  No
  Ignore I/O Paths                           :  No
  Timing Early Launch at Borrowing Latches   :  No
  Borrow Time for Max Delay Exceptions       :  Yes
  Merge Timing Exceptions                    :  Yes
  Inter-SLR Compensation                     :  Conservative

  Corner  Analyze    Analyze    
  Name    Max Paths  Min Paths  
  ------  ---------  ---------  
  Slow    Yes        Yes        
  Fast    Yes        Yes        


------------------------------------------------------------------------------------------------
| Report Methodology
| ------------------
------------------------------------------------------------------------------------------------

Rule       Severity  Description                    Violations  
---------  --------  -----------------------------  ----------  
TIMING-18  Warning   Missing input or output delay  36          

Note: This report is based on the most recent report_methodology run and may not be up-to-date. Run report_methodology on the current design for the latest report.



check_timing report

Table of Contents
-----------------
1. checking no_clock (0)
2. checking constant_clock (0)
3. checking pulse_width_clock (0)
4. checking unconstrained_internal_endpoints (0)
5. checking no_input_delay (0)
6. checking no_output_delay (18)
7. checking multiple_clock (0)
8. checking generated_clocks (0)
9. checking loops (0)
10. checking partial_input_delay (32)
11. checking partial_output_delay (0)
12. checking latch_loops (0)

1. checking no_clock (0)
------------------------
 There are 0 register/latch pins with no clock.


2. checking constant_clock (0)
------------------------------
 There are 0 register/latch pins with constant_clock.


3. checking pulse_width_clock (0)
---------------------------------
 There are 0 register/latch pins which need pulse_width check


4. checking unconstrained_internal_endpoints (0)
------------------------------------------------
 There are 0 pins that are not constrained for maximum delay.

 There are 0 pins that are not constrained for maximum delay due to constant clock.


5. checking no_input_delay (0)
------------------------------
 There are 0 input ports with no input delay specified.

 There are 0 input ports with no input delay but user has a false path constraint.


6. checking no_output_delay (18)
--------------------------------
 There are 18 ports with no output delay specified. (HIGH)

 There are 0 ports with no output delay but user has a false path constraint

 There are 0 ports with no output delay but with a timing clock defined on it or propagating through it


7. checking multiple_clock (0)
------------------------------
 There are 0 register/latch pins with multiple clocks.


8. checking generated_clocks (0)
--------------------------------
 There are 0 generated clocks that are not connected to a clock source.


9. checking loops (0)
---------------------
 There are 0 combinational loops in the design.


10. checking partial_input_delay (32)
-------------------------------------
 There are 32 input ports with partial input delay specified. (HIGH)


11. checking partial_output_delay (0)
-------------------------------------
 There are 0 ports with partial output delay specified.


12. checking latch_loops (0)
----------------------------
 There are 0 combinational latch loops in the design through latch input



------------------------------------------------------------------------------------------------
| Design Timing Summary
| ---------------------
------------------------------------------------------------------------------------------------

    WNS(ns)      TNS(ns)  TNS Failing Endpoints  TNS Total Endpoints      WHS(ns)      THS(ns)  THS Failing Endpoints  THS Total Endpoints     WPWS(ns)     TPWS(ns)  TPWS Failing Endpoints  TPWS Total Endpoints  
    -------      -------  ---------------------  -------------------      -------      -------  ---------------------  -------------------     --------     --------  ----------------------  --------------------  
      0.237        0.000                      0                10437        0.023        0.000                      0                10417        1.845        0.000                       0                  5506  


All user specified timing constraints are met.


------------------------------------------------------------------------------------------------
| Clock Summary
| -------------
------------------------------------------------------------------------------------------------

Clock                      Waveform(ns)         Period(ns)      Frequency(MHz)
-----                      ------------         ----------      --------------
adc_clk_p_i                {0.000 4.000}        8.000           125.000         
  clk_out1_system_pll_0_0  {0.000 4.000}        8.000           125.000         
  clk_out2_system_pll_0_0  {1.750 3.750}        4.000           250.000         
  clk_out3_system_pll_0_0  {2.250 4.250}        4.000           250.000         
  clkfbout_system_pll_0_0  {0.000 4.000}        8.000           125.000         
clk_fpga_0                 {0.000 10.000}       20.000          50.000          


------------------------------------------------------------------------------------------------
| Intra Clock Table
| -----------------
------------------------------------------------------------------------------------------------

Clock                          WNS(ns)      TNS(ns)  TNS Failing Endpoints  TNS Total Endpoints      WHS(ns)      THS(ns)  THS Failing Endpoints  THS Total Endpoints     WPWS(ns)     TPWS(ns)  TPWS Failing Endpoints  TPWS Total Endpoints  
-----                          -------      -------  ---------------------  -------------------      -------      -------  ---------------------  -------------------     --------     --------  ----------------------  --------------------  
adc_clk_p_i                                                                                                                                                                  2.000        0.000                       0                     1  
  clk_out1_system_pll_0_0        0.237        0.000                      0                10417        0.023        0.000                      0                10417        3.020        0.000                       0                  5496  
  clk_out2_system_pll_0_0                                                                                                                                                    1.845        0.000                       0                     3  
  clk_out3_system_pll_0_0                                                                                                                                                    1.845        0.000                       0                     3  
  clkfbout_system_pll_0_0                                                                                                                                                    5.845        0.000                       0                     3  


------------------------------------------------------------------------------------------------
| Inter Clock Table
| -----------------
------------------------------------------------------------------------------------------------

From Clock               To Clock                     WNS(ns)      TNS(ns)  TNS Failing Endpoints  TNS Total Endpoints      WHS(ns)      THS(ns)  THS Failing Endpoints  THS Total Endpoints  
----------               --------                     -------      -------  ---------------------  -------------------      -------      -------  ---------------------  -------------------  
adc_clk_p_i              clk_out1_system_pll_0_0        3.447        0.000                      0                   20                                                                        


------------------------------------------------------------------------------------------------
| Other Path Groups Table
| -----------------------
------------------------------------------------------------------------------------------------

Path Group    From Clock    To Clock          WNS(ns)      TNS(ns)  TNS Failing Endpoints  TNS Total Endpoints      WHS(ns)      THS(ns)  THS Failing Endpoints  THS Total Endpoints  
----------    ----------    --------          -------      -------  ---------------------  -------------------      -------      -------  ---------------------  -------------------  


------------------------------------------------------------------------------------------------
| User Ignored Path Table
| -----------------------
------------------------------------------------------------------------------------------------

Path Group               From Clock               To Clock               
----------               ----------               --------               
(none)                   clk_out1_system_pll_0_0  clk_out1_system_pll_0_0  


------------------------------------------------------------------------------------------------
| Unconstrained Path Table
| ------------------------
------------------------------------------------------------------------------------------------

Path Group               From Clock               To Clock               
----------               ----------               --------               
(none)                   clk_out1_system_pll_0_0                           
(none)                   clk_out2_system_pll_0_0                           
(none)                   clk_out3_system_pll_0_0                           
(none)                   clkfbout_system_pll_0_0                           


------------------------------------------------------------------------------------------------
| Timing Details
| --------------
------------------------------------------------------------------------------------------------


---------------------------------------------------------------------------------------------------
From Clock:  adc_clk_p_i
  To Clock:  adc_clk_p_i

Setup :           NA  Failing Endpoints,  Worst Slack           NA  ,  Total Violation           NA
Hold  :           NA  Failing Endpoints,  Worst Slack           NA  ,  Total Violation           NA
PW    :            0  Failing Endpoints,  Worst Slack        2.000ns,  Total Violation        0.000ns
---------------------------------------------------------------------------------------------------


Pulse Width Checks
--------------------------------------------------------------------------------------
Clock Name:         adc_clk_p_i
Waveform(ns):       { 0.000 4.000 }
Period(ns):         8.000
Sources:            { adc_clk_p_i }

Check Type        Corner  Lib Pin           Reference Pin  Required(ns)  Actual(ns)  Slack(ns)  Location        Pin
Min Period        n/a     PLLE2_ADV/CLKIN1  n/a            1.249         8.000       6.751      PLLE2_ADV_X0Y0  system_i/pll_0/inst/plle2_adv_inst/CLKIN1
Max Period        n/a     PLLE2_ADV/CLKIN1  n/a            52.633        8.000       44.633     PLLE2_ADV_X0Y0  system_i/pll_0/inst/plle2_adv_inst/CLKIN1
Low Pulse Width   Slow    PLLE2_ADV/CLKIN1  n/a            2.000         4.000       2.000      PLLE2_ADV_X0Y0  system_i/pll_0/inst/plle2_adv_inst/CLKIN1
Low Pulse Width   Fast    PLLE2_ADV/CLKIN1  n/a            2.000         4.000       2.000      PLLE2_ADV_X0Y0  system_i/pll_0/inst/plle2_adv_inst/CLKIN1
High Pulse Width  Slow    PLLE2_ADV/CLKIN1  n/a            2.000         4.000       2.000      PLLE2_ADV_X0Y0  system_i/pll_0/inst/plle2_adv_inst/CLKIN1
High Pulse Width  Fast    PLLE2_ADV/CLKIN1  n/a            2.000         4.000       2.000      PLLE2_ADV_X0Y0  system_i/pll_0/inst/plle2_adv_inst/CLKIN1



---------------------------------------------------------------------------------------------------
From Clock:  clk_out1_system_pll_0_0
  To Clock:  clk_out1_system_pll_0_0

Setup :            0  Failing Endpoints,  Worst Slack        0.237ns,  Total Violation        0.000ns
Hold  :            0  Failing Endpoints,  Worst Slack        0.023ns,  Total Violation        0.000ns
PW    :            0  Failing Endpoints,  Worst Slack        3.020ns,  Total Violation        0.000ns
---------------------------------------------------------------------------------------------------


Max Delay Paths
--------------------------------------------------------------------------------------
Slack (MET) :             0.237ns  (required time - arrival time)
  Source:                 system_i/soc/axi_interconnect_0/xbar/inst/gen_samd.crossbar_samd/gen_slave_slots[0].gen_si_write.si_transactor_aw/gen_multi_thread.arbiter_resp_inst/chosen_reg[3]/C
                            (rising edge-triggered cell FDRE clocked by clk_out1_system_pll_0_0  {rise@0.000ns fall@4.000ns period=8.000ns})
  Destination:            system_i/soc/axi_interconnect_0/xbar/inst/gen_samd.crossbar_samd/gen_slave_slots[0].gen_si_write.si_transactor_aw/gen_multi_thread.gen_thread_loop[0].active_cnt_reg[0]/CE
                            (rising edge-triggered cell FDRE clocked by clk_out1_system_pll_0_0  {rise@0.000ns fall@4.000ns period=8.000ns})
  Path Group:             clk_out1_system_pll_0_0
  Path Type:              Setup (Max at Slow Process Corner)
  Requirement:            8.000ns  (clk_out1_system_pll_0_0 rise@8.000ns - clk_out1_system_pll_0_0 rise@0.000ns)
  Data Path Delay:        7.476ns  (logic 2.238ns (29.936%)  route 5.238ns (70.064%))
  Logic Levels:           8  (CARRY4=1 LUT4=2 LUT5=1 LUT6=2 MUXF7=1 MUXF8=1)
  Clock Path Skew:        -0.013ns (DCD - SCD + CPR)
    Destination Clock Delay (DCD):    -2.293ns = ( 5.707 - 8.000 ) 
    Source Clock Delay      (SCD):    -2.710ns
    Clock Pessimism Removal (CPR):    -0.430ns
  Clock Uncertainty:      0.069ns  ((TSJ^2 + DJ^2)^1/2) / 2 + PE
    Total System Jitter     (TSJ):    0.071ns
    Discrete Jitter          (DJ):    0.119ns
    Phase Error              (PE):    0.000ns

    Location             Delay type                Incr(ns)  Path(ns)    Netlist Resource(s)
  -------------------------------------------------------------------    -------------------
                         (clock clk_out1_system_pll_0_0 rise edge)
                                                      0.000     0.000 r  
    U18                                               0.000     0.000 r  adc_clk_p_i (IN)
                         net (fo=0)                   0.000     0.000    system_i/pll_0/inst/clk_in1_p
    U18                  IBUFDS (Prop_ibufds_I_O)     0.983     0.983 r  system_i/pll_0/inst/clkin1_ibufgds/O
                         net (fo=1, routed)           1.306     2.289    system_i/pll_0/inst/clk_in1_system_pll_0_0
    PLLE2_ADV_X0Y0       PLLE2_ADV (Prop_plle2_adv_CLKIN1_CLKOUT0)
                                                     -8.533    -6.244 r  system_i/pll_0/inst/plle2_adv_inst/CLKOUT0
                         net (fo=1, routed)           1.754    -4.490    system_i/pll_0/inst/clk_out1_system_pll_0_0
    BUFGCTRL_X0Y0        BUFG (Prop_bufg_I_O)         0.101    -4.389 r  system_i/pll_0/inst/clkout1_buf/O
                         net (fo=5495, routed)        1.679    -2.710    system_i/soc/axi_interconnect_0/xbar/inst/gen_samd.crossbar_samd/gen_slave_slots[0].gen_si_write.si_transactor_aw/gen_multi_thread.arbiter_resp_inst/aclk
    SLICE_X11Y40         FDRE                                         r  system_i/soc/axi_interconnect_0/xbar/inst/gen_samd.crossbar_samd/gen_slave_slots[0].gen_si_write.si_transactor_aw/gen_multi_thread.arbiter_resp_inst/chosen_reg[3]/C
  -------------------------------------------------------------------    -------------------
    SLICE_X11Y40         FDRE (Prop_fdre_C_Q)         0.456    -2.254 f  system_i/soc/axi_interconnect_0/xbar/inst/gen_samd.crossbar_samd/gen_slave_slots[0].gen_si_write.si_transactor_aw/gen_multi_thread.arbiter_resp_inst/chosen_reg[3]/Q
                         net (fo=6, routed)           0.813    -1.441    system_i/soc/axi_interconnect_0/xbar/inst/gen_samd.crossbar_samd/gen_slave_slots[0].gen_si_write.si_transactor_aw/gen_multi_thread.arbiter_resp_inst/chosen_reg[8]_0[3]
    SLICE_X12Y40         LUT4 (Prop_lut4_I0_O)        0.124    -1.317 f  system_i/soc/axi_interconnect_0/xbar/inst/gen_samd.crossbar_samd/gen_slave_slots[0].gen_si_write.si_transactor_aw/gen_multi_thread.arbiter_resp_inst/s_axi_bvalid[0]_INST_0_i_4/O
                         net (fo=2, routed)           0.692    -0.625    system_i/soc/axi_interconnect_0/xbar/inst/gen_samd.crossbar_samd/gen_slave_slots[0].gen_si_write.si_transactor_aw/gen_multi_thread.arbiter_resp_inst/s_axi_bvalid[0]_INST_0_i_4_n_0
    SLICE_X12Y40         LUT5 (Prop_lut5_I0_O)        0.150    -0.475 r  system_i/soc/axi_interconnect_0/xbar/inst/gen_samd.crossbar_samd/gen_slave_slots[0].gen_si_write.si_transactor_aw/gen_multi_thread.arbiter_resp_inst/gen_fpga.genblk2_0.gen_mux_9_12[0].muxf_s2_low_inst_i_3__0/O
                         net (fo=12, routed)          0.927     0.453    system_i/soc/axi_interconnect_0/xbar/inst/gen_samd.crossbar_samd/gen_slave_slots[0].gen_si_write.si_transactor_aw/gen_multi_thread.arbiter_resp_inst/gen_fpga.genblk2_0.gen_mux_9_12[0].muxf_s2_low_inst_i_3__0_n_0
    SLICE_X14Y45         LUT6 (Prop_lut6_I3_O)        0.328     0.781 r  system_i/soc/axi_interconnect_0/xbar/inst/gen_samd.crossbar_samd/gen_slave_slots[0].gen_si_write.si_transactor_aw/gen_multi_thread.arbiter_resp_inst/gen_fpga.genblk2_0.gen_mux_9_12[8].muxf_s2_low_inst_i_1__0/O
                         net (fo=1, routed)           0.000     0.781    system_i/soc/axi_interconnect_0/xbar/inst/gen_samd.crossbar_samd/gen_slave_slots[0].gen_si_write.si_transactor_aw/gen_multi_thread.mux_resp_multi_thread/f_mux40_return0_out[8]
    SLICE_X14Y45         MUXF7 (Prop_muxf7_I0_O)      0.238     1.019 r  system_i/soc/axi_interconnect_0/xbar/inst/gen_samd.crossbar_samd/gen_slave_slots[0].gen_si_write.si_transactor_aw/gen_multi_thread.mux_resp_multi_thread/gen_fpga.genblk2_0.gen_mux_9_12[8].muxf_s2_low_inst/O
                         net (fo=1, routed)           0.000     1.019    system_i/soc/axi_interconnect_0/xbar/inst/gen_samd.crossbar_samd/gen_slave_slots[0].gen_si_write.si_transactor_aw/gen_multi_thread.mux_resp_multi_thread/gen_fpga.l_8
    SLICE_X14Y45         MUXF8 (Prop_muxf8_I0_O)      0.104     1.123 r  system_i/soc/axi_interconnect_0/xbar/inst/gen_samd.crossbar_samd/gen_slave_slots[0].gen_si_write.si_transactor_aw/gen_multi_thread.mux_resp_multi_thread/gen_fpga.genblk2_0.gen_mux_9_12[8].muxf_s3_inst/O
                         net (fo=9, routed)           1.289     2.412    system_i/soc/axi_interconnect_0/xbar/inst/gen_samd.crossbar_samd/gen_slave_slots[0].gen_si_write.si_transactor_aw/gen_multi_thread.mux_resp_multi_thread/gen_fpga.genblk2_0.gen_mux_9_12[8].muxf_s3_inst_0
    SLICE_X1Y42          LUT6 (Prop_lut6_I2_O)        0.316     2.728 r  system_i/soc/axi_interconnect_0/xbar/inst/gen_samd.crossbar_samd/gen_slave_slots[0].gen_si_write.si_transactor_aw/gen_multi_thread.mux_resp_multi_thread/gen_multi_thread.gen_thread_loop[0].active_cnt[3]_i_5__0/O
                         net (fo=1, routed)           0.000     2.728    system_i/soc/axi_interconnect_0/xbar/inst/gen_samd.crossbar_samd/gen_slave_slots[0].gen_si_write.si_transactor_aw/gen_multi_thread.mux_resp_multi_thread/gen_multi_thread.gen_thread_loop[0].active_cnt[3]_i_5__0_n_0
    SLICE_X1Y42          CARRY4 (Prop_carry4_S[2]_CO[3])
                                                      0.398     3.126 r  system_i/soc/axi_interconnect_0/xbar/inst/gen_samd.crossbar_samd/gen_slave_slots[0].gen_si_write.si_transactor_aw/gen_multi_thread.mux_resp_multi_thread/gen_multi_thread.gen_thread_loop[0].active_cnt_reg[3]_i_3__0/CO[3]
                         net (fo=1, routed)           0.899     4.025    system_i/soc/axi_interconnect_0/xbar/inst/gen_samd.crossbar_samd/gen_slave_slots[0].gen_si_write.si_transactor_aw/gen_multi_thread.arbiter_resp_inst/gen_multi_thread.gen_thread_loop[0].active_cnt_reg[2]_1[0]
    SLICE_X5Y45          LUT4 (Prop_lut4_I3_O)        0.124     4.149 r  system_i/soc/axi_interconnect_0/xbar/inst/gen_samd.crossbar_samd/gen_slave_slots[0].gen_si_write.si_transactor_aw/gen_multi_thread.arbiter_resp_inst/gen_multi_thread.gen_thread_loop[0].active_cnt[3]_i_1__0/O
                         net (fo=4, routed)           0.618     4.766    system_i/soc/axi_interconnect_0/xbar/inst/gen_samd.crossbar_samd/gen_slave_slots[0].gen_si_write.si_transactor_aw/gen_multi_thread.arbiter_resp_inst_n_15
    SLICE_X2Y43          FDRE                                         r  system_i/soc/axi_interconnect_0/xbar/inst/gen_samd.crossbar_samd/gen_slave_slots[0].gen_si_write.si_transactor_aw/gen_multi_thread.gen_thread_loop[0].active_cnt_reg[0]/CE
  -------------------------------------------------------------------    -------------------

                         (clock clk_out1_system_pll_0_0 rise edge)
                                                      8.000     8.000 r  
    U18                                               0.000     8.000 r  adc_clk_p_i (IN)
                         net (fo=0)                   0.000     8.000    system_i/pll_0/inst/clk_in1_p
    U18                  IBUFDS (Prop_ibufds_I_O)     0.940     8.940 r  system_i/pll_0/inst/clkin1_ibufgds/O
                         net (fo=1, routed)           1.181    10.121    system_i/pll_0/inst/clk_in1_system_pll_0_0
    PLLE2_ADV_X0Y0       PLLE2_ADV (Prop_plle2_adv_CLKIN1_CLKOUT0)
                                                     -7.650     2.470 r  system_i/pll_0/inst/plle2_adv_inst/CLKOUT0
                         net (fo=1, routed)           1.594     4.065    system_i/pll_0/inst/clk_out1_system_pll_0_0
    BUFGCTRL_X0Y0        BUFG (Prop_bufg_I_O)         0.091     4.156 r  system_i/pll_0/inst/clkout1_buf/O
                         net (fo=5495, routed)        1.551     5.707    system_i/soc/axi_interconnect_0/xbar/inst/gen_samd.crossbar_samd/gen_slave_slots[0].gen_si_write.si_transactor_aw/aclk
    SLICE_X2Y43          FDRE                                         r  system_i/soc/axi_interconnect_0/xbar/inst/gen_samd.crossbar_samd/gen_slave_slots[0].gen_si_write.si_transactor_aw/gen_multi_thread.gen_thread_loop[0].active_cnt_reg[0]/C
                         clock pessimism             -0.430     5.277    
                         clock uncertainty           -0.069     5.208    
    SLICE_X2Y43          FDRE (Setup_fdre_C_CE)      -0.205     5.003    system_i/soc/axi_interconnect_0/xbar/inst/gen_samd.crossbar_samd/gen_slave_slots[0].gen_si_write.si_transactor_aw/gen_multi_thread.gen_thread_loop[0].active_cnt_reg[0]
  -------------------------------------------------------------------
                         required time                          5.003    
                         arrival time                          -4.766    
  -------------------------------------------------------------------
                         slack                                  0.237    

Slack (MET) :             0.237ns  (required time - arrival time)
  Source:                 system_i/soc/axi_interconnect_0/xbar/inst/gen_samd.crossbar_samd/gen_slave_slots[0].gen_si_write.si_transactor_aw/gen_multi_thread.arbiter_resp_inst/chosen_reg[3]/C
                            (rising edge-triggered cell FDRE clocked by clk_out1_system_pll_0_0  {rise@0.000ns fall@4.000ns period=8.000ns})
  Destination:            system_i/soc/axi_interconnect_0/xbar/inst/gen_samd.crossbar_samd/gen_slave_slots[0].gen_si_write.si_transactor_aw/gen_multi_thread.gen_thread_loop[0].active_cnt_reg[2]/CE
                            (rising edge-triggered cell FDRE clocked by clk_out1_system_pll_0_0  {rise@0.000ns fall@4.000ns period=8.000ns})
  Path Group:             clk_out1_system_pll_0_0
  Path Type:              Setup (Max at Slow Process Corner)
  Requirement:            8.000ns  (clk_out1_system_pll_0_0 rise@8.000ns - clk_out1_system_pll_0_0 rise@0.000ns)
  Data Path Delay:        7.476ns  (logic 2.238ns (29.936%)  route 5.238ns (70.064%))
  Logic Levels:           8  (CARRY4=1 LUT4=2 LUT5=1 LUT6=2 MUXF7=1 MUXF8=1)
  Clock Path Skew:        -0.013ns (DCD - SCD + CPR)
    Destination Clock Delay (DCD):    -2.293ns = ( 5.707 - 8.000 ) 
    Source Clock Delay      (SCD):    -2.710ns
    Clock Pessimism Removal (CPR):    -0.430ns
  Clock Uncertainty:      0.069ns  ((TSJ^2 + DJ^2)^1/2) / 2 + PE
    Total System Jitter     (TSJ):    0.071ns
    Discrete Jitter          (DJ):    0.119ns
    Phase Error              (PE):    0.000ns

    Location             Delay type                Incr(ns)  Path(ns)    Netlist Resource(s)
  -------------------------------------------------------------------    -------------------
                         (clock clk_out1_system_pll_0_0 rise edge)
                                                      0.000     0.000 r  
    U18                                               0.000     0.000 r  adc_clk_p_i (IN)
                         net (fo=0)                   0.000     0.000    system_i/pll_0/inst/clk_in1_p
    U18                  IBUFDS (Prop_ibufds_I_O)     0.983     0.983 r  system_i/pll_0/inst/clkin1_ibufgds/O
                         net (fo=1, routed)           1.306     2.289    system_i/pll_0/inst/clk_in1_system_pll_0_0
    PLLE2_ADV_X0Y0       PLLE2_ADV (Prop_plle2_adv_CLKIN1_CLKOUT0)
                                                     -8.533    -6.244 r  system_i/pll_0/inst/plle2_adv_inst/CLKOUT0
                         net (fo=1, routed)           1.754    -4.490    system_i/pll_0/inst/clk_out1_system_pll_0_0
    BUFGCTRL_X0Y0        BUFG (Prop_bufg_I_O)         0.101    -4.389 r  system_i/pll_0/inst/clkout1_buf/O
                         net (fo=5495, routed)        1.679    -2.710    system_i/soc/axi_interconnect_0/xbar/inst/gen_samd.crossbar_samd/gen_slave_slots[0].gen_si_write.si_transactor_aw/gen_multi_thread.arbiter_resp_inst/aclk
    SLICE_X11Y40         FDRE                                         r  system_i/soc/axi_interconnect_0/xbar/inst/gen_samd.crossbar_samd/gen_slave_slots[0].gen_si_write.si_transactor_aw/gen_multi_thread.arbiter_resp_inst/chosen_reg[3]/C
  -------------------------------------------------------------------    -------------------
    SLICE_X11Y40         FDRE (Prop_fdre_C_Q)         0.456    -2.254 f  system_i/soc/axi_interconnect_0/xbar/inst/gen_samd.crossbar_samd/gen_slave_slots[0].gen_si_write.si_transactor_aw/gen_multi_thread.arbiter_resp_inst/chosen_reg[3]/Q
                         net (fo=6, routed)           0.813    -1.441    system_i/soc/axi_interconnect_0/xbar/inst/gen_samd.crossbar_samd/gen_slave_slots[0].gen_si_write.si_transactor_aw/gen_multi_thread.arbiter_resp_inst/chosen_reg[8]_0[3]
    SLICE_X12Y40         LUT4 (Prop_lut4_I0_O)        0.124    -1.317 f  system_i/soc/axi_interconnect_0/xbar/inst/gen_samd.crossbar_samd/gen_slave_slots[0].gen_si_write.si_transactor_aw/gen_multi_thread.arbiter_resp_inst/s_axi_bvalid[0]_INST_0_i_4/O
                         net (fo=2, routed)           0.692    -0.625    system_i/soc/axi_interconnect_0/xbar/inst/gen_samd.crossbar_samd/gen_slave_slots[0].gen_si_write.si_transactor_aw/gen_multi_thread.arbiter_resp_inst/s_axi_bvalid[0]_INST_0_i_4_n_0
    SLICE_X12Y40         LUT5 (Prop_lut5_I0_O)        0.150    -0.475 r  system_i/soc/axi_interconnect_0/xbar/inst/gen_samd.crossbar_samd/gen_slave_slots[0].gen_si_write.si_transactor_aw/gen_multi_thread.arbiter_resp_inst/gen_fpga.genblk2_0.gen_mux_9_12[0].muxf_s2_low_inst_i_3__0/O
                         net (fo=12, routed)          0.927     0.453    system_i/soc/axi_interconnect_0/xbar/inst/gen_samd.crossbar_samd/gen_slave_slots[0].gen_si_write.si_transactor_aw/gen_multi_thread.arbiter_resp_inst/gen_fpga.genblk2_0.gen_mux_9_12[0].muxf_s2_low_inst_i_3__0_n_0
    SLICE_X14Y45         LUT6 (Prop_lut6_I3_O)        0.328     0.781 r  system_i/soc/axi_interconnect_0/xbar/inst/gen_samd.crossbar_samd/gen_slave_slots[0].gen_si_write.si_transactor_aw/gen_multi_thread.arbiter_resp_inst/gen_fpga.genblk2_0.gen_mux_9_12[8].muxf_s2_low_inst_i_1__0/O
                         net (fo=1, routed)           0.000     0.781    system_i/soc/axi_interconnect_0/xbar/inst/gen_samd.crossbar_samd/gen_slave_slots[0].gen_si_write.si_transactor_aw/gen_multi_thread.mux_resp_multi_thread/f_mux40_return0_out[8]
    SLICE_X14Y45         MUXF7 (Prop_muxf7_I0_O)      0.238     1.019 r  system_i/soc/axi_interconnect_0/xbar/inst/gen_samd.crossbar_samd/gen_slave_slots[0].gen_si_write.si_transactor_aw/gen_multi_thread.mux_resp_multi_thread/gen_fpga.genblk2_0.gen_mux_9_12[8].muxf_s2_low_inst/O
                         net (fo=1, routed)           0.000     1.019    system_i/soc/axi_interconnect_0/xbar/inst/gen_samd.crossbar_samd/gen_slave_slots[0].gen_si_write.si_transactor_aw/gen_multi_thread.mux_resp_multi_thread/gen_fpga.l_8
    SLICE_X14Y45         MUXF8 (Prop_muxf8_I0_O)      0.104     1.123 r  system_i/soc/axi_interconnect_0/xbar/inst/gen_samd.crossbar_samd/gen_slave_slots[0].gen_si_write.si_transactor_aw/gen_multi_thread.mux_resp_multi_thread/gen_fpga.genblk2_0.gen_mux_9_12[8].muxf_s3_inst/O
                         net (fo=9, routed)           1.289     2.412    system_i/soc/axi_interconnect_0/xbar/inst/gen_samd.crossbar_samd/gen_slave_slots[0].gen_si_write.si_transactor_aw/gen_multi_thread.mux_resp_multi_thread/gen_fpga.genblk2_0.gen_mux_9_12[8].muxf_s3_inst_0
    SLICE_X1Y42          LUT6 (Prop_lut6_I2_O)        0.316     2.728 r  system_i/soc/axi_interconnect_0/xbar/inst/gen_samd.crossbar_samd/gen_slave_slots[0].gen_si_write.si_transactor_aw/gen_multi_thread.mux_resp_multi_thread/gen_multi_thread.gen_thread_loop[0].active_cnt[3]_i_5__0/O
                         net (fo=1, routed)           0.000     2.728    system_i/soc/axi_interconnect_0/xbar/inst/gen_samd.crossbar_samd/gen_slave_slots[0].gen_si_write.si_transactor_aw/gen_multi_thread.mux_resp_multi_thread/gen_multi_thread.gen_thread_loop[0].active_cnt[3]_i_5__0_n_0
    SLICE_X1Y42          CARRY4 (Prop_carry4_S[2]_CO[3])
                                                      0.398     3.126 r  system_i/soc/axi_interconnect_0/xbar/inst/gen_samd.crossbar_samd/gen_slave_slots[0].gen_si_write.si_transactor_aw/gen_multi_thread.mux_resp_multi_thread/gen_multi_thread.gen_thread_loop[0].active_cnt_reg[3]_i_3__0/CO[3]
                         net (fo=1, routed)           0.899     4.025    system_i/soc/axi_interconnect_0/xbar/inst/gen_samd.crossbar_samd/gen_slave_slots[0].gen_si_write.si_transactor_aw/gen_multi_thread.arbiter_resp_inst/gen_multi_thread.gen_thread_loop[0].active_cnt_reg[2]_1[0]
    SLICE_X5Y45          LUT4 (Prop_lut4_I3_O)        0.124     4.149 r  system_i/soc/axi_interconnect_0/xbar/inst/gen_samd.crossbar_samd/gen_slave_slots[0].gen_si_write.si_transactor_aw/gen_multi_thread.arbiter_resp_inst/gen_multi_thread.gen_thread_loop[0].active_cnt[3]_i_1__0/O
                         net (fo=4, routed)           0.618     4.766    system_i/soc/axi_interconnect_0/xbar/inst/gen_samd.crossbar_samd/gen_slave_slots[0].gen_si_write.si_transactor_aw/gen_multi_thread.arbiter_resp_inst_n_15
    SLICE_X2Y43          FDRE                                         r  system_i/soc/axi_interconnect_0/xbar/inst/gen_samd.crossbar_samd/gen_slave_slots[0].gen_si_write.si_transactor_aw/gen_multi_thread.gen_thread_loop[0].active_cnt_reg[2]/CE
  -------------------------------------------------------------------    -------------------

                         (clock clk_out1_system_pll_0_0 rise edge)
                                                      8.000     8.000 r  
    U18                                               0.000     8.000 r  adc_clk_p_i (IN)
                         net (fo=0)                   0.000     8.000    system_i/pll_0/inst/clk_in1_p
    U18                  IBUFDS (Prop_ibufds_I_O)     0.940     8.940 r  system_i/pll_0/inst/clkin1_ibufgds/O
                         net (fo=1, routed)           1.181    10.121    system_i/pll_0/inst/clk_in1_system_pll_0_0
    PLLE2_ADV_X0Y0       PLLE2_ADV (Prop_plle2_adv_CLKIN1_CLKOUT0)
                                                     -7.650     2.470 r  system_i/pll_0/inst/plle2_adv_inst/CLKOUT0
                         net (fo=1, routed)           1.594     4.065    system_i/pll_0/inst/clk_out1_system_pll_0_0
    BUFGCTRL_X0Y0        BUFG (Prop_bufg_I_O)         0.091     4.156 r  system_i/pll_0/inst/clkout1_buf/O
                         net (fo=5495, routed)        1.551     5.707    system_i/soc/axi_interconnect_0/xbar/inst/gen_samd.crossbar_samd/gen_slave_slots[0].gen_si_write.si_transactor_aw/aclk
    SLICE_X2Y43          FDRE                                         r  system_i/soc/axi_interconnect_0/xbar/inst/gen_samd.crossbar_samd/gen_slave_slots[0].gen_si_write.si_transactor_aw/gen_multi_thread.gen_thread_loop[0].active_cnt_reg[2]/C
                         clock pessimism             -0.430     5.277    
                         clock uncertainty           -0.069     5.208    
    SLICE_X2Y43          FDRE (Setup_fdre_C_CE)      -0.205     5.003    system_i/soc/axi_interconnect_0/xbar/inst/gen_samd.crossbar_samd/gen_slave_slots[0].gen_si_write.si_transactor_aw/gen_multi_thread.gen_thread_loop[0].active_cnt_reg[2]
  -------------------------------------------------------------------
                         required time                          5.003    
                         arrival time                          -4.766    
  -------------------------------------------------------------------
                         slack                                  0.237    

Slack (MET) :             0.237ns  (required time - arrival time)
  Source:                 system_i/soc/axi_interconnect_0/xbar/inst/gen_samd.crossbar_samd/gen_slave_slots[0].gen_si_write.si_transactor_aw/gen_multi_thread.arbiter_resp_inst/chosen_reg[3]/C
                            (rising edge-triggered cell FDRE clocked by clk_out1_system_pll_0_0  {rise@0.000ns fall@4.000ns period=8.000ns})
  Destination:            system_i/soc/axi_interconnect_0/xbar/inst/gen_samd.crossbar_samd/gen_slave_slots[0].gen_si_write.si_transactor_aw/gen_multi_thread.gen_thread_loop[0].active_cnt_reg[3]/CE
                            (rising edge-triggered cell FDRE clocked by clk_out1_system_pll_0_0  {rise@0.000ns fall@4.000ns period=8.000ns})
  Path Group:             clk_out1_system_pll_0_0
  Path Type:              Setup (Max at Slow Process Corner)
  Requirement:            8.000ns  (clk_out1_system_pll_0_0 rise@8.000ns - clk_out1_system_pll_0_0 rise@0.000ns)
  Data Path Delay:        7.476ns  (logic 2.238ns (29.936%)  route 5.238ns (70.064%))
  Logic Levels:           8  (CARRY4=1 LUT4=2 LUT5=1 LUT6=2 MUXF7=1 MUXF8=1)
  Clock Path Skew:        -0.013ns (DCD - SCD + CPR)
    Destination Clock Delay (DCD):    -2.293ns = ( 5.707 - 8.000 ) 
    Source Clock Delay      (SCD):    -2.710ns
    Clock Pessimism Removal (CPR):    -0.430ns
  Clock Uncertainty:      0.069ns  ((TSJ^2 + DJ^2)^1/2) / 2 + PE
    Total System Jitter     (TSJ):    0.071ns
    Discrete Jitter          (DJ):    0.119ns
    Phase Error              (PE):    0.000ns

    Location             Delay type                Incr(ns)  Path(ns)    Netlist Resource(s)
  -------------------------------------------------------------------    -------------------
                         (clock clk_out1_system_pll_0_0 rise edge)
                                                      0.000     0.000 r  
    U18                                               0.000     0.000 r  adc_clk_p_i (IN)
                         net (fo=0)                   0.000     0.000    system_i/pll_0/inst/clk_in1_p
    U18                  IBUFDS (Prop_ibufds_I_O)     0.983     0.983 r  system_i/pll_0/inst/clkin1_ibufgds/O
                         net (fo=1, routed)           1.306     2.289    system_i/pll_0/inst/clk_in1_system_pll_0_0
    PLLE2_ADV_X0Y0       PLLE2_ADV (Prop_plle2_adv_CLKIN1_CLKOUT0)
                                                     -8.533    -6.244 r  system_i/pll_0/inst/plle2_adv_inst/CLKOUT0
                         net (fo=1, routed)           1.754    -4.490    system_i/pll_0/inst/clk_out1_system_pll_0_0
    BUFGCTRL_X0Y0        BUFG (Prop_bufg_I_O)         0.101    -4.389 r  system_i/pll_0/inst/clkout1_buf/O
                         net (fo=5495, routed)        1.679    -2.710    system_i/soc/axi_interconnect_0/xbar/inst/gen_samd.crossbar_samd/gen_slave_slots[0].gen_si_write.si_transactor_aw/gen_multi_thread.arbiter_resp_inst/aclk
    SLICE_X11Y40         FDRE                                         r  system_i/soc/axi_interconnect_0/xbar/inst/gen_samd.crossbar_samd/gen_slave_slots[0].gen_si_write.si_transactor_aw/gen_multi_thread.arbiter_resp_inst/chosen_reg[3]/C
  -------------------------------------------------------------------    -------------------
    SLICE_X11Y40         FDRE (Prop_fdre_C_Q)         0.456    -2.254 f  system_i/soc/axi_interconnect_0/xbar/inst/gen_samd.crossbar_samd/gen_slave_slots[0].gen_si_write.si_transactor_aw/gen_multi_thread.arbiter_resp_inst/chosen_reg[3]/Q
                         net (fo=6, routed)           0.813    -1.441    system_i/soc/axi_interconnect_0/xbar/inst/gen_samd.crossbar_samd/gen_slave_slots[0].gen_si_write.si_transactor_aw/gen_multi_thread.arbiter_resp_inst/chosen_reg[8]_0[3]
    SLICE_X12Y40         LUT4 (Prop_lut4_I0_O)        0.124    -1.317 f  system_i/soc/axi_interconnect_0/xbar/inst/gen_samd.crossbar_samd/gen_slave_slots[0].gen_si_write.si_transactor_aw/gen_multi_thread.arbiter_resp_inst/s_axi_bvalid[0]_INST_0_i_4/O
                         net (fo=2, routed)           0.692    -0.625    system_i/soc/axi_interconnect_0/xbar/inst/gen_samd.crossbar_samd/gen_slave_slots[0].gen_si_write.si_transactor_aw/gen_multi_thread.arbiter_resp_inst/s_axi_bvalid[0]_INST_0_i_4_n_0
    SLICE_X12Y40         LUT5 (Prop_lut5_I0_O)        0.150    -0.475 r  system_i/soc/axi_interconnect_0/xbar/inst/gen_samd.crossbar_samd/gen_slave_slots[0].gen_si_write.si_transactor_aw/gen_multi_thread.arbiter_resp_inst/gen_fpga.genblk2_0.gen_mux_9_12[0].muxf_s2_low_inst_i_3__0/O
                         net (fo=12, routed)          0.927     0.453    system_i/soc/axi_interconnect_0/xbar/inst/gen_samd.crossbar_samd/gen_slave_slots[0].gen_si_write.si_transactor_aw/gen_multi_thread.arbiter_resp_inst/gen_fpga.genblk2_0.gen_mux_9_12[0].muxf_s2_low_inst_i_3__0_n_0
    SLICE_X14Y45         LUT6 (Prop_lut6_I3_O)        0.328     0.781 r  system_i/soc/axi_interconnect_0/xbar/inst/gen_samd.crossbar_samd/gen_slave_slots[0].gen_si_write.si_transactor_aw/gen_multi_thread.arbiter_resp_inst/gen_fpga.genblk2_0.gen_mux_9_12[8].muxf_s2_low_inst_i_1__0/O
                         net (fo=1, routed)           0.000     0.781    system_i/soc/axi_interconnect_0/xbar/inst/gen_samd.crossbar_samd/gen_slave_slots[0].gen_si_write.si_transactor_aw/gen_multi_thread.mux_resp_multi_thread/f_mux40_return0_out[8]
    SLICE_X14Y45         MUXF7 (Prop_muxf7_I0_O)      0.238     1.019 r  system_i/soc/axi_interconnect_0/xbar/inst/gen_samd.crossbar_samd/gen_slave_slots[0].gen_si_write.si_transactor_aw/gen_multi_thread.mux_resp_multi_thread/gen_fpga.genblk2_0.gen_mux_9_12[8].muxf_s2_low_inst/O
                         net (fo=1, routed)           0.000     1.019    system_i/soc/axi_interconnect_0/xbar/inst/gen_samd.crossbar_samd/gen_slave_slots[0].gen_si_write.si_transactor_aw/gen_multi_thread.mux_resp_multi_thread/gen_fpga.l_8
    SLICE_X14Y45         MUXF8 (Prop_muxf8_I0_O)      0.104     1.123 r  system_i/soc/axi_interconnect_0/xbar/inst/gen_samd.crossbar_samd/gen_slave_slots[0].gen_si_write.si_transactor_aw/gen_multi_thread.mux_resp_multi_thread/gen_fpga.genblk2_0.gen_mux_9_12[8].muxf_s3_inst/O
                         net (fo=9, routed)           1.289     2.412    system_i/soc/axi_interconnect_0/xbar/inst/gen_samd.crossbar_samd/gen_slave_slots[0].gen_si_write.si_transactor_aw/gen_multi_thread.mux_resp_multi_thread/gen_fpga.genblk2_0.gen_mux_9_12[8].muxf_s3_inst_0
    SLICE_X1Y42          LUT6 (Prop_lut6_I2_O)        0.316     2.728 r  system_i/soc/axi_interconnect_0/xbar/inst/gen_samd.crossbar_samd/gen_slave_slots[0].gen_si_write.si_transactor_aw/gen_multi_thread.mux_resp_multi_thread/gen_multi_thread.gen_thread_loop[0].active_cnt[3]_i_5__0/O
                         net (fo=1, routed)           0.000     2.728    system_i/soc/axi_interconnect_0/xbar/inst/gen_samd.crossbar_samd/gen_slave_slots[0].gen_si_write.si_transactor_aw/gen_multi_thread.mux_resp_multi_thread/gen_multi_thread.gen_thread_loop[0].active_cnt[3]_i_5__0_n_0
    SLICE_X1Y42          CARRY4 (Prop_carry4_S[2]_CO[3])
                                                      0.398     3.126 r  system_i/soc/axi_interconnect_0/xbar/inst/gen_samd.crossbar_samd/gen_slave_slots[0].gen_si_write.si_transactor_aw/gen_multi_thread.mux_resp_multi_thread/gen_multi_thread.gen_thread_loop[0].active_cnt_reg[3]_i_3__0/CO[3]
                         net (fo=1, routed)           0.899     4.025    system_i/soc/axi_interconnect_0/xbar/inst/gen_samd.crossbar_samd/gen_slave_slots[0].gen_si_write.si_transactor_aw/gen_multi_thread.arbiter_resp_inst/gen_multi_thread.gen_thread_loop[0].active_cnt_reg[2]_1[0]
    SLICE_X5Y45          LUT4 (Prop_lut4_I3_O)        0.124     4.149 r  system_i/soc/axi_interconnect_0/xbar/inst/gen_samd.crossbar_samd/gen_slave_slots[0].gen_si_write.si_transactor_aw/gen_multi_thread.arbiter_resp_inst/gen_multi_thread.gen_thread_loop[0].active_cnt[3]_i_1__0/O
                         net (fo=4, routed)           0.618     4.766    system_i/soc/axi_interconnect_0/xbar/inst/gen_samd.crossbar_samd/gen_slave_slots[0].gen_si_write.si_transactor_aw/gen_multi_thread.arbiter_resp_inst_n_15
    SLICE_X2Y43          FDRE                                         r  system_i/soc/axi_interconnect_0/xbar/inst/gen_samd.crossbar_samd/gen_slave_slots[0].gen_si_write.si_transactor_aw/gen_multi_thread.gen_thread_loop[0].active_cnt_reg[3]/CE
  -------------------------------------------------------------------    -------------------

                         (clock clk_out1_system_pll_0_0 rise edge)
                                                      8.000     8.000 r  
    U18                                               0.000     8.000 r  adc_clk_p_i (IN)
                         net (fo=0)                   0.000     8.000    system_i/pll_0/inst/clk_in1_p
    U18                  IBUFDS (Prop_ibufds_I_O)     0.940     8.940 r  system_i/pll_0/inst/clkin1_ibufgds/O
                         net (fo=1, routed)           1.181    10.121    system_i/pll_0/inst/clk_in1_system_pll_0_0
    PLLE2_ADV_X0Y0       PLLE2_ADV (Prop_plle2_adv_CLKIN1_CLKOUT0)
                                                     -7.650     2.470 r  system_i/pll_0/inst/plle2_adv_inst/CLKOUT0
                         net (fo=1, routed)           1.594     4.065    system_i/pll_0/inst/clk_out1_system_pll_0_0
    BUFGCTRL_X0Y0        BUFG (Prop_bufg_I_O)         0.091     4.156 r  system_i/pll_0/inst/clkout1_buf/O
                         net (fo=5495, routed)        1.551     5.707    system_i/soc/axi_interconnect_0/xbar/inst/gen_samd.crossbar_samd/gen_slave_slots[0].gen_si_write.si_transactor_aw/aclk
    SLICE_X2Y43          FDRE                                         r  system_i/soc/axi_interconnect_0/xbar/inst/gen_samd.crossbar_samd/gen_slave_slots[0].gen_si_write.si_transactor_aw/gen_multi_thread.gen_thread_loop[0].active_cnt_reg[3]/C
                         clock pessimism             -0.430     5.277    
                         clock uncertainty           -0.069     5.208    
    SLICE_X2Y43          FDRE (Setup_fdre_C_CE)      -0.205     5.003    system_i/soc/axi_interconnect_0/xbar/inst/gen_samd.crossbar_samd/gen_slave_slots[0].gen_si_write.si_transactor_aw/gen_multi_thread.gen_thread_loop[0].active_cnt_reg[3]
  -------------------------------------------------------------------
                         required time                          5.003    
                         arrival time                          -4.766    
  -------------------------------------------------------------------
                         slack                                  0.237    

Slack (MET) :             0.284ns  (required time - arrival time)
  Source:                 system_i/soc/ps_0/inst/PS7_i/MAXIGP0ACLK
                            (rising edge-triggered cell PS7 clocked by clk_out1_system_pll_0_0  {rise@0.000ns fall@4.000ns period=8.000ns})
  Destination:            system_i/soc/axi_interconnect_0/xbar/inst/gen_samd.crossbar_samd/gen_slave_slots[0].gen_si_write.si_transactor_aw/gen_multi_thread.gen_thread_loop[2].active_cnt_reg[18]/CE
                            (rising edge-triggered cell FDRE clocked by clk_out1_system_pll_0_0  {rise@0.000ns fall@4.000ns period=8.000ns})
  Path Group:             clk_out1_system_pll_0_0
  Path Type:              Setup (Max at Slow Process Corner)
  Requirement:            8.000ns  (clk_out1_system_pll_0_0 rise@8.000ns - clk_out1_system_pll_0_0 rise@0.000ns)
  Data Path Delay:        7.343ns  (logic 2.842ns (38.703%)  route 4.501ns (61.297%))
  Logic Levels:           6  (CARRY4=1 LUT4=1 LUT5=1 LUT6=3)
  Clock Path Skew:        -0.099ns (DCD - SCD + CPR)
    Destination Clock Delay (DCD):    -2.293ns = ( 5.707 - 8.000 ) 
    Source Clock Delay      (SCD):    -2.624ns
    Clock Pessimism Removal (CPR):    -0.430ns
  Clock Uncertainty:      0.069ns  ((TSJ^2 + DJ^2)^1/2) / 2 + PE
    Total System Jitter     (TSJ):    0.071ns
    Discrete Jitter          (DJ):    0.119ns
    Phase Error              (PE):    0.000ns

    Location             Delay type                Incr(ns)  Path(ns)    Netlist Resource(s)
  -------------------------------------------------------------------    -------------------
                         (clock clk_out1_system_pll_0_0 rise edge)
                                                      0.000     0.000 r  
    U18                                               0.000     0.000 r  adc_clk_p_i (IN)
                         net (fo=0)                   0.000     0.000    system_i/pll_0/inst/clk_in1_p
    U18                  IBUFDS (Prop_ibufds_I_O)     0.983     0.983 r  system_i/pll_0/inst/clkin1_ibufgds/O
                         net (fo=1, routed)           1.306     2.289    system_i/pll_0/inst/clk_in1_system_pll_0_0
    PLLE2_ADV_X0Y0       PLLE2_ADV (Prop_plle2_adv_CLKIN1_CLKOUT0)
                                                     -8.533    -6.244 r  system_i/pll_0/inst/plle2_adv_inst/CLKOUT0
                         net (fo=1, routed)           1.754    -4.490    system_i/pll_0/inst/clk_out1_system_pll_0_0
    BUFGCTRL_X0Y0        BUFG (Prop_bufg_I_O)         0.101    -4.389 r  system_i/pll_0/inst/clkout1_buf/O
                         net (fo=5495, routed)        1.765    -2.624    system_i/soc/ps_0/inst/M_AXI_GP0_ACLK
    PS7_X0Y0             PS7                                          r  system_i/soc/ps_0/inst/PS7_i/MAXIGP0ACLK
  -------------------------------------------------------------------    -------------------
    PS7_X0Y0             PS7 (Prop_ps7_MAXIGP0ACLK_MAXIGP0AWID[3])
                                                      1.453    -1.171 r  system_i/soc/ps_0/inst/PS7_i/MAXIGP0AWID[3]
                         net (fo=17, routed)          1.458     0.287    system_i/soc/axi_interconnect_0/xbar/inst/gen_samd.crossbar_samd/gen_slave_slots[0].gen_si_write.si_transactor_aw/s_axi_awid[3]
    SLICE_X6Y46          LUT6 (Prop_lut6_I1_O)        0.124     0.411 r  system_i/soc/axi_interconnect_0/xbar/inst/gen_samd.crossbar_samd/gen_slave_slots[0].gen_si_write.si_transactor_aw/gen_multi_thread.gen_thread_loop[1].active_target[11]_i_7/O
                         net (fo=1, routed)           0.000     0.411    system_i/soc/axi_interconnect_0/xbar/inst/gen_samd.crossbar_samd/gen_slave_slots[0].gen_si_write.si_transactor_aw/gen_multi_thread.gen_thread_loop[1].active_target[11]_i_7_n_0
    SLICE_X6Y46          CARRY4 (Prop_carry4_S[1]_CO[3])
                                                      0.533     0.944 f  system_i/soc/axi_interconnect_0/xbar/inst/gen_samd.crossbar_samd/gen_slave_slots[0].gen_si_write.si_transactor_aw/gen_multi_thread.gen_thread_loop[1].active_target_reg[11]_i_4/CO[3]
                         net (fo=3, routed)           1.211     2.155    system_i/soc/axi_interconnect_0/xbar/inst/gen_samd.crossbar_samd/gen_slave_slots[0].gen_si_write.si_transactor_aw/gen_multi_thread.aid_match_10
    SLICE_X5Y46          LUT5 (Prop_lut5_I0_O)        0.152     2.307 r  system_i/soc/axi_interconnect_0/xbar/inst/gen_samd.crossbar_samd/gen_slave_slots[0].gen_si_write.si_transactor_aw/gen_multi_thread.gen_thread_loop[7].active_target[59]_i_16__0/O
                         net (fo=1, routed)           0.521     2.828    system_i/soc/axi_interconnect_0/xbar/inst/gen_samd.crossbar_samd/gen_slave_slots[0].gen_si_write.si_transactor_aw/gen_multi_thread.gen_thread_loop[7].active_target[59]_i_16__0_n_0
    SLICE_X4Y46          LUT6 (Prop_lut6_I2_O)        0.332     3.160 r  system_i/soc/axi_interconnect_0/xbar/inst/gen_samd.crossbar_samd/gen_slave_slots[0].gen_si_write.si_transactor_aw/gen_multi_thread.gen_thread_loop[7].active_target[59]_i_5__0/O
                         net (fo=8, routed)           0.526     3.686    system_i/soc/axi_interconnect_0/xbar/inst/gen_samd.crossbar_samd/gen_slave_slots[0].gen_si_write.si_transactor_aw/gen_multi_thread.gen_thread_loop[7].active_target[59]_i_5__0_n_0
    SLICE_X2Y44          LUT6 (Prop_lut6_I4_O)        0.124     3.810 r  system_i/soc/axi_interconnect_0/xbar/inst/gen_samd.crossbar_samd/gen_slave_slots[0].gen_si_write.si_transactor_aw/gen_multi_thread.gen_thread_loop[2].active_target[19]_i_2__0/O
                         net (fo=19, routed)          0.452     4.262    system_i/soc/axi_interconnect_0/xbar/inst/gen_samd.crossbar_samd/gen_slave_slots[0].gen_si_write.si_transactor_aw/gen_multi_thread.arbiter_resp_inst/gen_multi_thread.gen_thread_loop[2].active_cnt_reg[18]
    SLICE_X4Y43          LUT4 (Prop_lut4_I0_O)        0.124     4.386 r  system_i/soc/axi_interconnect_0/xbar/inst/gen_samd.crossbar_samd/gen_slave_slots[0].gen_si_write.si_transactor_aw/gen_multi_thread.arbiter_resp_inst/gen_multi_thread.gen_thread_loop[2].active_cnt[19]_i_1__0/O
                         net (fo=4, routed)           0.333     4.719    system_i/soc/axi_interconnect_0/xbar/inst/gen_samd.crossbar_samd/gen_slave_slots[0].gen_si_write.si_transactor_aw/gen_multi_thread.arbiter_resp_inst_n_16
    SLICE_X3Y43          FDRE                                         r  system_i/soc/axi_interconnect_0/xbar/inst/gen_samd.crossbar_samd/gen_slave_slots[0].gen_si_write.si_transactor_aw/gen_multi_thread.gen_thread_loop[2].active_cnt_reg[18]/CE
  -------------------------------------------------------------------    -------------------

                         (clock clk_out1_system_pll_0_0 rise edge)
                                                      8.000     8.000 r  
    U18                                               0.000     8.000 r  adc_clk_p_i (IN)
                         net (fo=0)                   0.000     8.000    system_i/pll_0/inst/clk_in1_p
    U18                  IBUFDS (Prop_ibufds_I_O)     0.940     8.940 r  system_i/pll_0/inst/clkin1_ibufgds/O
                         net (fo=1, routed)           1.181    10.121    system_i/pll_0/inst/clk_in1_system_pll_0_0
    PLLE2_ADV_X0Y0       PLLE2_ADV (Prop_plle2_adv_CLKIN1_CLKOUT0)
                                                     -7.650     2.470 r  system_i/pll_0/inst/plle2_adv_inst/CLKOUT0
                         net (fo=1, routed)           1.594     4.065    system_i/pll_0/inst/clk_out1_system_pll_0_0
    BUFGCTRL_X0Y0        BUFG (Prop_bufg_I_O)         0.091     4.156 r  system_i/pll_0/inst/clkout1_buf/O
                         net (fo=5495, routed)        1.551     5.707    system_i/soc/axi_interconnect_0/xbar/inst/gen_samd.crossbar_samd/gen_slave_slots[0].gen_si_write.si_transactor_aw/aclk
    SLICE_X3Y43          FDRE                                         r  system_i/soc/axi_interconnect_0/xbar/inst/gen_samd.crossbar_samd/gen_slave_slots[0].gen_si_write.si_transactor_aw/gen_multi_thread.gen_thread_loop[2].active_cnt_reg[18]/C
                         clock pessimism             -0.430     5.277    
                         clock uncertainty           -0.069     5.208    
    SLICE_X3Y43          FDRE (Setup_fdre_C_CE)      -0.205     5.003    system_i/soc/axi_interconnect_0/xbar/inst/gen_samd.crossbar_samd/gen_slave_slots[0].gen_si_write.si_transactor_aw/gen_multi_thread.gen_thread_loop[2].active_cnt_reg[18]
  -------------------------------------------------------------------
                         required time                          5.003    
                         arrival time                          -4.719    
  -------------------------------------------------------------------
                         slack                                  0.284    

Slack (MET) :             0.284ns  (required time - arrival time)
  Source:                 system_i/soc/ps_0/inst/PS7_i/MAXIGP0ACLK
                            (rising edge-triggered cell PS7 clocked by clk_out1_system_pll_0_0  {rise@0.000ns fall@4.000ns period=8.000ns})
  Destination:            system_i/soc/axi_interconnect_0/xbar/inst/gen_samd.crossbar_samd/gen_slave_slots[0].gen_si_write.si_transactor_aw/gen_multi_thread.gen_thread_loop[2].active_cnt_reg[19]/CE
                            (rising edge-triggered cell FDRE clocked by clk_out1_system_pll_0_0  {rise@0.000ns fall@4.000ns period=8.000ns})
  Path Group:             clk_out1_system_pll_0_0
  Path Type:              Setup (Max at Slow Process Corner)
  Requirement:            8.000ns  (clk_out1_system_pll_0_0 rise@8.000ns - clk_out1_system_pll_0_0 rise@0.000ns)
  Data Path Delay:        7.343ns  (logic 2.842ns (38.703%)  route 4.501ns (61.297%))
  Logic Levels:           6  (CARRY4=1 LUT4=1 LUT5=1 LUT6=3)
  Clock Path Skew:        -0.099ns (DCD - SCD + CPR)
    Destination Clock Delay (DCD):    -2.293ns = ( 5.707 - 8.000 ) 
    Source Clock Delay      (SCD):    -2.624ns
    Clock Pessimism Removal (CPR):    -0.430ns
  Clock Uncertainty:      0.069ns  ((TSJ^2 + DJ^2)^1/2) / 2 + PE
    Total System Jitter     (TSJ):    0.071ns
    Discrete Jitter          (DJ):    0.119ns
    Phase Error              (PE):    0.000ns

    Location             Delay type                Incr(ns)  Path(ns)    Netlist Resource(s)
  -------------------------------------------------------------------    -------------------
                         (clock clk_out1_system_pll_0_0 rise edge)
                                                      0.000     0.000 r  
    U18                                               0.000     0.000 r  adc_clk_p_i (IN)
                         net (fo=0)                   0.000     0.000    system_i/pll_0/inst/clk_in1_p
    U18                  IBUFDS (Prop_ibufds_I_O)     0.983     0.983 r  system_i/pll_0/inst/clkin1_ibufgds/O
                         net (fo=1, routed)           1.306     2.289    system_i/pll_0/inst/clk_in1_system_pll_0_0
    PLLE2_ADV_X0Y0       PLLE2_ADV (Prop_plle2_adv_CLKIN1_CLKOUT0)
                                                     -8.533    -6.244 r  system_i/pll_0/inst/plle2_adv_inst/CLKOUT0
                         net (fo=1, routed)           1.754    -4.490    system_i/pll_0/inst/clk_out1_system_pll_0_0
    BUFGCTRL_X0Y0        BUFG (Prop_bufg_I_O)         0.101    -4.389 r  system_i/pll_0/inst/clkout1_buf/O
                         net (fo=5495, routed)        1.765    -2.624    system_i/soc/ps_0/inst/M_AXI_GP0_ACLK
    PS7_X0Y0             PS7                                          r  system_i/soc/ps_0/inst/PS7_i/MAXIGP0ACLK
  -------------------------------------------------------------------    -------------------
    PS7_X0Y0             PS7 (Prop_ps7_MAXIGP0ACLK_MAXIGP0AWID[3])
                                                      1.453    -1.171 r  system_i/soc/ps_0/inst/PS7_i/MAXIGP0AWID[3]
                         net (fo=17, routed)          1.458     0.287    system_i/soc/axi_interconnect_0/xbar/inst/gen_samd.crossbar_samd/gen_slave_slots[0].gen_si_write.si_transactor_aw/s_axi_awid[3]
    SLICE_X6Y46          LUT6 (Prop_lut6_I1_O)        0.124     0.411 r  system_i/soc/axi_interconnect_0/xbar/inst/gen_samd.crossbar_samd/gen_slave_slots[0].gen_si_write.si_transactor_aw/gen_multi_thread.gen_thread_loop[1].active_target[11]_i_7/O
                         net (fo=1, routed)           0.000     0.411    system_i/soc/axi_interconnect_0/xbar/inst/gen_samd.crossbar_samd/gen_slave_slots[0].gen_si_write.si_transactor_aw/gen_multi_thread.gen_thread_loop[1].active_target[11]_i_7_n_0
    SLICE_X6Y46          CARRY4 (Prop_carry4_S[1]_CO[3])
                                                      0.533     0.944 f  system_i/soc/axi_interconnect_0/xbar/inst/gen_samd.crossbar_samd/gen_slave_slots[0].gen_si_write.si_transactor_aw/gen_multi_thread.gen_thread_loop[1].active_target_reg[11]_i_4/CO[3]
                         net (fo=3, routed)           1.211     2.155    system_i/soc/axi_interconnect_0/xbar/inst/gen_samd.crossbar_samd/gen_slave_slots[0].gen_si_write.si_transactor_aw/gen_multi_thread.aid_match_10
    SLICE_X5Y46          LUT5 (Prop_lut5_I0_O)        0.152     2.307 r  system_i/soc/axi_interconnect_0/xbar/inst/gen_samd.crossbar_samd/gen_slave_slots[0].gen_si_write.si_transactor_aw/gen_multi_thread.gen_thread_loop[7].active_target[59]_i_16__0/O
                         net (fo=1, routed)           0.521     2.828    system_i/soc/axi_interconnect_0/xbar/inst/gen_samd.crossbar_samd/gen_slave_slots[0].gen_si_write.si_transactor_aw/gen_multi_thread.gen_thread_loop[7].active_target[59]_i_16__0_n_0
    SLICE_X4Y46          LUT6 (Prop_lut6_I2_O)        0.332     3.160 r  system_i/soc/axi_interconnect_0/xbar/inst/gen_samd.crossbar_samd/gen_slave_slots[0].gen_si_write.si_transactor_aw/gen_multi_thread.gen_thread_loop[7].active_target[59]_i_5__0/O
                         net (fo=8, routed)           0.526     3.686    system_i/soc/axi_interconnect_0/xbar/inst/gen_samd.crossbar_samd/gen_slave_slots[0].gen_si_write.si_transactor_aw/gen_multi_thread.gen_thread_loop[7].active_target[59]_i_5__0_n_0
    SLICE_X2Y44          LUT6 (Prop_lut6_I4_O)        0.124     3.810 r  system_i/soc/axi_interconnect_0/xbar/inst/gen_samd.crossbar_samd/gen_slave_slots[0].gen_si_write.si_transactor_aw/gen_multi_thread.gen_thread_loop[2].active_target[19]_i_2__0/O
                         net (fo=19, routed)          0.452     4.262    system_i/soc/axi_interconnect_0/xbar/inst/gen_samd.crossbar_samd/gen_slave_slots[0].gen_si_write.si_transactor_aw/gen_multi_thread.arbiter_resp_inst/gen_multi_thread.gen_thread_loop[2].active_cnt_reg[18]
    SLICE_X4Y43          LUT4 (Prop_lut4_I0_O)        0.124     4.386 r  system_i/soc/axi_interconnect_0/xbar/inst/gen_samd.crossbar_samd/gen_slave_slots[0].gen_si_write.si_transactor_aw/gen_multi_thread.arbiter_resp_inst/gen_multi_thread.gen_thread_loop[2].active_cnt[19]_i_1__0/O
                         net (fo=4, routed)           0.333     4.719    system_i/soc/axi_interconnect_0/xbar/inst/gen_samd.crossbar_samd/gen_slave_slots[0].gen_si_write.si_transactor_aw/gen_multi_thread.arbiter_resp_inst_n_16
    SLICE_X3Y43          FDRE                                         r  system_i/soc/axi_interconnect_0/xbar/inst/gen_samd.crossbar_samd/gen_slave_slots[0].gen_si_write.si_transactor_aw/gen_multi_thread.gen_thread_loop[2].active_cnt_reg[19]/CE
  -------------------------------------------------------------------    -------------------

                         (clock clk_out1_system_pll_0_0 rise edge)
                                                      8.000     8.000 r  
    U18                                               0.000     8.000 r  adc_clk_p_i (IN)
                         net (fo=0)                   0.000     8.000    system_i/pll_0/inst/clk_in1_p
    U18                  IBUFDS (Prop_ibufds_I_O)     0.940     8.940 r  system_i/pll_0/inst/clkin1_ibufgds/O
                         net (fo=1, routed)           1.181    10.121    system_i/pll_0/inst/clk_in1_system_pll_0_0
    PLLE2_ADV_X0Y0       PLLE2_ADV (Prop_plle2_adv_CLKIN1_CLKOUT0)
                                                     -7.650     2.470 r  system_i/pll_0/inst/plle2_adv_inst/CLKOUT0
                         net (fo=1, routed)           1.594     4.065    system_i/pll_0/inst/clk_out1_system_pll_0_0
    BUFGCTRL_X0Y0        BUFG (Prop_bufg_I_O)         0.091     4.156 r  system_i/pll_0/inst/clkout1_buf/O
                         net (fo=5495, routed)        1.551     5.707    system_i/soc/axi_interconnect_0/xbar/inst/gen_samd.crossbar_samd/gen_slave_slots[0].gen_si_write.si_transactor_aw/aclk
    SLICE_X3Y43          FDRE                                         r  system_i/soc/axi_interconnect_0/xbar/inst/gen_samd.crossbar_samd/gen_slave_slots[0].gen_si_write.si_transactor_aw/gen_multi_thread.gen_thread_loop[2].active_cnt_reg[19]/C
                         clock pessimism             -0.430     5.277    
                         clock uncertainty           -0.069     5.208    
    SLICE_X3Y43          FDRE (Setup_fdre_C_CE)      -0.205     5.003    system_i/soc/axi_interconnect_0/xbar/inst/gen_samd.crossbar_samd/gen_slave_slots[0].gen_si_write.si_transactor_aw/gen_multi_thread.gen_thread_loop[2].active_cnt_reg[19]
  -------------------------------------------------------------------
                         required time                          5.003    
                         arrival time                          -4.719    
  -------------------------------------------------------------------
                         slack                                  0.284    

Slack (MET) :             0.289ns  (required time - arrival time)
  Source:                 system_i/soc/ps_0/inst/PS7_i/MAXIGP0ACLK
                            (rising edge-triggered cell PS7 clocked by clk_out1_system_pll_0_0  {rise@0.000ns fall@4.000ns period=8.000ns})
  Destination:            system_i/soc/axi_interconnect_0/xbar/inst/gen_samd.crossbar_samd/gen_slave_slots[0].gen_si_write.si_transactor_aw/gen_multi_thread.gen_thread_loop[6].active_cnt_reg[48]/CE
                            (rising edge-triggered cell FDRE clocked by clk_out1_system_pll_0_0  {rise@0.000ns fall@4.000ns period=8.000ns})
  Path Group:             clk_out1_system_pll_0_0
  Path Type:              Setup (Max at Slow Process Corner)
  Requirement:            8.000ns  (clk_out1_system_pll_0_0 rise@8.000ns - clk_out1_system_pll_0_0 rise@0.000ns)
  Data Path Delay:        7.339ns  (logic 2.842ns (38.723%)  route 4.497ns (61.277%))
  Logic Levels:           6  (CARRY4=1 LUT4=1 LUT5=2 LUT6=2)
  Clock Path Skew:        -0.098ns (DCD - SCD + CPR)
    Destination Clock Delay (DCD):    -2.292ns = ( 5.708 - 8.000 ) 
    Source Clock Delay      (SCD):    -2.624ns
    Clock Pessimism Removal (CPR):    -0.430ns
  Clock Uncertainty:      0.069ns  ((TSJ^2 + DJ^2)^1/2) / 2 + PE
    Total System Jitter     (TSJ):    0.071ns
    Discrete Jitter          (DJ):    0.119ns
    Phase Error              (PE):    0.000ns

    Location             Delay type                Incr(ns)  Path(ns)    Netlist Resource(s)
  -------------------------------------------------------------------    -------------------
                         (clock clk_out1_system_pll_0_0 rise edge)
                                                      0.000     0.000 r  
    U18                                               0.000     0.000 r  adc_clk_p_i (IN)
                         net (fo=0)                   0.000     0.000    system_i/pll_0/inst/clk_in1_p
    U18                  IBUFDS (Prop_ibufds_I_O)     0.983     0.983 r  system_i/pll_0/inst/clkin1_ibufgds/O
                         net (fo=1, routed)           1.306     2.289    system_i/pll_0/inst/clk_in1_system_pll_0_0
    PLLE2_ADV_X0Y0       PLLE2_ADV (Prop_plle2_adv_CLKIN1_CLKOUT0)
                                                     -8.533    -6.244 r  system_i/pll_0/inst/plle2_adv_inst/CLKOUT0
                         net (fo=1, routed)           1.754    -4.490    system_i/pll_0/inst/clk_out1_system_pll_0_0
    BUFGCTRL_X0Y0        BUFG (Prop_bufg_I_O)         0.101    -4.389 r  system_i/pll_0/inst/clkout1_buf/O
                         net (fo=5495, routed)        1.765    -2.624    system_i/soc/ps_0/inst/M_AXI_GP0_ACLK
    PS7_X0Y0             PS7                                          r  system_i/soc/ps_0/inst/PS7_i/MAXIGP0ACLK
  -------------------------------------------------------------------    -------------------
    PS7_X0Y0             PS7 (Prop_ps7_MAXIGP0ACLK_MAXIGP0AWID[3])
                                                      1.453    -1.171 r  system_i/soc/ps_0/inst/PS7_i/MAXIGP0AWID[3]
                         net (fo=17, routed)          1.458     0.287    system_i/soc/axi_interconnect_0/xbar/inst/gen_samd.crossbar_samd/gen_slave_slots[0].gen_si_write.si_transactor_aw/s_axi_awid[3]
    SLICE_X6Y46          LUT6 (Prop_lut6_I1_O)        0.124     0.411 r  system_i/soc/axi_interconnect_0/xbar/inst/gen_samd.crossbar_samd/gen_slave_slots[0].gen_si_write.si_transactor_aw/gen_multi_thread.gen_thread_loop[1].active_target[11]_i_7/O
                         net (fo=1, routed)           0.000     0.411    system_i/soc/axi_interconnect_0/xbar/inst/gen_samd.crossbar_samd/gen_slave_slots[0].gen_si_write.si_transactor_aw/gen_multi_thread.gen_thread_loop[1].active_target[11]_i_7_n_0
    SLICE_X6Y46          CARRY4 (Prop_carry4_S[1]_CO[3])
                                                      0.533     0.944 f  system_i/soc/axi_interconnect_0/xbar/inst/gen_samd.crossbar_samd/gen_slave_slots[0].gen_si_write.si_transactor_aw/gen_multi_thread.gen_thread_loop[1].active_target_reg[11]_i_4/CO[3]
                         net (fo=3, routed)           1.211     2.155    system_i/soc/axi_interconnect_0/xbar/inst/gen_samd.crossbar_samd/gen_slave_slots[0].gen_si_write.si_transactor_aw/gen_multi_thread.aid_match_10
    SLICE_X5Y46          LUT5 (Prop_lut5_I0_O)        0.152     2.307 r  system_i/soc/axi_interconnect_0/xbar/inst/gen_samd.crossbar_samd/gen_slave_slots[0].gen_si_write.si_transactor_aw/gen_multi_thread.gen_thread_loop[7].active_target[59]_i_16__0/O
                         net (fo=1, routed)           0.521     2.828    system_i/soc/axi_interconnect_0/xbar/inst/gen_samd.crossbar_samd/gen_slave_slots[0].gen_si_write.si_transactor_aw/gen_multi_thread.gen_thread_loop[7].active_target[59]_i_16__0_n_0
    SLICE_X4Y46          LUT6 (Prop_lut6_I2_O)        0.332     3.160 r  system_i/soc/axi_interconnect_0/xbar/inst/gen_samd.crossbar_samd/gen_slave_slots[0].gen_si_write.si_transactor_aw/gen_multi_thread.gen_thread_loop[7].active_target[59]_i_5__0/O
                         net (fo=8, routed)           0.470     3.630    system_i/soc/axi_interconnect_0/xbar/inst/gen_samd.crossbar_samd/gen_slave_slots[0].gen_si_write.si_transactor_aw/gen_multi_thread.gen_thread_loop[7].active_target[59]_i_5__0_n_0
    SLICE_X5Y47          LUT5 (Prop_lut5_I3_O)        0.124     3.754 r  system_i/soc/axi_interconnect_0/xbar/inst/gen_samd.crossbar_samd/gen_slave_slots[0].gen_si_write.si_transactor_aw/gen_multi_thread.gen_thread_loop[6].active_target[51]_i_1__0/O
                         net (fo=19, routed)          0.506     4.260    system_i/soc/axi_interconnect_0/xbar/inst/gen_samd.crossbar_samd/gen_slave_slots[0].gen_si_write.si_transactor_aw/gen_multi_thread.mux_resp_multi_thread/gen_multi_thread.cmd_push_6
    SLICE_X5Y47          LUT4 (Prop_lut4_I3_O)        0.124     4.384 r  system_i/soc/axi_interconnect_0/xbar/inst/gen_samd.crossbar_samd/gen_slave_slots[0].gen_si_write.si_transactor_aw/gen_multi_thread.mux_resp_multi_thread/gen_multi_thread.gen_thread_loop[6].active_cnt[51]_i_1__0/O
                         net (fo=4, routed)           0.331     4.715    system_i/soc/axi_interconnect_0/xbar/inst/gen_samd.crossbar_samd/gen_slave_slots[0].gen_si_write.si_transactor_aw/gen_multi_thread.mux_resp_multi_thread_n_17
    SLICE_X5Y48          FDRE                                         r  system_i/soc/axi_interconnect_0/xbar/inst/gen_samd.crossbar_samd/gen_slave_slots[0].gen_si_write.si_transactor_aw/gen_multi_thread.gen_thread_loop[6].active_cnt_reg[48]/CE
  -------------------------------------------------------------------    -------------------

                         (clock clk_out1_system_pll_0_0 rise edge)
                                                      8.000     8.000 r  
    U18                                               0.000     8.000 r  adc_clk_p_i (IN)
                         net (fo=0)                   0.000     8.000    system_i/pll_0/inst/clk_in1_p
    U18                  IBUFDS (Prop_ibufds_I_O)     0.940     8.940 r  system_i/pll_0/inst/clkin1_ibufgds/O
                         net (fo=1, routed)           1.181    10.121    system_i/pll_0/inst/clk_in1_system_pll_0_0
    PLLE2_ADV_X0Y0       PLLE2_ADV (Prop_plle2_adv_CLKIN1_CLKOUT0)
                                                     -7.650     2.470 r  system_i/pll_0/inst/plle2_adv_inst/CLKOUT0
                         net (fo=1, routed)           1.594     4.065    system_i/pll_0/inst/clk_out1_system_pll_0_0
    BUFGCTRL_X0Y0        BUFG (Prop_bufg_I_O)         0.091     4.156 r  system_i/pll_0/inst/clkout1_buf/O
                         net (fo=5495, routed)        1.552     5.708    system_i/soc/axi_interconnect_0/xbar/inst/gen_samd.crossbar_samd/gen_slave_slots[0].gen_si_write.si_transactor_aw/aclk
    SLICE_X5Y48          FDRE                                         r  system_i/soc/axi_interconnect_0/xbar/inst/gen_samd.crossbar_samd/gen_slave_slots[0].gen_si_write.si_transactor_aw/gen_multi_thread.gen_thread_loop[6].active_cnt_reg[48]/C
                         clock pessimism             -0.430     5.278    
                         clock uncertainty           -0.069     5.209    
    SLICE_X5Y48          FDRE (Setup_fdre_C_CE)      -0.205     5.004    system_i/soc/axi_interconnect_0/xbar/inst/gen_samd.crossbar_samd/gen_slave_slots[0].gen_si_write.si_transactor_aw/gen_multi_thread.gen_thread_loop[6].active_cnt_reg[48]
  -------------------------------------------------------------------
                         required time                          5.004    
                         arrival time                          -4.715    
  -------------------------------------------------------------------
                         slack                                  0.289    

Slack (MET) :             0.289ns  (required time - arrival time)
  Source:                 system_i/soc/ps_0/inst/PS7_i/MAXIGP0ACLK
                            (rising edge-triggered cell PS7 clocked by clk_out1_system_pll_0_0  {rise@0.000ns fall@4.000ns period=8.000ns})
  Destination:            system_i/soc/axi_interconnect_0/xbar/inst/gen_samd.crossbar_samd/gen_slave_slots[0].gen_si_write.si_transactor_aw/gen_multi_thread.gen_thread_loop[6].active_cnt_reg[49]/CE
                            (rising edge-triggered cell FDRE clocked by clk_out1_system_pll_0_0  {rise@0.000ns fall@4.000ns period=8.000ns})
  Path Group:             clk_out1_system_pll_0_0
  Path Type:              Setup (Max at Slow Process Corner)
  Requirement:            8.000ns  (clk_out1_system_pll_0_0 rise@8.000ns - clk_out1_system_pll_0_0 rise@0.000ns)
  Data Path Delay:        7.339ns  (logic 2.842ns (38.723%)  route 4.497ns (61.277%))
  Logic Levels:           6  (CARRY4=1 LUT4=1 LUT5=2 LUT6=2)
  Clock Path Skew:        -0.098ns (DCD - SCD + CPR)
    Destination Clock Delay (DCD):    -2.292ns = ( 5.708 - 8.000 ) 
    Source Clock Delay      (SCD):    -2.624ns
    Clock Pessimism Removal (CPR):    -0.430ns
  Clock Uncertainty:      0.069ns  ((TSJ^2 + DJ^2)^1/2) / 2 + PE
    Total System Jitter     (TSJ):    0.071ns
    Discrete Jitter          (DJ):    0.119ns
    Phase Error              (PE):    0.000ns

    Location             Delay type                Incr(ns)  Path(ns)    Netlist Resource(s)
  -------------------------------------------------------------------    -------------------
                         (clock clk_out1_system_pll_0_0 rise edge)
                                                      0.000     0.000 r  
    U18                                               0.000     0.000 r  adc_clk_p_i (IN)
                         net (fo=0)                   0.000     0.000    system_i/pll_0/inst/clk_in1_p
    U18                  IBUFDS (Prop_ibufds_I_O)     0.983     0.983 r  system_i/pll_0/inst/clkin1_ibufgds/O
                         net (fo=1, routed)           1.306     2.289    system_i/pll_0/inst/clk_in1_system_pll_0_0
    PLLE2_ADV_X0Y0       PLLE2_ADV (Prop_plle2_adv_CLKIN1_CLKOUT0)
                                                     -8.533    -6.244 r  system_i/pll_0/inst/plle2_adv_inst/CLKOUT0
                         net (fo=1, routed)           1.754    -4.490    system_i/pll_0/inst/clk_out1_system_pll_0_0
    BUFGCTRL_X0Y0        BUFG (Prop_bufg_I_O)         0.101    -4.389 r  system_i/pll_0/inst/clkout1_buf/O
                         net (fo=5495, routed)        1.765    -2.624    system_i/soc/ps_0/inst/M_AXI_GP0_ACLK
    PS7_X0Y0             PS7                                          r  system_i/soc/ps_0/inst/PS7_i/MAXIGP0ACLK
  -------------------------------------------------------------------    -------------------
    PS7_X0Y0             PS7 (Prop_ps7_MAXIGP0ACLK_MAXIGP0AWID[3])
                                                      1.453    -1.171 r  system_i/soc/ps_0/inst/PS7_i/MAXIGP0AWID[3]
                         net (fo=17, routed)          1.458     0.287    system_i/soc/axi_interconnect_0/xbar/inst/gen_samd.crossbar_samd/gen_slave_slots[0].gen_si_write.si_transactor_aw/s_axi_awid[3]
    SLICE_X6Y46          LUT6 (Prop_lut6_I1_O)        0.124     0.411 r  system_i/soc/axi_interconnect_0/xbar/inst/gen_samd.crossbar_samd/gen_slave_slots[0].gen_si_write.si_transactor_aw/gen_multi_thread.gen_thread_loop[1].active_target[11]_i_7/O
                         net (fo=1, routed)           0.000     0.411    system_i/soc/axi_interconnect_0/xbar/inst/gen_samd.crossbar_samd/gen_slave_slots[0].gen_si_write.si_transactor_aw/gen_multi_thread.gen_thread_loop[1].active_target[11]_i_7_n_0
    SLICE_X6Y46          CARRY4 (Prop_carry4_S[1]_CO[3])
                                                      0.533     0.944 f  system_i/soc/axi_interconnect_0/xbar/inst/gen_samd.crossbar_samd/gen_slave_slots[0].gen_si_write.si_transactor_aw/gen_multi_thread.gen_thread_loop[1].active_target_reg[11]_i_4/CO[3]
                         net (fo=3, routed)           1.211     2.155    system_i/soc/axi_interconnect_0/xbar/inst/gen_samd.crossbar_samd/gen_slave_slots[0].gen_si_write.si_transactor_aw/gen_multi_thread.aid_match_10
    SLICE_X5Y46          LUT5 (Prop_lut5_I0_O)        0.152     2.307 r  system_i/soc/axi_interconnect_0/xbar/inst/gen_samd.crossbar_samd/gen_slave_slots[0].gen_si_write.si_transactor_aw/gen_multi_thread.gen_thread_loop[7].active_target[59]_i_16__0/O
                         net (fo=1, routed)           0.521     2.828    system_i/soc/axi_interconnect_0/xbar/inst/gen_samd.crossbar_samd/gen_slave_slots[0].gen_si_write.si_transactor_aw/gen_multi_thread.gen_thread_loop[7].active_target[59]_i_16__0_n_0
    SLICE_X4Y46          LUT6 (Prop_lut6_I2_O)        0.332     3.160 r  system_i/soc/axi_interconnect_0/xbar/inst/gen_samd.crossbar_samd/gen_slave_slots[0].gen_si_write.si_transactor_aw/gen_multi_thread.gen_thread_loop[7].active_target[59]_i_5__0/O
                         net (fo=8, routed)           0.470     3.630    system_i/soc/axi_interconnect_0/xbar/inst/gen_samd.crossbar_samd/gen_slave_slots[0].gen_si_write.si_transactor_aw/gen_multi_thread.gen_thread_loop[7].active_target[59]_i_5__0_n_0
    SLICE_X5Y47          LUT5 (Prop_lut5_I3_O)        0.124     3.754 r  system_i/soc/axi_interconnect_0/xbar/inst/gen_samd.crossbar_samd/gen_slave_slots[0].gen_si_write.si_transactor_aw/gen_multi_thread.gen_thread_loop[6].active_target[51]_i_1__0/O
                         net (fo=19, routed)          0.506     4.260    system_i/soc/axi_interconnect_0/xbar/inst/gen_samd.crossbar_samd/gen_slave_slots[0].gen_si_write.si_transactor_aw/gen_multi_thread.mux_resp_multi_thread/gen_multi_thread.cmd_push_6
    SLICE_X5Y47          LUT4 (Prop_lut4_I3_O)        0.124     4.384 r  system_i/soc/axi_interconnect_0/xbar/inst/gen_samd.crossbar_samd/gen_slave_slots[0].gen_si_write.si_transactor_aw/gen_multi_thread.mux_resp_multi_thread/gen_multi_thread.gen_thread_loop[6].active_cnt[51]_i_1__0/O
                         net (fo=4, routed)           0.331     4.715    system_i/soc/axi_interconnect_0/xbar/inst/gen_samd.crossbar_samd/gen_slave_slots[0].gen_si_write.si_transactor_aw/gen_multi_thread.mux_resp_multi_thread_n_17
    SLICE_X5Y48          FDRE                                         r  system_i/soc/axi_interconnect_0/xbar/inst/gen_samd.crossbar_samd/gen_slave_slots[0].gen_si_write.si_transactor_aw/gen_multi_thread.gen_thread_loop[6].active_cnt_reg[49]/CE
  -------------------------------------------------------------------    -------------------

                         (clock clk_out1_system_pll_0_0 rise edge)
                                                      8.000     8.000 r  
    U18                                               0.000     8.000 r  adc_clk_p_i (IN)
                         net (fo=0)                   0.000     8.000    system_i/pll_0/inst/clk_in1_p
    U18                  IBUFDS (Prop_ibufds_I_O)     0.940     8.940 r  system_i/pll_0/inst/clkin1_ibufgds/O
                         net (fo=1, routed)           1.181    10.121    system_i/pll_0/inst/clk_in1_system_pll_0_0
    PLLE2_ADV_X0Y0       PLLE2_ADV (Prop_plle2_adv_CLKIN1_CLKOUT0)
                                                     -7.650     2.470 r  system_i/pll_0/inst/plle2_adv_inst/CLKOUT0
                         net (fo=1, routed)           1.594     4.065    system_i/pll_0/inst/clk_out1_system_pll_0_0
    BUFGCTRL_X0Y0        BUFG (Prop_bufg_I_O)         0.091     4.156 r  system_i/pll_0/inst/clkout1_buf/O
                         net (fo=5495, routed)        1.552     5.708    system_i/soc/axi_interconnect_0/xbar/inst/gen_samd.crossbar_samd/gen_slave_slots[0].gen_si_write.si_transactor_aw/aclk
    SLICE_X5Y48          FDRE                                         r  system_i/soc/axi_interconnect_0/xbar/inst/gen_samd.crossbar_samd/gen_slave_slots[0].gen_si_write.si_transactor_aw/gen_multi_thread.gen_thread_loop[6].active_cnt_reg[49]/C
                         clock pessimism             -0.430     5.278    
                         clock uncertainty           -0.069     5.209    
    SLICE_X5Y48          FDRE (Setup_fdre_C_CE)      -0.205     5.004    system_i/soc/axi_interconnect_0/xbar/inst/gen_samd.crossbar_samd/gen_slave_slots[0].gen_si_write.si_transactor_aw/gen_multi_thread.gen_thread_loop[6].active_cnt_reg[49]
  -------------------------------------------------------------------
                         required time                          5.004    
                         arrival time                          -4.715    
  -------------------------------------------------------------------
                         slack                                  0.289    

Slack (MET) :             0.289ns  (required time - arrival time)
  Source:                 system_i/soc/ps_0/inst/PS7_i/MAXIGP0ACLK
                            (rising edge-triggered cell PS7 clocked by clk_out1_system_pll_0_0  {rise@0.000ns fall@4.000ns period=8.000ns})
  Destination:            system_i/soc/axi_interconnect_0/xbar/inst/gen_samd.crossbar_samd/gen_slave_slots[0].gen_si_write.si_transactor_aw/gen_multi_thread.gen_thread_loop[6].active_cnt_reg[50]/CE
                            (rising edge-triggered cell FDRE clocked by clk_out1_system_pll_0_0  {rise@0.000ns fall@4.000ns period=8.000ns})
  Path Group:             clk_out1_system_pll_0_0
  Path Type:              Setup (Max at Slow Process Corner)
  Requirement:            8.000ns  (clk_out1_system_pll_0_0 rise@8.000ns - clk_out1_system_pll_0_0 rise@0.000ns)
  Data Path Delay:        7.339ns  (logic 2.842ns (38.723%)  route 4.497ns (61.277%))
  Logic Levels:           6  (CARRY4=1 LUT4=1 LUT5=2 LUT6=2)
  Clock Path Skew:        -0.098ns (DCD - SCD + CPR)
    Destination Clock Delay (DCD):    -2.292ns = ( 5.708 - 8.000 ) 
    Source Clock Delay      (SCD):    -2.624ns
    Clock Pessimism Removal (CPR):    -0.430ns
  Clock Uncertainty:      0.069ns  ((TSJ^2 + DJ^2)^1/2) / 2 + PE
    Total System Jitter     (TSJ):    0.071ns
    Discrete Jitter          (DJ):    0.119ns
    Phase Error              (PE):    0.000ns

    Location             Delay type                Incr(ns)  Path(ns)    Netlist Resource(s)
  -------------------------------------------------------------------    -------------------
                         (clock clk_out1_system_pll_0_0 rise edge)
                                                      0.000     0.000 r  
    U18                                               0.000     0.000 r  adc_clk_p_i (IN)
                         net (fo=0)                   0.000     0.000    system_i/pll_0/inst/clk_in1_p
    U18                  IBUFDS (Prop_ibufds_I_O)     0.983     0.983 r  system_i/pll_0/inst/clkin1_ibufgds/O
                         net (fo=1, routed)           1.306     2.289    system_i/pll_0/inst/clk_in1_system_pll_0_0
    PLLE2_ADV_X0Y0       PLLE2_ADV (Prop_plle2_adv_CLKIN1_CLKOUT0)
                                                     -8.533    -6.244 r  system_i/pll_0/inst/plle2_adv_inst/CLKOUT0
                         net (fo=1, routed)           1.754    -4.490    system_i/pll_0/inst/clk_out1_system_pll_0_0
    BUFGCTRL_X0Y0        BUFG (Prop_bufg_I_O)         0.101    -4.389 r  system_i/pll_0/inst/clkout1_buf/O
                         net (fo=5495, routed)        1.765    -2.624    system_i/soc/ps_0/inst/M_AXI_GP0_ACLK
    PS7_X0Y0             PS7                                          r  system_i/soc/ps_0/inst/PS7_i/MAXIGP0ACLK
  -------------------------------------------------------------------    -------------------
    PS7_X0Y0             PS7 (Prop_ps7_MAXIGP0ACLK_MAXIGP0AWID[3])
                                                      1.453    -1.171 r  system_i/soc/ps_0/inst/PS7_i/MAXIGP0AWID[3]
                         net (fo=17, routed)          1.458     0.287    system_i/soc/axi_interconnect_0/xbar/inst/gen_samd.crossbar_samd/gen_slave_slots[0].gen_si_write.si_transactor_aw/s_axi_awid[3]
    SLICE_X6Y46          LUT6 (Prop_lut6_I1_O)        0.124     0.411 r  system_i/soc/axi_interconnect_0/xbar/inst/gen_samd.crossbar_samd/gen_slave_slots[0].gen_si_write.si_transactor_aw/gen_multi_thread.gen_thread_loop[1].active_target[11]_i_7/O
                         net (fo=1, routed)           0.000     0.411    system_i/soc/axi_interconnect_0/xbar/inst/gen_samd.crossbar_samd/gen_slave_slots[0].gen_si_write.si_transactor_aw/gen_multi_thread.gen_thread_loop[1].active_target[11]_i_7_n_0
    SLICE_X6Y46          CARRY4 (Prop_carry4_S[1]_CO[3])
                                                      0.533     0.944 f  system_i/soc/axi_interconnect_0/xbar/inst/gen_samd.crossbar_samd/gen_slave_slots[0].gen_si_write.si_transactor_aw/gen_multi_thread.gen_thread_loop[1].active_target_reg[11]_i_4/CO[3]
                         net (fo=3, routed)           1.211     2.155    system_i/soc/axi_interconnect_0/xbar/inst/gen_samd.crossbar_samd/gen_slave_slots[0].gen_si_write.si_transactor_aw/gen_multi_thread.aid_match_10
    SLICE_X5Y46          LUT5 (Prop_lut5_I0_O)        0.152     2.307 r  system_i/soc/axi_interconnect_0/xbar/inst/gen_samd.crossbar_samd/gen_slave_slots[0].gen_si_write.si_transactor_aw/gen_multi_thread.gen_thread_loop[7].active_target[59]_i_16__0/O
                         net (fo=1, routed)           0.521     2.828    system_i/soc/axi_interconnect_0/xbar/inst/gen_samd.crossbar_samd/gen_slave_slots[0].gen_si_write.si_transactor_aw/gen_multi_thread.gen_thread_loop[7].active_target[59]_i_16__0_n_0
    SLICE_X4Y46          LUT6 (Prop_lut6_I2_O)        0.332     3.160 r  system_i/soc/axi_interconnect_0/xbar/inst/gen_samd.crossbar_samd/gen_slave_slots[0].gen_si_write.si_transactor_aw/gen_multi_thread.gen_thread_loop[7].active_target[59]_i_5__0/O
                         net (fo=8, routed)           0.470     3.630    system_i/soc/axi_interconnect_0/xbar/inst/gen_samd.crossbar_samd/gen_slave_slots[0].gen_si_write.si_transactor_aw/gen_multi_thread.gen_thread_loop[7].active_target[59]_i_5__0_n_0
    SLICE_X5Y47          LUT5 (Prop_lut5_I3_O)        0.124     3.754 r  system_i/soc/axi_interconnect_0/xbar/inst/gen_samd.crossbar_samd/gen_slave_slots[0].gen_si_write.si_transactor_aw/gen_multi_thread.gen_thread_loop[6].active_target[51]_i_1__0/O
                         net (fo=19, routed)          0.506     4.260    system_i/soc/axi_interconnect_0/xbar/inst/gen_samd.crossbar_samd/gen_slave_slots[0].gen_si_write.si_transactor_aw/gen_multi_thread.mux_resp_multi_thread/gen_multi_thread.cmd_push_6
    SLICE_X5Y47          LUT4 (Prop_lut4_I3_O)        0.124     4.384 r  system_i/soc/axi_interconnect_0/xbar/inst/gen_samd.crossbar_samd/gen_slave_slots[0].gen_si_write.si_transactor_aw/gen_multi_thread.mux_resp_multi_thread/gen_multi_thread.gen_thread_loop[6].active_cnt[51]_i_1__0/O
                         net (fo=4, routed)           0.331     4.715    system_i/soc/axi_interconnect_0/xbar/inst/gen_samd.crossbar_samd/gen_slave_slots[0].gen_si_write.si_transactor_aw/gen_multi_thread.mux_resp_multi_thread_n_17
    SLICE_X5Y48          FDRE                                         r  system_i/soc/axi_interconnect_0/xbar/inst/gen_samd.crossbar_samd/gen_slave_slots[0].gen_si_write.si_transactor_aw/gen_multi_thread.gen_thread_loop[6].active_cnt_reg[50]/CE
  -------------------------------------------------------------------    -------------------

                         (clock clk_out1_system_pll_0_0 rise edge)
                                                      8.000     8.000 r  
    U18                                               0.000     8.000 r  adc_clk_p_i (IN)
                         net (fo=0)                   0.000     8.000    system_i/pll_0/inst/clk_in1_p
    U18                  IBUFDS (Prop_ibufds_I_O)     0.940     8.940 r  system_i/pll_0/inst/clkin1_ibufgds/O
                         net (fo=1, routed)           1.181    10.121    system_i/pll_0/inst/clk_in1_system_pll_0_0
    PLLE2_ADV_X0Y0       PLLE2_ADV (Prop_plle2_adv_CLKIN1_CLKOUT0)
                                                     -7.650     2.470 r  system_i/pll_0/inst/plle2_adv_inst/CLKOUT0
                         net (fo=1, routed)           1.594     4.065    system_i/pll_0/inst/clk_out1_system_pll_0_0
    BUFGCTRL_X0Y0        BUFG (Prop_bufg_I_O)         0.091     4.156 r  system_i/pll_0/inst/clkout1_buf/O
                         net (fo=5495, routed)        1.552     5.708    system_i/soc/axi_interconnect_0/xbar/inst/gen_samd.crossbar_samd/gen_slave_slots[0].gen_si_write.si_transactor_aw/aclk
    SLICE_X5Y48          FDRE                                         r  system_i/soc/axi_interconnect_0/xbar/inst/gen_samd.crossbar_samd/gen_slave_slots[0].gen_si_write.si_transactor_aw/gen_multi_thread.gen_thread_loop[6].active_cnt_reg[50]/C
                         clock pessimism             -0.430     5.278    
                         clock uncertainty           -0.069     5.209    
    SLICE_X5Y48          FDRE (Setup_fdre_C_CE)      -0.205     5.004    system_i/soc/axi_interconnect_0/xbar/inst/gen_samd.crossbar_samd/gen_slave_slots[0].gen_si_write.si_transactor_aw/gen_multi_thread.gen_thread_loop[6].active_cnt_reg[50]
  -------------------------------------------------------------------
                         required time                          5.004    
                         arrival time                          -4.715    
  -------------------------------------------------------------------
                         slack                                  0.289    

Slack (MET) :             0.289ns  (required time - arrival time)
  Source:                 system_i/soc/ps_0/inst/PS7_i/MAXIGP0ACLK
                            (rising edge-triggered cell PS7 clocked by clk_out1_system_pll_0_0  {rise@0.000ns fall@4.000ns period=8.000ns})
  Destination:            system_i/soc/axi_interconnect_0/xbar/inst/gen_samd.crossbar_samd/gen_slave_slots[0].gen_si_write.si_transactor_aw/gen_multi_thread.gen_thread_loop[6].active_cnt_reg[51]/CE
                            (rising edge-triggered cell FDRE clocked by clk_out1_system_pll_0_0  {rise@0.000ns fall@4.000ns period=8.000ns})
  Path Group:             clk_out1_system_pll_0_0
  Path Type:              Setup (Max at Slow Process Corner)
  Requirement:            8.000ns  (clk_out1_system_pll_0_0 rise@8.000ns - clk_out1_system_pll_0_0 rise@0.000ns)
  Data Path Delay:        7.339ns  (logic 2.842ns (38.723%)  route 4.497ns (61.277%))
  Logic Levels:           6  (CARRY4=1 LUT4=1 LUT5=2 LUT6=2)
  Clock Path Skew:        -0.098ns (DCD - SCD + CPR)
    Destination Clock Delay (DCD):    -2.292ns = ( 5.708 - 8.000 ) 
    Source Clock Delay      (SCD):    -2.624ns
    Clock Pessimism Removal (CPR):    -0.430ns
  Clock Uncertainty:      0.069ns  ((TSJ^2 + DJ^2)^1/2) / 2 + PE
    Total System Jitter     (TSJ):    0.071ns
    Discrete Jitter          (DJ):    0.119ns
    Phase Error              (PE):    0.000ns

    Location             Delay type                Incr(ns)  Path(ns)    Netlist Resource(s)
  -------------------------------------------------------------------    -------------------
                         (clock clk_out1_system_pll_0_0 rise edge)
                                                      0.000     0.000 r  
    U18                                               0.000     0.000 r  adc_clk_p_i (IN)
                         net (fo=0)                   0.000     0.000    system_i/pll_0/inst/clk_in1_p
    U18                  IBUFDS (Prop_ibufds_I_O)     0.983     0.983 r  system_i/pll_0/inst/clkin1_ibufgds/O
                         net (fo=1, routed)           1.306     2.289    system_i/pll_0/inst/clk_in1_system_pll_0_0
    PLLE2_ADV_X0Y0       PLLE2_ADV (Prop_plle2_adv_CLKIN1_CLKOUT0)
                                                     -8.533    -6.244 r  system_i/pll_0/inst/plle2_adv_inst/CLKOUT0
                         net (fo=1, routed)           1.754    -4.490    system_i/pll_0/inst/clk_out1_system_pll_0_0
    BUFGCTRL_X0Y0        BUFG (Prop_bufg_I_O)         0.101    -4.389 r  system_i/pll_0/inst/clkout1_buf/O
                         net (fo=5495, routed)        1.765    -2.624    system_i/soc/ps_0/inst/M_AXI_GP0_ACLK
    PS7_X0Y0             PS7                                          r  system_i/soc/ps_0/inst/PS7_i/MAXIGP0ACLK
  -------------------------------------------------------------------    -------------------
    PS7_X0Y0             PS7 (Prop_ps7_MAXIGP0ACLK_MAXIGP0AWID[3])
                                                      1.453    -1.171 r  system_i/soc/ps_0/inst/PS7_i/MAXIGP0AWID[3]
                         net (fo=17, routed)          1.458     0.287    system_i/soc/axi_interconnect_0/xbar/inst/gen_samd.crossbar_samd/gen_slave_slots[0].gen_si_write.si_transactor_aw/s_axi_awid[3]
    SLICE_X6Y46          LUT6 (Prop_lut6_I1_O)        0.124     0.411 r  system_i/soc/axi_interconnect_0/xbar/inst/gen_samd.crossbar_samd/gen_slave_slots[0].gen_si_write.si_transactor_aw/gen_multi_thread.gen_thread_loop[1].active_target[11]_i_7/O
                         net (fo=1, routed)           0.000     0.411    system_i/soc/axi_interconnect_0/xbar/inst/gen_samd.crossbar_samd/gen_slave_slots[0].gen_si_write.si_transactor_aw/gen_multi_thread.gen_thread_loop[1].active_target[11]_i_7_n_0
    SLICE_X6Y46          CARRY4 (Prop_carry4_S[1]_CO[3])
                                                      0.533     0.944 f  system_i/soc/axi_interconnect_0/xbar/inst/gen_samd.crossbar_samd/gen_slave_slots[0].gen_si_write.si_transactor_aw/gen_multi_thread.gen_thread_loop[1].active_target_reg[11]_i_4/CO[3]
                         net (fo=3, routed)           1.211     2.155    system_i/soc/axi_interconnect_0/xbar/inst/gen_samd.crossbar_samd/gen_slave_slots[0].gen_si_write.si_transactor_aw/gen_multi_thread.aid_match_10
    SLICE_X5Y46          LUT5 (Prop_lut5_I0_O)        0.152     2.307 r  system_i/soc/axi_interconnect_0/xbar/inst/gen_samd.crossbar_samd/gen_slave_slots[0].gen_si_write.si_transactor_aw/gen_multi_thread.gen_thread_loop[7].active_target[59]_i_16__0/O
                         net (fo=1, routed)           0.521     2.828    system_i/soc/axi_interconnect_0/xbar/inst/gen_samd.crossbar_samd/gen_slave_slots[0].gen_si_write.si_transactor_aw/gen_multi_thread.gen_thread_loop[7].active_target[59]_i_16__0_n_0
    SLICE_X4Y46          LUT6 (Prop_lut6_I2_O)        0.332     3.160 r  system_i/soc/axi_interconnect_0/xbar/inst/gen_samd.crossbar_samd/gen_slave_slots[0].gen_si_write.si_transactor_aw/gen_multi_thread.gen_thread_loop[7].active_target[59]_i_5__0/O
                         net (fo=8, routed)           0.470     3.630    system_i/soc/axi_interconnect_0/xbar/inst/gen_samd.crossbar_samd/gen_slave_slots[0].gen_si_write.si_transactor_aw/gen_multi_thread.gen_thread_loop[7].active_target[59]_i_5__0_n_0
    SLICE_X5Y47          LUT5 (Prop_lut5_I3_O)        0.124     3.754 r  system_i/soc/axi_interconnect_0/xbar/inst/gen_samd.crossbar_samd/gen_slave_slots[0].gen_si_write.si_transactor_aw/gen_multi_thread.gen_thread_loop[6].active_target[51]_i_1__0/O
                         net (fo=19, routed)          0.506     4.260    system_i/soc/axi_interconnect_0/xbar/inst/gen_samd.crossbar_samd/gen_slave_slots[0].gen_si_write.si_transactor_aw/gen_multi_thread.mux_resp_multi_thread/gen_multi_thread.cmd_push_6
    SLICE_X5Y47          LUT4 (Prop_lut4_I3_O)        0.124     4.384 r  system_i/soc/axi_interconnect_0/xbar/inst/gen_samd.crossbar_samd/gen_slave_slots[0].gen_si_write.si_transactor_aw/gen_multi_thread.mux_resp_multi_thread/gen_multi_thread.gen_thread_loop[6].active_cnt[51]_i_1__0/O
                         net (fo=4, routed)           0.331     4.715    system_i/soc/axi_interconnect_0/xbar/inst/gen_samd.crossbar_samd/gen_slave_slots[0].gen_si_write.si_transactor_aw/gen_multi_thread.mux_resp_multi_thread_n_17
    SLICE_X5Y48          FDRE                                         r  system_i/soc/axi_interconnect_0/xbar/inst/gen_samd.crossbar_samd/gen_slave_slots[0].gen_si_write.si_transactor_aw/gen_multi_thread.gen_thread_loop[6].active_cnt_reg[51]/CE
  -------------------------------------------------------------------    -------------------

                         (clock clk_out1_system_pll_0_0 rise edge)
                                                      8.000     8.000 r  
    U18                                               0.000     8.000 r  adc_clk_p_i (IN)
                         net (fo=0)                   0.000     8.000    system_i/pll_0/inst/clk_in1_p
    U18                  IBUFDS (Prop_ibufds_I_O)     0.940     8.940 r  system_i/pll_0/inst/clkin1_ibufgds/O
                         net (fo=1, routed)           1.181    10.121    system_i/pll_0/inst/clk_in1_system_pll_0_0
    PLLE2_ADV_X0Y0       PLLE2_ADV (Prop_plle2_adv_CLKIN1_CLKOUT0)
                                                     -7.650     2.470 r  system_i/pll_0/inst/plle2_adv_inst/CLKOUT0
                         net (fo=1, routed)           1.594     4.065    system_i/pll_0/inst/clk_out1_system_pll_0_0
    BUFGCTRL_X0Y0        BUFG (Prop_bufg_I_O)         0.091     4.156 r  system_i/pll_0/inst/clkout1_buf/O
                         net (fo=5495, routed)        1.552     5.708    system_i/soc/axi_interconnect_0/xbar/inst/gen_samd.crossbar_samd/gen_slave_slots[0].gen_si_write.si_transactor_aw/aclk
    SLICE_X5Y48          FDRE                                         r  system_i/soc/axi_interconnect_0/xbar/inst/gen_samd.crossbar_samd/gen_slave_slots[0].gen_si_write.si_transactor_aw/gen_multi_thread.gen_thread_loop[6].active_cnt_reg[51]/C
                         clock pessimism             -0.430     5.278    
                         clock uncertainty           -0.069     5.209    
    SLICE_X5Y48          FDRE (Setup_fdre_C_CE)      -0.205     5.004    system_i/soc/axi_interconnect_0/xbar/inst/gen_samd.crossbar_samd/gen_slave_slots[0].gen_si_write.si_transactor_aw/gen_multi_thread.gen_thread_loop[6].active_cnt_reg[51]
  -------------------------------------------------------------------
                         required time                          5.004    
                         arrival time                          -4.715    
  -------------------------------------------------------------------
                         slack                                  0.289    

Slack (MET) :             0.301ns  (required time - arrival time)
  Source:                 system_i/soc/ps_0/inst/PS7_i/MAXIGP0ACLK
                            (rising edge-triggered cell PS7 clocked by clk_out1_system_pll_0_0  {rise@0.000ns fall@4.000ns period=8.000ns})
  Destination:            system_i/soc/axi_interconnect_0/xbar/inst/gen_samd.crossbar_samd/gen_slave_slots[0].gen_si_write.si_transactor_aw/gen_multi_thread.gen_thread_loop[7].active_cnt_reg[56]/CE
                            (rising edge-triggered cell FDRE clocked by clk_out1_system_pll_0_0  {rise@0.000ns fall@4.000ns period=8.000ns})
  Path Group:             clk_out1_system_pll_0_0
  Path Type:              Setup (Max at Slow Process Corner)
  Requirement:            8.000ns  (clk_out1_system_pll_0_0 rise@8.000ns - clk_out1_system_pll_0_0 rise@0.000ns)
  Data Path Delay:        7.325ns  (logic 2.842ns (38.797%)  route 4.483ns (61.203%))
  Logic Levels:           6  (CARRY4=1 LUT4=1 LUT5=1 LUT6=3)
  Clock Path Skew:        -0.099ns (DCD - SCD + CPR)
    Destination Clock Delay (DCD):    -2.293ns = ( 5.707 - 8.000 ) 
    Source Clock Delay      (SCD):    -2.624ns
    Clock Pessimism Removal (CPR):    -0.430ns
  Clock Uncertainty:      0.069ns  ((TSJ^2 + DJ^2)^1/2) / 2 + PE
    Total System Jitter     (TSJ):    0.071ns
    Discrete Jitter          (DJ):    0.119ns
    Phase Error              (PE):    0.000ns

    Location             Delay type                Incr(ns)  Path(ns)    Netlist Resource(s)
  -------------------------------------------------------------------    -------------------
                         (clock clk_out1_system_pll_0_0 rise edge)
                                                      0.000     0.000 r  
    U18                                               0.000     0.000 r  adc_clk_p_i (IN)
                         net (fo=0)                   0.000     0.000    system_i/pll_0/inst/clk_in1_p
    U18                  IBUFDS (Prop_ibufds_I_O)     0.983     0.983 r  system_i/pll_0/inst/clkin1_ibufgds/O
                         net (fo=1, routed)           1.306     2.289    system_i/pll_0/inst/clk_in1_system_pll_0_0
    PLLE2_ADV_X0Y0       PLLE2_ADV (Prop_plle2_adv_CLKIN1_CLKOUT0)
                                                     -8.533    -6.244 r  system_i/pll_0/inst/plle2_adv_inst/CLKOUT0
                         net (fo=1, routed)           1.754    -4.490    system_i/pll_0/inst/clk_out1_system_pll_0_0
    BUFGCTRL_X0Y0        BUFG (Prop_bufg_I_O)         0.101    -4.389 r  system_i/pll_0/inst/clkout1_buf/O
                         net (fo=5495, routed)        1.765    -2.624    system_i/soc/ps_0/inst/M_AXI_GP0_ACLK
    PS7_X0Y0             PS7                                          r  system_i/soc/ps_0/inst/PS7_i/MAXIGP0ACLK
  -------------------------------------------------------------------    -------------------
    PS7_X0Y0             PS7 (Prop_ps7_MAXIGP0ACLK_MAXIGP0AWID[3])
                                                      1.453    -1.171 r  system_i/soc/ps_0/inst/PS7_i/MAXIGP0AWID[3]
                         net (fo=17, routed)          1.458     0.287    system_i/soc/axi_interconnect_0/xbar/inst/gen_samd.crossbar_samd/gen_slave_slots[0].gen_si_write.si_transactor_aw/s_axi_awid[3]
    SLICE_X6Y46          LUT6 (Prop_lut6_I1_O)        0.124     0.411 r  system_i/soc/axi_interconnect_0/xbar/inst/gen_samd.crossbar_samd/gen_slave_slots[0].gen_si_write.si_transactor_aw/gen_multi_thread.gen_thread_loop[1].active_target[11]_i_7/O
                         net (fo=1, routed)           0.000     0.411    system_i/soc/axi_interconnect_0/xbar/inst/gen_samd.crossbar_samd/gen_slave_slots[0].gen_si_write.si_transactor_aw/gen_multi_thread.gen_thread_loop[1].active_target[11]_i_7_n_0
    SLICE_X6Y46          CARRY4 (Prop_carry4_S[1]_CO[3])
                                                      0.533     0.944 f  system_i/soc/axi_interconnect_0/xbar/inst/gen_samd.crossbar_samd/gen_slave_slots[0].gen_si_write.si_transactor_aw/gen_multi_thread.gen_thread_loop[1].active_target_reg[11]_i_4/CO[3]
                         net (fo=3, routed)           1.211     2.155    system_i/soc/axi_interconnect_0/xbar/inst/gen_samd.crossbar_samd/gen_slave_slots[0].gen_si_write.si_transactor_aw/gen_multi_thread.aid_match_10
    SLICE_X5Y46          LUT5 (Prop_lut5_I0_O)        0.152     2.307 r  system_i/soc/axi_interconnect_0/xbar/inst/gen_samd.crossbar_samd/gen_slave_slots[0].gen_si_write.si_transactor_aw/gen_multi_thread.gen_thread_loop[7].active_target[59]_i_16__0/O
                         net (fo=1, routed)           0.521     2.828    system_i/soc/axi_interconnect_0/xbar/inst/gen_samd.crossbar_samd/gen_slave_slots[0].gen_si_write.si_transactor_aw/gen_multi_thread.gen_thread_loop[7].active_target[59]_i_16__0_n_0
    SLICE_X4Y46          LUT6 (Prop_lut6_I2_O)        0.332     3.160 r  system_i/soc/axi_interconnect_0/xbar/inst/gen_samd.crossbar_samd/gen_slave_slots[0].gen_si_write.si_transactor_aw/gen_multi_thread.gen_thread_loop[7].active_target[59]_i_5__0/O
                         net (fo=8, routed)           0.621     3.780    system_i/soc/axi_interconnect_0/xbar/inst/gen_samd.crossbar_samd/gen_slave_slots[0].gen_si_write.si_transactor_aw/gen_multi_thread.gen_thread_loop[7].active_target[59]_i_5__0_n_0
    SLICE_X5Y45          LUT6 (Prop_lut6_I3_O)        0.124     3.904 r  system_i/soc/axi_interconnect_0/xbar/inst/gen_samd.crossbar_samd/gen_slave_slots[0].gen_si_write.si_transactor_aw/gen_multi_thread.gen_thread_loop[7].active_target[59]_i_1__0/O
                         net (fo=19, routed)          0.350     4.254    system_i/soc/axi_interconnect_0/xbar/inst/gen_samd.crossbar_samd/gen_slave_slots[0].gen_si_write.si_transactor_aw/gen_multi_thread.mux_resp_multi_thread/gen_multi_thread.cmd_push_7
    SLICE_X5Y45          LUT4 (Prop_lut4_I3_O)        0.124     4.378 r  system_i/soc/axi_interconnect_0/xbar/inst/gen_samd.crossbar_samd/gen_slave_slots[0].gen_si_write.si_transactor_aw/gen_multi_thread.mux_resp_multi_thread/gen_multi_thread.gen_thread_loop[7].active_cnt[59]_i_1__0/O
                         net (fo=4, routed)           0.323     4.701    system_i/soc/axi_interconnect_0/xbar/inst/gen_samd.crossbar_samd/gen_slave_slots[0].gen_si_write.si_transactor_aw/gen_multi_thread.mux_resp_multi_thread_n_18
    SLICE_X3Y45          FDRE                                         r  system_i/soc/axi_interconnect_0/xbar/inst/gen_samd.crossbar_samd/gen_slave_slots[0].gen_si_write.si_transactor_aw/gen_multi_thread.gen_thread_loop[7].active_cnt_reg[56]/CE
  -------------------------------------------------------------------    -------------------

                         (clock clk_out1_system_pll_0_0 rise edge)
                                                      8.000     8.000 r  
    U18                                               0.000     8.000 r  adc_clk_p_i (IN)
                         net (fo=0)                   0.000     8.000    system_i/pll_0/inst/clk_in1_p
    U18                  IBUFDS (Prop_ibufds_I_O)     0.940     8.940 r  system_i/pll_0/inst/clkin1_ibufgds/O
                         net (fo=1, routed)           1.181    10.121    system_i/pll_0/inst/clk_in1_system_pll_0_0
    PLLE2_ADV_X0Y0       PLLE2_ADV (Prop_plle2_adv_CLKIN1_CLKOUT0)
                                                     -7.650     2.470 r  system_i/pll_0/inst/plle2_adv_inst/CLKOUT0
                         net (fo=1, routed)           1.594     4.065    system_i/pll_0/inst/clk_out1_system_pll_0_0
    BUFGCTRL_X0Y0        BUFG (Prop_bufg_I_O)         0.091     4.156 r  system_i/pll_0/inst/clkout1_buf/O
                         net (fo=5495, routed)        1.551     5.707    system_i/soc/axi_interconnect_0/xbar/inst/gen_samd.crossbar_samd/gen_slave_slots[0].gen_si_write.si_transactor_aw/aclk
    SLICE_X3Y45          FDRE                                         r  system_i/soc/axi_interconnect_0/xbar/inst/gen_samd.crossbar_samd/gen_slave_slots[0].gen_si_write.si_transactor_aw/gen_multi_thread.gen_thread_loop[7].active_cnt_reg[56]/C
                         clock pessimism             -0.430     5.277    
                         clock uncertainty           -0.069     5.208    
    SLICE_X3Y45          FDRE (Setup_fdre_C_CE)      -0.205     5.003    system_i/soc/axi_interconnect_0/xbar/inst/gen_samd.crossbar_samd/gen_slave_slots[0].gen_si_write.si_transactor_aw/gen_multi_thread.gen_thread_loop[7].active_cnt_reg[56]
  -------------------------------------------------------------------
                         required time                          5.003    
                         arrival time                          -4.701    
  -------------------------------------------------------------------
                         slack                                  0.301    





Min Delay Paths
--------------------------------------------------------------------------------------
Slack (MET) :             0.023ns  (arrival time - required time)
  Source:                 system_i/soc/axi_interconnect_0/m00_couplers/auto_pc/inst/gen_axilite.gen_b2s_conv.axilite_b2s/SI_REG/r.r_pipe/skid_buffer_reg[27]/C
                            (rising edge-triggered cell FDRE clocked by clk_out1_system_pll_0_0  {rise@0.000ns fall@4.000ns period=8.000ns})
  Destination:            system_i/soc/axi_interconnect_0/m00_couplers/auto_pc/inst/gen_axilite.gen_b2s_conv.axilite_b2s/SI_REG/r.r_pipe/m_payload_i_reg[27]/D
                            (rising edge-triggered cell FDRE clocked by clk_out1_system_pll_0_0  {rise@0.000ns fall@4.000ns period=8.000ns})
  Path Group:             clk_out1_system_pll_0_0
  Path Type:              Hold (Min at Fast Process Corner)
  Requirement:            0.000ns  (clk_out1_system_pll_0_0 rise@0.000ns - clk_out1_system_pll_0_0 rise@0.000ns)
  Data Path Delay:        0.386ns  (logic 0.186ns (48.235%)  route 0.200ns (51.765%))
  Logic Levels:           1  (LUT3=1)
  Clock Path Skew:        0.270ns (DCD - SCD - CPR)
    Destination Clock Delay (DCD):    -0.224ns
    Source Clock Delay      (SCD):    -0.305ns
    Clock Pessimism Removal (CPR):    -0.189ns

    Location             Delay type                Incr(ns)  Path(ns)    Netlist Resource(s)
  -------------------------------------------------------------------    -------------------
                         (clock clk_out1_system_pll_0_0 rise edge)
                                                      0.000     0.000 r  
    U18                                               0.000     0.000 r  adc_clk_p_i (IN)
                         net (fo=0)                   0.000     0.000    system_i/pll_0/inst/clk_in1_p
    U18                  IBUFDS (Prop_ibufds_I_O)     0.401     0.401 r  system_i/pll_0/inst/clkin1_ibufgds/O
                         net (fo=1, routed)           0.440     0.842    system_i/pll_0/inst/clk_in1_system_pll_0_0
    PLLE2_ADV_X0Y0       PLLE2_ADV (Prop_plle2_adv_CLKIN1_CLKOUT0)
                                                     -2.234    -1.393 r  system_i/pll_0/inst/plle2_adv_inst/CLKOUT0
                         net (fo=1, routed)           0.497    -0.896    system_i/pll_0/inst/clk_out1_system_pll_0_0
    BUFGCTRL_X0Y0        BUFG (Prop_bufg_I_O)         0.026    -0.870 r  system_i/pll_0/inst/clkout1_buf/O
                         net (fo=5495, routed)        0.565    -0.305    system_i/soc/axi_interconnect_0/m00_couplers/auto_pc/inst/gen_axilite.gen_b2s_conv.axilite_b2s/SI_REG/r.r_pipe/aclk
    SLICE_X7Y50          FDRE                                         r  system_i/soc/axi_interconnect_0/m00_couplers/auto_pc/inst/gen_axilite.gen_b2s_conv.axilite_b2s/SI_REG/r.r_pipe/skid_buffer_reg[27]/C
  -------------------------------------------------------------------    -------------------
    SLICE_X7Y50          FDRE (Prop_fdre_C_Q)         0.141    -0.164 r  system_i/soc/axi_interconnect_0/m00_couplers/auto_pc/inst/gen_axilite.gen_b2s_conv.axilite_b2s/SI_REG/r.r_pipe/skid_buffer_reg[27]/Q
                         net (fo=1, routed)           0.200     0.035    system_i/soc/axi_interconnect_0/m00_couplers/auto_pc/inst/gen_axilite.gen_b2s_conv.axilite_b2s/SI_REG/r.r_pipe/skid_buffer_reg_n_0_[27]
    SLICE_X7Y49          LUT3 (Prop_lut3_I2_O)        0.045     0.080 r  system_i/soc/axi_interconnect_0/m00_couplers/auto_pc/inst/gen_axilite.gen_b2s_conv.axilite_b2s/SI_REG/r.r_pipe/m_payload_i[27]_i_1/O
                         net (fo=1, routed)           0.000     0.080    system_i/soc/axi_interconnect_0/m00_couplers/auto_pc/inst/gen_axilite.gen_b2s_conv.axilite_b2s/SI_REG/r.r_pipe/m_payload_i[27]_i_1_n_0
    SLICE_X7Y49          FDRE                                         r  system_i/soc/axi_interconnect_0/m00_couplers/auto_pc/inst/gen_axilite.gen_b2s_conv.axilite_b2s/SI_REG/r.r_pipe/m_payload_i_reg[27]/D
  -------------------------------------------------------------------    -------------------

                         (clock clk_out1_system_pll_0_0 rise edge)
                                                      0.000     0.000 r  
    U18                                               0.000     0.000 r  adc_clk_p_i (IN)
                         net (fo=0)                   0.000     0.000    system_i/pll_0/inst/clk_in1_p
    U18                  IBUFDS (Prop_ibufds_I_O)     0.433     0.433 r  system_i/pll_0/inst/clkin1_ibufgds/O
                         net (fo=1, routed)           0.481     0.914    system_i/pll_0/inst/clk_in1_system_pll_0_0
    PLLE2_ADV_X0Y0       PLLE2_ADV (Prop_plle2_adv_CLKIN1_CLKOUT0)
                                                     -2.546    -1.632 r  system_i/pll_0/inst/plle2_adv_inst/CLKOUT0
                         net (fo=1, routed)           0.544    -1.088    system_i/pll_0/inst/clk_out1_system_pll_0_0
    BUFGCTRL_X0Y0        BUFG (Prop_bufg_I_O)         0.029    -1.059 r  system_i/pll_0/inst/clkout1_buf/O
                         net (fo=5495, routed)        0.835    -0.224    system_i/soc/axi_interconnect_0/m00_couplers/auto_pc/inst/gen_axilite.gen_b2s_conv.axilite_b2s/SI_REG/r.r_pipe/aclk
    SLICE_X7Y49          FDRE                                         r  system_i/soc/axi_interconnect_0/m00_couplers/auto_pc/inst/gen_axilite.gen_b2s_conv.axilite_b2s/SI_REG/r.r_pipe/m_payload_i_reg[27]/C
                         clock pessimism              0.189    -0.035    
    SLICE_X7Y49          FDRE (Hold_fdre_C_D)         0.092     0.057    system_i/soc/axi_interconnect_0/m00_couplers/auto_pc/inst/gen_axilite.gen_b2s_conv.axilite_b2s/SI_REG/r.r_pipe/m_payload_i_reg[27]
  -------------------------------------------------------------------
                         required time                         -0.057    
                         arrival time                           0.080    
  -------------------------------------------------------------------
                         slack                                  0.023    

Slack (MET) :             0.027ns  (arrival time - required time)
  Source:                 system_i/soc/axi_interconnect_0/xbar/inst/gen_samd.crossbar_samd/gen_master_slots[0].reg_slice_mi/r.r_pipe/skid_buffer_reg[1]/C
                            (rising edge-triggered cell FDRE clocked by clk_out1_system_pll_0_0  {rise@0.000ns fall@4.000ns period=8.000ns})
  Destination:            system_i/soc/axi_interconnect_0/xbar/inst/gen_samd.crossbar_samd/gen_master_slots[0].reg_slice_mi/r.r_pipe/m_payload_i_reg[1]/D
                            (rising edge-triggered cell FDRE clocked by clk_out1_system_pll_0_0  {rise@0.000ns fall@4.000ns period=8.000ns})
  Path Group:             clk_out1_system_pll_0_0
  Path Type:              Hold (Min at Fast Process Corner)
  Requirement:            0.000ns  (clk_out1_system_pll_0_0 rise@0.000ns - clk_out1_system_pll_0_0 rise@0.000ns)
  Data Path Delay:        0.386ns  (logic 0.186ns (48.245%)  route 0.200ns (51.755%))
  Logic Levels:           1  (LUT3=1)
  Clock Path Skew:        0.267ns (DCD - SCD - CPR)
    Destination Clock Delay (DCD):    -0.228ns
    Source Clock Delay      (SCD):    -0.306ns
    Clock Pessimism Removal (CPR):    -0.189ns

    Location             Delay type                Incr(ns)  Path(ns)    Netlist Resource(s)
  -------------------------------------------------------------------    -------------------
                         (clock clk_out1_system_pll_0_0 rise edge)
                                                      0.000     0.000 r  
    U18                                               0.000     0.000 r  adc_clk_p_i (IN)
                         net (fo=0)                   0.000     0.000    system_i/pll_0/inst/clk_in1_p
    U18                  IBUFDS (Prop_ibufds_I_O)     0.401     0.401 r  system_i/pll_0/inst/clkin1_ibufgds/O
                         net (fo=1, routed)           0.440     0.842    system_i/pll_0/inst/clk_in1_system_pll_0_0
    PLLE2_ADV_X0Y0       PLLE2_ADV (Prop_plle2_adv_CLKIN1_CLKOUT0)
                                                     -2.234    -1.393 r  system_i/pll_0/inst/plle2_adv_inst/CLKOUT0
                         net (fo=1, routed)           0.497    -0.896    system_i/pll_0/inst/clk_out1_system_pll_0_0
    BUFGCTRL_X0Y0        BUFG (Prop_bufg_I_O)         0.026    -0.870 r  system_i/pll_0/inst/clkout1_buf/O
                         net (fo=5495, routed)        0.564    -0.306    system_i/soc/axi_interconnect_0/xbar/inst/gen_samd.crossbar_samd/gen_master_slots[0].reg_slice_mi/r.r_pipe/aclk
    SLICE_X19Y49         FDRE                                         r  system_i/soc/axi_interconnect_0/xbar/inst/gen_samd.crossbar_samd/gen_master_slots[0].reg_slice_mi/r.r_pipe/skid_buffer_reg[1]/C
  -------------------------------------------------------------------    -------------------
    SLICE_X19Y49         FDRE (Prop_fdre_C_Q)         0.141    -0.165 r  system_i/soc/axi_interconnect_0/xbar/inst/gen_samd.crossbar_samd/gen_master_slots[0].reg_slice_mi/r.r_pipe/skid_buffer_reg[1]/Q
                         net (fo=1, routed)           0.200     0.034    system_i/soc/axi_interconnect_0/xbar/inst/gen_samd.crossbar_samd/gen_master_slots[0].reg_slice_mi/r.r_pipe/skid_buffer_reg_n_0_[1]
    SLICE_X19Y50         LUT3 (Prop_lut3_I1_O)        0.045     0.079 r  system_i/soc/axi_interconnect_0/xbar/inst/gen_samd.crossbar_samd/gen_master_slots[0].reg_slice_mi/r.r_pipe/m_payload_i[1]_i_1/O
                         net (fo=1, routed)           0.000     0.079    system_i/soc/axi_interconnect_0/xbar/inst/gen_samd.crossbar_samd/gen_master_slots[0].reg_slice_mi/r.r_pipe/skid_buffer[1]
    SLICE_X19Y50         FDRE                                         r  system_i/soc/axi_interconnect_0/xbar/inst/gen_samd.crossbar_samd/gen_master_slots[0].reg_slice_mi/r.r_pipe/m_payload_i_reg[1]/D
  -------------------------------------------------------------------    -------------------

                         (clock clk_out1_system_pll_0_0 rise edge)
                                                      0.000     0.000 r  
    U18                                               0.000     0.000 r  adc_clk_p_i (IN)
                         net (fo=0)                   0.000     0.000    system_i/pll_0/inst/clk_in1_p
    U18                  IBUFDS (Prop_ibufds_I_O)     0.433     0.433 r  system_i/pll_0/inst/clkin1_ibufgds/O
                         net (fo=1, routed)           0.481     0.914    system_i/pll_0/inst/clk_in1_system_pll_0_0
    PLLE2_ADV_X0Y0       PLLE2_ADV (Prop_plle2_adv_CLKIN1_CLKOUT0)
                                                     -2.546    -1.632 r  system_i/pll_0/inst/plle2_adv_inst/CLKOUT0
                         net (fo=1, routed)           0.544    -1.088    system_i/pll_0/inst/clk_out1_system_pll_0_0
    BUFGCTRL_X0Y0        BUFG (Prop_bufg_I_O)         0.029    -1.059 r  system_i/pll_0/inst/clkout1_buf/O
                         net (fo=5495, routed)        0.831    -0.228    system_i/soc/axi_interconnect_0/xbar/inst/gen_samd.crossbar_samd/gen_master_slots[0].reg_slice_mi/r.r_pipe/aclk
    SLICE_X19Y50         FDRE                                         r  system_i/soc/axi_interconnect_0/xbar/inst/gen_samd.crossbar_samd/gen_master_slots[0].reg_slice_mi/r.r_pipe/m_payload_i_reg[1]/C
                         clock pessimism              0.189    -0.039    
    SLICE_X19Y50         FDRE (Hold_fdre_C_D)         0.091     0.052    system_i/soc/axi_interconnect_0/xbar/inst/gen_samd.crossbar_samd/gen_master_slots[0].reg_slice_mi/r.r_pipe/m_payload_i_reg[1]
  -------------------------------------------------------------------
                         required time                         -0.052    
                         arrival time                           0.079    
  -------------------------------------------------------------------
                         slack                                  0.027    

Slack (MET) :             0.032ns  (arrival time - required time)
  Source:                 system_i/soc/axi_interconnect_0/m03_couplers/auto_pc/inst/gen_axilite.gen_b2s_conv.axilite_b2s/SI_REG/r.r_pipe/m_payload_i_reg[13]/C
                            (rising edge-triggered cell FDRE clocked by clk_out1_system_pll_0_0  {rise@0.000ns fall@4.000ns period=8.000ns})
  Destination:            system_i/soc/axi_interconnect_0/xbar/inst/gen_samd.crossbar_samd/gen_master_slots[3].reg_slice_mi/r.r_pipe/skid_buffer_reg[13]/D
                            (rising edge-triggered cell FDRE clocked by clk_out1_system_pll_0_0  {rise@0.000ns fall@4.000ns period=8.000ns})
  Path Group:             clk_out1_system_pll_0_0
  Path Type:              Hold (Min at Fast Process Corner)
  Requirement:            0.000ns  (clk_out1_system_pll_0_0 rise@0.000ns - clk_out1_system_pll_0_0 rise@0.000ns)
  Data Path Delay:        0.376ns  (logic 0.164ns (43.565%)  route 0.212ns (56.435%))
  Logic Levels:           0  
  Clock Path Skew:        0.269ns (DCD - SCD - CPR)
    Destination Clock Delay (DCD):    -0.229ns
    Source Clock Delay      (SCD):    -0.309ns
    Clock Pessimism Removal (CPR):    -0.189ns

    Location             Delay type                Incr(ns)  Path(ns)    Netlist Resource(s)
  -------------------------------------------------------------------    -------------------
                         (clock clk_out1_system_pll_0_0 rise edge)
                                                      0.000     0.000 r  
    U18                                               0.000     0.000 r  adc_clk_p_i (IN)
                         net (fo=0)                   0.000     0.000    system_i/pll_0/inst/clk_in1_p
    U18                  IBUFDS (Prop_ibufds_I_O)     0.401     0.401 r  system_i/pll_0/inst/clkin1_ibufgds/O
                         net (fo=1, routed)           0.440     0.842    system_i/pll_0/inst/clk_in1_system_pll_0_0
    PLLE2_ADV_X0Y0       PLLE2_ADV (Prop_plle2_adv_CLKIN1_CLKOUT0)
                                                     -2.234    -1.393 r  system_i/pll_0/inst/plle2_adv_inst/CLKOUT0
                         net (fo=1, routed)           0.497    -0.896    system_i/pll_0/inst/clk_out1_system_pll_0_0
    BUFGCTRL_X0Y0        BUFG (Prop_bufg_I_O)         0.026    -0.870 r  system_i/pll_0/inst/clkout1_buf/O
                         net (fo=5495, routed)        0.561    -0.309    system_i/soc/axi_interconnect_0/m03_couplers/auto_pc/inst/gen_axilite.gen_b2s_conv.axilite_b2s/SI_REG/r.r_pipe/aclk
    SLICE_X24Y49         FDRE                                         r  system_i/soc/axi_interconnect_0/m03_couplers/auto_pc/inst/gen_axilite.gen_b2s_conv.axilite_b2s/SI_REG/r.r_pipe/m_payload_i_reg[13]/C
  -------------------------------------------------------------------    -------------------
    SLICE_X24Y49         FDRE (Prop_fdre_C_Q)         0.164    -0.145 r  system_i/soc/axi_interconnect_0/m03_couplers/auto_pc/inst/gen_axilite.gen_b2s_conv.axilite_b2s/SI_REG/r.r_pipe/m_payload_i_reg[13]/Q
                         net (fo=2, routed)           0.212     0.067    system_i/soc/axi_interconnect_0/xbar/inst/gen_samd.crossbar_samd/gen_master_slots[3].reg_slice_mi/r.r_pipe/m_axi_rdata[13]
    SLICE_X20Y50         FDRE                                         r  system_i/soc/axi_interconnect_0/xbar/inst/gen_samd.crossbar_samd/gen_master_slots[3].reg_slice_mi/r.r_pipe/skid_buffer_reg[13]/D
  -------------------------------------------------------------------    -------------------

                         (clock clk_out1_system_pll_0_0 rise edge)
                                                      0.000     0.000 r  
    U18                                               0.000     0.000 r  adc_clk_p_i (IN)
                         net (fo=0)                   0.000     0.000    system_i/pll_0/inst/clk_in1_p
    U18                  IBUFDS (Prop_ibufds_I_O)     0.433     0.433 r  system_i/pll_0/inst/clkin1_ibufgds/O
                         net (fo=1, routed)           0.481     0.914    system_i/pll_0/inst/clk_in1_system_pll_0_0
    PLLE2_ADV_X0Y0       PLLE2_ADV (Prop_plle2_adv_CLKIN1_CLKOUT0)
                                                     -2.546    -1.632 r  system_i/pll_0/inst/plle2_adv_inst/CLKOUT0
                         net (fo=1, routed)           0.544    -1.088    system_i/pll_0/inst/clk_out1_system_pll_0_0
    BUFGCTRL_X0Y0        BUFG (Prop_bufg_I_O)         0.029    -1.059 r  system_i/pll_0/inst/clkout1_buf/O
                         net (fo=5495, routed)        0.830    -0.229    system_i/soc/axi_interconnect_0/xbar/inst/gen_samd.crossbar_samd/gen_master_slots[3].reg_slice_mi/r.r_pipe/aclk
    SLICE_X20Y50         FDRE                                         r  system_i/soc/axi_interconnect_0/xbar/inst/gen_samd.crossbar_samd/gen_master_slots[3].reg_slice_mi/r.r_pipe/skid_buffer_reg[13]/C
                         clock pessimism              0.189    -0.040    
    SLICE_X20Y50         FDRE (Hold_fdre_C_D)         0.075     0.035    system_i/soc/axi_interconnect_0/xbar/inst/gen_samd.crossbar_samd/gen_master_slots[3].reg_slice_mi/r.r_pipe/skid_buffer_reg[13]
  -------------------------------------------------------------------
                         required time                         -0.035    
                         arrival time                           0.067    
  -------------------------------------------------------------------
                         slack                                  0.032    

Slack (MET) :             0.035ns  (arrival time - required time)
  Source:                 system_i/soc/axi_interconnect_0/m00_couplers/auto_pc/inst/gen_axilite.gen_b2s_conv.axilite_b2s/WR.b_channel_0/mhandshake_r_reg/C
                            (rising edge-triggered cell FDRE clocked by clk_out1_system_pll_0_0  {rise@0.000ns fall@4.000ns period=8.000ns})
  Destination:            system_i/soc/axi_interconnect_0/m00_couplers/auto_pc/inst/gen_axilite.gen_b2s_conv.axilite_b2s/WR.b_channel_0/bresp_cnt_reg[0]/CE
                            (rising edge-triggered cell FDRE clocked by clk_out1_system_pll_0_0  {rise@0.000ns fall@4.000ns period=8.000ns})
  Path Group:             clk_out1_system_pll_0_0
  Path Type:              Hold (Min at Fast Process Corner)
  Requirement:            0.000ns  (clk_out1_system_pll_0_0 rise@0.000ns - clk_out1_system_pll_0_0 rise@0.000ns)
  Data Path Delay:        0.264ns  (logic 0.141ns (53.339%)  route 0.123ns (46.661%))
  Logic Levels:           0  
  Clock Path Skew:        0.268ns (DCD - SCD - CPR)
    Destination Clock Delay (DCD):    -0.198ns
    Source Clock Delay      (SCD):    -0.277ns
    Clock Pessimism Removal (CPR):    -0.189ns

    Location             Delay type                Incr(ns)  Path(ns)    Netlist Resource(s)
  -------------------------------------------------------------------    -------------------
                         (clock clk_out1_system_pll_0_0 rise edge)
                                                      0.000     0.000 r  
    U18                                               0.000     0.000 r  adc_clk_p_i (IN)
                         net (fo=0)                   0.000     0.000    system_i/pll_0/inst/clk_in1_p
    U18                  IBUFDS (Prop_ibufds_I_O)     0.401     0.401 r  system_i/pll_0/inst/clkin1_ibufgds/O
                         net (fo=1, routed)           0.440     0.842    system_i/pll_0/inst/clk_in1_system_pll_0_0
    PLLE2_ADV_X0Y0       PLLE2_ADV (Prop_plle2_adv_CLKIN1_CLKOUT0)
                                                     -2.234    -1.393 r  system_i/pll_0/inst/plle2_adv_inst/CLKOUT0
                         net (fo=1, routed)           0.497    -0.896    system_i/pll_0/inst/clk_out1_system_pll_0_0
    BUFGCTRL_X0Y0        BUFG (Prop_bufg_I_O)         0.026    -0.870 r  system_i/pll_0/inst/clkout1_buf/O
                         net (fo=5495, routed)        0.593    -0.277    system_i/soc/axi_interconnect_0/m00_couplers/auto_pc/inst/gen_axilite.gen_b2s_conv.axilite_b2s/WR.b_channel_0/aclk
    SLICE_X40Y49         FDRE                                         r  system_i/soc/axi_interconnect_0/m00_couplers/auto_pc/inst/gen_axilite.gen_b2s_conv.axilite_b2s/WR.b_channel_0/mhandshake_r_reg/C
  -------------------------------------------------------------------    -------------------
    SLICE_X40Y49         FDRE (Prop_fdre_C_Q)         0.141    -0.136 r  system_i/soc/axi_interconnect_0/m00_couplers/auto_pc/inst/gen_axilite.gen_b2s_conv.axilite_b2s/WR.b_channel_0/mhandshake_r_reg/Q
                         net (fo=11, routed)          0.123    -0.013    system_i/soc/axi_interconnect_0/m00_couplers/auto_pc/inst/gen_axilite.gen_b2s_conv.axilite_b2s/WR.b_channel_0/mhandshake_r
    SLICE_X43Y50         FDRE                                         r  system_i/soc/axi_interconnect_0/m00_couplers/auto_pc/inst/gen_axilite.gen_b2s_conv.axilite_b2s/WR.b_channel_0/bresp_cnt_reg[0]/CE
  -------------------------------------------------------------------    -------------------

                         (clock clk_out1_system_pll_0_0 rise edge)
                                                      0.000     0.000 r  
    U18                                               0.000     0.000 r  adc_clk_p_i (IN)
                         net (fo=0)                   0.000     0.000    system_i/pll_0/inst/clk_in1_p
    U18                  IBUFDS (Prop_ibufds_I_O)     0.433     0.433 r  system_i/pll_0/inst/clkin1_ibufgds/O
                         net (fo=1, routed)           0.481     0.914    system_i/pll_0/inst/clk_in1_system_pll_0_0
    PLLE2_ADV_X0Y0       PLLE2_ADV (Prop_plle2_adv_CLKIN1_CLKOUT0)
                                                     -2.546    -1.632 r  system_i/pll_0/inst/plle2_adv_inst/CLKOUT0
                         net (fo=1, routed)           0.544    -1.088    system_i/pll_0/inst/clk_out1_system_pll_0_0
    BUFGCTRL_X0Y0        BUFG (Prop_bufg_I_O)         0.029    -1.059 r  system_i/pll_0/inst/clkout1_buf/O
                         net (fo=5495, routed)        0.861    -0.198    system_i/soc/axi_interconnect_0/m00_couplers/auto_pc/inst/gen_axilite.gen_b2s_conv.axilite_b2s/WR.b_channel_0/aclk
    SLICE_X43Y50         FDRE                                         r  system_i/soc/axi_interconnect_0/m00_couplers/auto_pc/inst/gen_axilite.gen_b2s_conv.axilite_b2s/WR.b_channel_0/bresp_cnt_reg[0]/C
                         clock pessimism              0.189    -0.009    
    SLICE_X43Y50         FDRE (Hold_fdre_C_CE)       -0.039    -0.048    system_i/soc/axi_interconnect_0/m00_couplers/auto_pc/inst/gen_axilite.gen_b2s_conv.axilite_b2s/WR.b_channel_0/bresp_cnt_reg[0]
  -------------------------------------------------------------------
                         required time                          0.048    
                         arrival time                          -0.013    
  -------------------------------------------------------------------
                         slack                                  0.035    

Slack (MET) :             0.035ns  (arrival time - required time)
  Source:                 system_i/soc/axi_interconnect_0/m00_couplers/auto_pc/inst/gen_axilite.gen_b2s_conv.axilite_b2s/WR.b_channel_0/mhandshake_r_reg/C
                            (rising edge-triggered cell FDRE clocked by clk_out1_system_pll_0_0  {rise@0.000ns fall@4.000ns period=8.000ns})
  Destination:            system_i/soc/axi_interconnect_0/m00_couplers/auto_pc/inst/gen_axilite.gen_b2s_conv.axilite_b2s/WR.b_channel_0/bresp_cnt_reg[1]/CE
                            (rising edge-triggered cell FDRE clocked by clk_out1_system_pll_0_0  {rise@0.000ns fall@4.000ns period=8.000ns})
  Path Group:             clk_out1_system_pll_0_0
  Path Type:              Hold (Min at Fast Process Corner)
  Requirement:            0.000ns  (clk_out1_system_pll_0_0 rise@0.000ns - clk_out1_system_pll_0_0 rise@0.000ns)
  Data Path Delay:        0.264ns  (logic 0.141ns (53.339%)  route 0.123ns (46.661%))
  Logic Levels:           0  
  Clock Path Skew:        0.268ns (DCD - SCD - CPR)
    Destination Clock Delay (DCD):    -0.198ns
    Source Clock Delay      (SCD):    -0.277ns
    Clock Pessimism Removal (CPR):    -0.189ns

    Location             Delay type                Incr(ns)  Path(ns)    Netlist Resource(s)
  -------------------------------------------------------------------    -------------------
                         (clock clk_out1_system_pll_0_0 rise edge)
                                                      0.000     0.000 r  
    U18                                               0.000     0.000 r  adc_clk_p_i (IN)
                         net (fo=0)                   0.000     0.000    system_i/pll_0/inst/clk_in1_p
    U18                  IBUFDS (Prop_ibufds_I_O)     0.401     0.401 r  system_i/pll_0/inst/clkin1_ibufgds/O
                         net (fo=1, routed)           0.440     0.842    system_i/pll_0/inst/clk_in1_system_pll_0_0
    PLLE2_ADV_X0Y0       PLLE2_ADV (Prop_plle2_adv_CLKIN1_CLKOUT0)
                                                     -2.234    -1.393 r  system_i/pll_0/inst/plle2_adv_inst/CLKOUT0
                         net (fo=1, routed)           0.497    -0.896    system_i/pll_0/inst/clk_out1_system_pll_0_0
    BUFGCTRL_X0Y0        BUFG (Prop_bufg_I_O)         0.026    -0.870 r  system_i/pll_0/inst/clkout1_buf/O
                         net (fo=5495, routed)        0.593    -0.277    system_i/soc/axi_interconnect_0/m00_couplers/auto_pc/inst/gen_axilite.gen_b2s_conv.axilite_b2s/WR.b_channel_0/aclk
    SLICE_X40Y49         FDRE                                         r  system_i/soc/axi_interconnect_0/m00_couplers/auto_pc/inst/gen_axilite.gen_b2s_conv.axilite_b2s/WR.b_channel_0/mhandshake_r_reg/C
  -------------------------------------------------------------------    -------------------
    SLICE_X40Y49         FDRE (Prop_fdre_C_Q)         0.141    -0.136 r  system_i/soc/axi_interconnect_0/m00_couplers/auto_pc/inst/gen_axilite.gen_b2s_conv.axilite_b2s/WR.b_channel_0/mhandshake_r_reg/Q
                         net (fo=11, routed)          0.123    -0.013    system_i/soc/axi_interconnect_0/m00_couplers/auto_pc/inst/gen_axilite.gen_b2s_conv.axilite_b2s/WR.b_channel_0/mhandshake_r
    SLICE_X43Y50         FDRE                                         r  system_i/soc/axi_interconnect_0/m00_couplers/auto_pc/inst/gen_axilite.gen_b2s_conv.axilite_b2s/WR.b_channel_0/bresp_cnt_reg[1]/CE
  -------------------------------------------------------------------    -------------------

                         (clock clk_out1_system_pll_0_0 rise edge)
                                                      0.000     0.000 r  
    U18                                               0.000     0.000 r  adc_clk_p_i (IN)
                         net (fo=0)                   0.000     0.000    system_i/pll_0/inst/clk_in1_p
    U18                  IBUFDS (Prop_ibufds_I_O)     0.433     0.433 r  system_i/pll_0/inst/clkin1_ibufgds/O
                         net (fo=1, routed)           0.481     0.914    system_i/pll_0/inst/clk_in1_system_pll_0_0
    PLLE2_ADV_X0Y0       PLLE2_ADV (Prop_plle2_adv_CLKIN1_CLKOUT0)
                                                     -2.546    -1.632 r  system_i/pll_0/inst/plle2_adv_inst/CLKOUT0
                         net (fo=1, routed)           0.544    -1.088    system_i/pll_0/inst/clk_out1_system_pll_0_0
    BUFGCTRL_X0Y0        BUFG (Prop_bufg_I_O)         0.029    -1.059 r  system_i/pll_0/inst/clkout1_buf/O
                         net (fo=5495, routed)        0.861    -0.198    system_i/soc/axi_interconnect_0/m00_couplers/auto_pc/inst/gen_axilite.gen_b2s_conv.axilite_b2s/WR.b_channel_0/aclk
    SLICE_X43Y50         FDRE                                         r  system_i/soc/axi_interconnect_0/m00_couplers/auto_pc/inst/gen_axilite.gen_b2s_conv.axilite_b2s/WR.b_channel_0/bresp_cnt_reg[1]/C
                         clock pessimism              0.189    -0.009    
    SLICE_X43Y50         FDRE (Hold_fdre_C_CE)       -0.039    -0.048    system_i/soc/axi_interconnect_0/m00_couplers/auto_pc/inst/gen_axilite.gen_b2s_conv.axilite_b2s/WR.b_channel_0/bresp_cnt_reg[1]
  -------------------------------------------------------------------
                         required time                          0.048    
                         arrival time                          -0.013    
  -------------------------------------------------------------------
                         slack                                  0.035    

Slack (MET) :             0.035ns  (arrival time - required time)
  Source:                 system_i/soc/axi_interconnect_0/m00_couplers/auto_pc/inst/gen_axilite.gen_b2s_conv.axilite_b2s/WR.b_channel_0/mhandshake_r_reg/C
                            (rising edge-triggered cell FDRE clocked by clk_out1_system_pll_0_0  {rise@0.000ns fall@4.000ns period=8.000ns})
  Destination:            system_i/soc/axi_interconnect_0/m00_couplers/auto_pc/inst/gen_axilite.gen_b2s_conv.axilite_b2s/WR.b_channel_0/bresp_cnt_reg[2]/CE
                            (rising edge-triggered cell FDRE clocked by clk_out1_system_pll_0_0  {rise@0.000ns fall@4.000ns period=8.000ns})
  Path Group:             clk_out1_system_pll_0_0
  Path Type:              Hold (Min at Fast Process Corner)
  Requirement:            0.000ns  (clk_out1_system_pll_0_0 rise@0.000ns - clk_out1_system_pll_0_0 rise@0.000ns)
  Data Path Delay:        0.264ns  (logic 0.141ns (53.339%)  route 0.123ns (46.661%))
  Logic Levels:           0  
  Clock Path Skew:        0.268ns (DCD - SCD - CPR)
    Destination Clock Delay (DCD):    -0.198ns
    Source Clock Delay      (SCD):    -0.277ns
    Clock Pessimism Removal (CPR):    -0.189ns

    Location             Delay type                Incr(ns)  Path(ns)    Netlist Resource(s)
  -------------------------------------------------------------------    -------------------
                         (clock clk_out1_system_pll_0_0 rise edge)
                                                      0.000     0.000 r  
    U18                                               0.000     0.000 r  adc_clk_p_i (IN)
                         net (fo=0)                   0.000     0.000    system_i/pll_0/inst/clk_in1_p
    U18                  IBUFDS (Prop_ibufds_I_O)     0.401     0.401 r  system_i/pll_0/inst/clkin1_ibufgds/O
                         net (fo=1, routed)           0.440     0.842    system_i/pll_0/inst/clk_in1_system_pll_0_0
    PLLE2_ADV_X0Y0       PLLE2_ADV (Prop_plle2_adv_CLKIN1_CLKOUT0)
                                                     -2.234    -1.393 r  system_i/pll_0/inst/plle2_adv_inst/CLKOUT0
                         net (fo=1, routed)           0.497    -0.896    system_i/pll_0/inst/clk_out1_system_pll_0_0
    BUFGCTRL_X0Y0        BUFG (Prop_bufg_I_O)         0.026    -0.870 r  system_i/pll_0/inst/clkout1_buf/O
                         net (fo=5495, routed)        0.593    -0.277    system_i/soc/axi_interconnect_0/m00_couplers/auto_pc/inst/gen_axilite.gen_b2s_conv.axilite_b2s/WR.b_channel_0/aclk
    SLICE_X40Y49         FDRE                                         r  system_i/soc/axi_interconnect_0/m00_couplers/auto_pc/inst/gen_axilite.gen_b2s_conv.axilite_b2s/WR.b_channel_0/mhandshake_r_reg/C
  -------------------------------------------------------------------    -------------------
    SLICE_X40Y49         FDRE (Prop_fdre_C_Q)         0.141    -0.136 r  system_i/soc/axi_interconnect_0/m00_couplers/auto_pc/inst/gen_axilite.gen_b2s_conv.axilite_b2s/WR.b_channel_0/mhandshake_r_reg/Q
                         net (fo=11, routed)          0.123    -0.013    system_i/soc/axi_interconnect_0/m00_couplers/auto_pc/inst/gen_axilite.gen_b2s_conv.axilite_b2s/WR.b_channel_0/mhandshake_r
    SLICE_X43Y50         FDRE                                         r  system_i/soc/axi_interconnect_0/m00_couplers/auto_pc/inst/gen_axilite.gen_b2s_conv.axilite_b2s/WR.b_channel_0/bresp_cnt_reg[2]/CE
  -------------------------------------------------------------------    -------------------

                         (clock clk_out1_system_pll_0_0 rise edge)
                                                      0.000     0.000 r  
    U18                                               0.000     0.000 r  adc_clk_p_i (IN)
                         net (fo=0)                   0.000     0.000    system_i/pll_0/inst/clk_in1_p
    U18                  IBUFDS (Prop_ibufds_I_O)     0.433     0.433 r  system_i/pll_0/inst/clkin1_ibufgds/O
                         net (fo=1, routed)           0.481     0.914    system_i/pll_0/inst/clk_in1_system_pll_0_0
    PLLE2_ADV_X0Y0       PLLE2_ADV (Prop_plle2_adv_CLKIN1_CLKOUT0)
                                                     -2.546    -1.632 r  system_i/pll_0/inst/plle2_adv_inst/CLKOUT0
                         net (fo=1, routed)           0.544    -1.088    system_i/pll_0/inst/clk_out1_system_pll_0_0
    BUFGCTRL_X0Y0        BUFG (Prop_bufg_I_O)         0.029    -1.059 r  system_i/pll_0/inst/clkout1_buf/O
                         net (fo=5495, routed)        0.861    -0.198    system_i/soc/axi_interconnect_0/m00_couplers/auto_pc/inst/gen_axilite.gen_b2s_conv.axilite_b2s/WR.b_channel_0/aclk
    SLICE_X43Y50         FDRE                                         r  system_i/soc/axi_interconnect_0/m00_couplers/auto_pc/inst/gen_axilite.gen_b2s_conv.axilite_b2s/WR.b_channel_0/bresp_cnt_reg[2]/C
                         clock pessimism              0.189    -0.009    
    SLICE_X43Y50         FDRE (Hold_fdre_C_CE)       -0.039    -0.048    system_i/soc/axi_interconnect_0/m00_couplers/auto_pc/inst/gen_axilite.gen_b2s_conv.axilite_b2s/WR.b_channel_0/bresp_cnt_reg[2]
  -------------------------------------------------------------------
                         required time                          0.048    
                         arrival time                          -0.013    
  -------------------------------------------------------------------
                         slack                                  0.035    

Slack (MET) :             0.035ns  (arrival time - required time)
  Source:                 system_i/soc/axi_interconnect_0/m00_couplers/auto_pc/inst/gen_axilite.gen_b2s_conv.axilite_b2s/WR.b_channel_0/mhandshake_r_reg/C
                            (rising edge-triggered cell FDRE clocked by clk_out1_system_pll_0_0  {rise@0.000ns fall@4.000ns period=8.000ns})
  Destination:            system_i/soc/axi_interconnect_0/m00_couplers/auto_pc/inst/gen_axilite.gen_b2s_conv.axilite_b2s/WR.b_channel_0/bresp_cnt_reg[3]/CE
                            (rising edge-triggered cell FDRE clocked by clk_out1_system_pll_0_0  {rise@0.000ns fall@4.000ns period=8.000ns})
  Path Group:             clk_out1_system_pll_0_0
  Path Type:              Hold (Min at Fast Process Corner)
  Requirement:            0.000ns  (clk_out1_system_pll_0_0 rise@0.000ns - clk_out1_system_pll_0_0 rise@0.000ns)
  Data Path Delay:        0.264ns  (logic 0.141ns (53.339%)  route 0.123ns (46.661%))
  Logic Levels:           0  
  Clock Path Skew:        0.268ns (DCD - SCD - CPR)
    Destination Clock Delay (DCD):    -0.198ns
    Source Clock Delay      (SCD):    -0.277ns
    Clock Pessimism Removal (CPR):    -0.189ns

    Location             Delay type                Incr(ns)  Path(ns)    Netlist Resource(s)
  -------------------------------------------------------------------    -------------------
                         (clock clk_out1_system_pll_0_0 rise edge)
                                                      0.000     0.000 r  
    U18                                               0.000     0.000 r  adc_clk_p_i (IN)
                         net (fo=0)                   0.000     0.000    system_i/pll_0/inst/clk_in1_p
    U18                  IBUFDS (Prop_ibufds_I_O)     0.401     0.401 r  system_i/pll_0/inst/clkin1_ibufgds/O
                         net (fo=1, routed)           0.440     0.842    system_i/pll_0/inst/clk_in1_system_pll_0_0
    PLLE2_ADV_X0Y0       PLLE2_ADV (Prop_plle2_adv_CLKIN1_CLKOUT0)
                                                     -2.234    -1.393 r  system_i/pll_0/inst/plle2_adv_inst/CLKOUT0
                         net (fo=1, routed)           0.497    -0.896    system_i/pll_0/inst/clk_out1_system_pll_0_0
    BUFGCTRL_X0Y0        BUFG (Prop_bufg_I_O)         0.026    -0.870 r  system_i/pll_0/inst/clkout1_buf/O
                         net (fo=5495, routed)        0.593    -0.277    system_i/soc/axi_interconnect_0/m00_couplers/auto_pc/inst/gen_axilite.gen_b2s_conv.axilite_b2s/WR.b_channel_0/aclk
    SLICE_X40Y49         FDRE                                         r  system_i/soc/axi_interconnect_0/m00_couplers/auto_pc/inst/gen_axilite.gen_b2s_conv.axilite_b2s/WR.b_channel_0/mhandshake_r_reg/C
  -------------------------------------------------------------------    -------------------
    SLICE_X40Y49         FDRE (Prop_fdre_C_Q)         0.141    -0.136 r  system_i/soc/axi_interconnect_0/m00_couplers/auto_pc/inst/gen_axilite.gen_b2s_conv.axilite_b2s/WR.b_channel_0/mhandshake_r_reg/Q
                         net (fo=11, routed)          0.123    -0.013    system_i/soc/axi_interconnect_0/m00_couplers/auto_pc/inst/gen_axilite.gen_b2s_conv.axilite_b2s/WR.b_channel_0/mhandshake_r
    SLICE_X43Y50         FDRE                                         r  system_i/soc/axi_interconnect_0/m00_couplers/auto_pc/inst/gen_axilite.gen_b2s_conv.axilite_b2s/WR.b_channel_0/bresp_cnt_reg[3]/CE
  -------------------------------------------------------------------    -------------------

                         (clock clk_out1_system_pll_0_0 rise edge)
                                                      0.000     0.000 r  
    U18                                               0.000     0.000 r  adc_clk_p_i (IN)
                         net (fo=0)                   0.000     0.000    system_i/pll_0/inst/clk_in1_p
    U18                  IBUFDS (Prop_ibufds_I_O)     0.433     0.433 r  system_i/pll_0/inst/clkin1_ibufgds/O
                         net (fo=1, routed)           0.481     0.914    system_i/pll_0/inst/clk_in1_system_pll_0_0
    PLLE2_ADV_X0Y0       PLLE2_ADV (Prop_plle2_adv_CLKIN1_CLKOUT0)
                                                     -2.546    -1.632 r  system_i/pll_0/inst/plle2_adv_inst/CLKOUT0
                         net (fo=1, routed)           0.544    -1.088    system_i/pll_0/inst/clk_out1_system_pll_0_0
    BUFGCTRL_X0Y0        BUFG (Prop_bufg_I_O)         0.029    -1.059 r  system_i/pll_0/inst/clkout1_buf/O
                         net (fo=5495, routed)        0.861    -0.198    system_i/soc/axi_interconnect_0/m00_couplers/auto_pc/inst/gen_axilite.gen_b2s_conv.axilite_b2s/WR.b_channel_0/aclk
    SLICE_X43Y50         FDRE                                         r  system_i/soc/axi_interconnect_0/m00_couplers/auto_pc/inst/gen_axilite.gen_b2s_conv.axilite_b2s/WR.b_channel_0/bresp_cnt_reg[3]/C
                         clock pessimism              0.189    -0.009    
    SLICE_X43Y50         FDRE (Hold_fdre_C_CE)       -0.039    -0.048    system_i/soc/axi_interconnect_0/m00_couplers/auto_pc/inst/gen_axilite.gen_b2s_conv.axilite_b2s/WR.b_channel_0/bresp_cnt_reg[3]
  -------------------------------------------------------------------
                         required time                          0.048    
                         arrival time                          -0.013    
  -------------------------------------------------------------------
                         slack                                  0.035    

Slack (MET) :             0.036ns  (arrival time - required time)
  Source:                 system_i/soc/axi_interconnect_0/m00_couplers/auto_pc/inst/gen_axilite.gen_b2s_conv.axilite_b2s/SI_REG/r.r_pipe/m_payload_i_reg[2]/C
                            (rising edge-triggered cell FDRE clocked by clk_out1_system_pll_0_0  {rise@0.000ns fall@4.000ns period=8.000ns})
  Destination:            system_i/soc/axi_interconnect_0/xbar/inst/gen_samd.crossbar_samd/gen_master_slots[0].reg_slice_mi/r.r_pipe/m_payload_i_reg[2]/D
                            (rising edge-triggered cell FDRE clocked by clk_out1_system_pll_0_0  {rise@0.000ns fall@4.000ns period=8.000ns})
  Path Group:             clk_out1_system_pll_0_0
  Path Type:              Hold (Min at Fast Process Corner)
  Requirement:            0.000ns  (clk_out1_system_pll_0_0 rise@0.000ns - clk_out1_system_pll_0_0 rise@0.000ns)
  Data Path Delay:        0.395ns  (logic 0.186ns (47.054%)  route 0.209ns (52.946%))
  Logic Levels:           1  (LUT3=1)
  Clock Path Skew:        0.267ns (DCD - SCD - CPR)
    Destination Clock Delay (DCD):    -0.228ns
    Source Clock Delay      (SCD):    -0.306ns
    Clock Pessimism Removal (CPR):    -0.189ns

    Location             Delay type                Incr(ns)  Path(ns)    Netlist Resource(s)
  -------------------------------------------------------------------    -------------------
                         (clock clk_out1_system_pll_0_0 rise edge)
                                                      0.000     0.000 r  
    U18                                               0.000     0.000 r  adc_clk_p_i (IN)
                         net (fo=0)                   0.000     0.000    system_i/pll_0/inst/clk_in1_p
    U18                  IBUFDS (Prop_ibufds_I_O)     0.401     0.401 r  system_i/pll_0/inst/clkin1_ibufgds/O
                         net (fo=1, routed)           0.440     0.842    system_i/pll_0/inst/clk_in1_system_pll_0_0
    PLLE2_ADV_X0Y0       PLLE2_ADV (Prop_plle2_adv_CLKIN1_CLKOUT0)
                                                     -2.234    -1.393 r  system_i/pll_0/inst/plle2_adv_inst/CLKOUT0
                         net (fo=1, routed)           0.497    -0.896    system_i/pll_0/inst/clk_out1_system_pll_0_0
    BUFGCTRL_X0Y0        BUFG (Prop_bufg_I_O)         0.026    -0.870 r  system_i/pll_0/inst/clkout1_buf/O
                         net (fo=5495, routed)        0.564    -0.306    system_i/soc/axi_interconnect_0/m00_couplers/auto_pc/inst/gen_axilite.gen_b2s_conv.axilite_b2s/SI_REG/r.r_pipe/aclk
    SLICE_X18Y49         FDRE                                         r  system_i/soc/axi_interconnect_0/m00_couplers/auto_pc/inst/gen_axilite.gen_b2s_conv.axilite_b2s/SI_REG/r.r_pipe/m_payload_i_reg[2]/C
  -------------------------------------------------------------------    -------------------
    SLICE_X18Y49         FDRE (Prop_fdre_C_Q)         0.141    -0.165 r  system_i/soc/axi_interconnect_0/m00_couplers/auto_pc/inst/gen_axilite.gen_b2s_conv.axilite_b2s/SI_REG/r.r_pipe/m_payload_i_reg[2]/Q
                         net (fo=2, routed)           0.209     0.044    system_i/soc/axi_interconnect_0/xbar/inst/gen_samd.crossbar_samd/gen_master_slots[0].reg_slice_mi/r.r_pipe/m_axi_rdata[2]
    SLICE_X19Y50         LUT3 (Prop_lut3_I0_O)        0.045     0.089 r  system_i/soc/axi_interconnect_0/xbar/inst/gen_samd.crossbar_samd/gen_master_slots[0].reg_slice_mi/r.r_pipe/m_payload_i[2]_i_1/O
                         net (fo=1, routed)           0.000     0.089    system_i/soc/axi_interconnect_0/xbar/inst/gen_samd.crossbar_samd/gen_master_slots[0].reg_slice_mi/r.r_pipe/skid_buffer[2]
    SLICE_X19Y50         FDRE                                         r  system_i/soc/axi_interconnect_0/xbar/inst/gen_samd.crossbar_samd/gen_master_slots[0].reg_slice_mi/r.r_pipe/m_payload_i_reg[2]/D
  -------------------------------------------------------------------    -------------------

                         (clock clk_out1_system_pll_0_0 rise edge)
                                                      0.000     0.000 r  
    U18                                               0.000     0.000 r  adc_clk_p_i (IN)
                         net (fo=0)                   0.000     0.000    system_i/pll_0/inst/clk_in1_p
    U18                  IBUFDS (Prop_ibufds_I_O)     0.433     0.433 r  system_i/pll_0/inst/clkin1_ibufgds/O
                         net (fo=1, routed)           0.481     0.914    system_i/pll_0/inst/clk_in1_system_pll_0_0
    PLLE2_ADV_X0Y0       PLLE2_ADV (Prop_plle2_adv_CLKIN1_CLKOUT0)
                                                     -2.546    -1.632 r  system_i/pll_0/inst/plle2_adv_inst/CLKOUT0
                         net (fo=1, routed)           0.544    -1.088    system_i/pll_0/inst/clk_out1_system_pll_0_0
    BUFGCTRL_X0Y0        BUFG (Prop_bufg_I_O)         0.029    -1.059 r  system_i/pll_0/inst/clkout1_buf/O
                         net (fo=5495, routed)        0.831    -0.228    system_i/soc/axi_interconnect_0/xbar/inst/gen_samd.crossbar_samd/gen_master_slots[0].reg_slice_mi/r.r_pipe/aclk
    SLICE_X19Y50         FDRE                                         r  system_i/soc/axi_interconnect_0/xbar/inst/gen_samd.crossbar_samd/gen_master_slots[0].reg_slice_mi/r.r_pipe/m_payload_i_reg[2]/C
                         clock pessimism              0.189    -0.039    
    SLICE_X19Y50         FDRE (Hold_fdre_C_D)         0.092     0.053    system_i/soc/axi_interconnect_0/xbar/inst/gen_samd.crossbar_samd/gen_master_slots[0].reg_slice_mi/r.r_pipe/m_payload_i_reg[2]
  -------------------------------------------------------------------
                         required time                         -0.053    
                         arrival time                           0.089    
  -------------------------------------------------------------------
                         slack                                  0.036    

Slack (MET) :             0.043ns  (arrival time - required time)
  Source:                 system_i/iir2nd/axi_gpio_1/U0/ip2bus_data_i_D1_reg[3]/C
                            (rising edge-triggered cell FDRE clocked by clk_out1_system_pll_0_0  {rise@0.000ns fall@4.000ns period=8.000ns})
  Destination:            system_i/iir2nd/axi_gpio_1/U0/AXI_LITE_IPIF_I/I_SLAVE_ATTACHMENT/s_axi_rdata_i_reg[28]/D
                            (rising edge-triggered cell FDRE clocked by clk_out1_system_pll_0_0  {rise@0.000ns fall@4.000ns period=8.000ns})
  Path Group:             clk_out1_system_pll_0_0
  Path Type:              Hold (Min at Fast Process Corner)
  Requirement:            0.000ns  (clk_out1_system_pll_0_0 rise@0.000ns - clk_out1_system_pll_0_0 rise@0.000ns)
  Data Path Delay:        0.378ns  (logic 0.164ns (43.438%)  route 0.214ns (56.562%))
  Logic Levels:           0  
  Clock Path Skew:        0.264ns (DCD - SCD - CPR)
    Destination Clock Delay (DCD):    -0.232ns
    Source Clock Delay      (SCD):    -0.312ns
    Clock Pessimism Removal (CPR):    -0.184ns

    Location             Delay type                Incr(ns)  Path(ns)    Netlist Resource(s)
  -------------------------------------------------------------------    -------------------
                         (clock clk_out1_system_pll_0_0 rise edge)
                                                      0.000     0.000 r  
    U18                                               0.000     0.000 r  adc_clk_p_i (IN)
                         net (fo=0)                   0.000     0.000    system_i/pll_0/inst/clk_in1_p
    U18                  IBUFDS (Prop_ibufds_I_O)     0.401     0.401 r  system_i/pll_0/inst/clkin1_ibufgds/O
                         net (fo=1, routed)           0.440     0.842    system_i/pll_0/inst/clk_in1_system_pll_0_0
    PLLE2_ADV_X0Y0       PLLE2_ADV (Prop_plle2_adv_CLKIN1_CLKOUT0)
                                                     -2.234    -1.393 r  system_i/pll_0/inst/plle2_adv_inst/CLKOUT0
                         net (fo=1, routed)           0.497    -0.896    system_i/pll_0/inst/clk_out1_system_pll_0_0
    BUFGCTRL_X0Y0        BUFG (Prop_bufg_I_O)         0.026    -0.870 r  system_i/pll_0/inst/clkout1_buf/O
                         net (fo=5495, routed)        0.558    -0.312    system_i/iir2nd/axi_gpio_1/U0/s_axi_aclk
    SLICE_X20Y55         FDRE                                         r  system_i/iir2nd/axi_gpio_1/U0/ip2bus_data_i_D1_reg[3]/C
  -------------------------------------------------------------------    -------------------
    SLICE_X20Y55         FDRE (Prop_fdre_C_Q)         0.164    -0.148 r  system_i/iir2nd/axi_gpio_1/U0/ip2bus_data_i_D1_reg[3]/Q
                         net (fo=1, routed)           0.214     0.065    system_i/iir2nd/axi_gpio_1/U0/AXI_LITE_IPIF_I/I_SLAVE_ATTACHMENT/s_axi_rdata_i_reg[31]_0[28]
    SLICE_X22Y54         FDRE                                         r  system_i/iir2nd/axi_gpio_1/U0/AXI_LITE_IPIF_I/I_SLAVE_ATTACHMENT/s_axi_rdata_i_reg[28]/D
  -------------------------------------------------------------------    -------------------

                         (clock clk_out1_system_pll_0_0 rise edge)
                                                      0.000     0.000 r  
    U18                                               0.000     0.000 r  adc_clk_p_i (IN)
                         net (fo=0)                   0.000     0.000    system_i/pll_0/inst/clk_in1_p
    U18                  IBUFDS (Prop_ibufds_I_O)     0.433     0.433 r  system_i/pll_0/inst/clkin1_ibufgds/O
                         net (fo=1, routed)           0.481     0.914    system_i/pll_0/inst/clk_in1_system_pll_0_0
    PLLE2_ADV_X0Y0       PLLE2_ADV (Prop_plle2_adv_CLKIN1_CLKOUT0)
                                                     -2.546    -1.632 r  system_i/pll_0/inst/plle2_adv_inst/CLKOUT0
                         net (fo=1, routed)           0.544    -1.088    system_i/pll_0/inst/clk_out1_system_pll_0_0
    BUFGCTRL_X0Y0        BUFG (Prop_bufg_I_O)         0.029    -1.059 r  system_i/pll_0/inst/clkout1_buf/O
                         net (fo=5495, routed)        0.827    -0.232    system_i/iir2nd/axi_gpio_1/U0/AXI_LITE_IPIF_I/I_SLAVE_ATTACHMENT/s_axi_aclk
    SLICE_X22Y54         FDRE                                         r  system_i/iir2nd/axi_gpio_1/U0/AXI_LITE_IPIF_I/I_SLAVE_ATTACHMENT/s_axi_rdata_i_reg[28]/C
                         clock pessimism              0.184    -0.048    
    SLICE_X22Y54         FDRE (Hold_fdre_C_D)         0.070     0.022    system_i/iir2nd/axi_gpio_1/U0/AXI_LITE_IPIF_I/I_SLAVE_ATTACHMENT/s_axi_rdata_i_reg[28]
  -------------------------------------------------------------------
                         required time                         -0.022    
                         arrival time                           0.065    
  -------------------------------------------------------------------
                         slack                                  0.043    

Slack (MET) :             0.045ns  (arrival time - required time)
  Source:                 system_i/soc/axi_interconnect_0/m01_couplers/auto_pc/inst/gen_axilite.gen_b2s_conv.axilite_b2s/SI_REG/r.r_pipe/m_payload_i_reg[22]/C
                            (rising edge-triggered cell FDRE clocked by clk_out1_system_pll_0_0  {rise@0.000ns fall@4.000ns period=8.000ns})
  Destination:            system_i/soc/axi_interconnect_0/xbar/inst/gen_samd.crossbar_samd/gen_master_slots[1].reg_slice_mi/r.r_pipe/skid_buffer_reg[22]/D
                            (rising edge-triggered cell FDRE clocked by clk_out1_system_pll_0_0  {rise@0.000ns fall@4.000ns period=8.000ns})
  Path Group:             clk_out1_system_pll_0_0
  Path Type:              Hold (Min at Fast Process Corner)
  Requirement:            0.000ns  (clk_out1_system_pll_0_0 rise@0.000ns - clk_out1_system_pll_0_0 rise@0.000ns)
  Data Path Delay:        0.398ns  (logic 0.141ns (35.455%)  route 0.257ns (64.545%))
  Logic Levels:           0  
  Clock Path Skew:        0.266ns (DCD - SCD - CPR)
    Destination Clock Delay (DCD):    -0.229ns
    Source Clock Delay      (SCD):    -0.311ns
    Clock Pessimism Removal (CPR):    -0.184ns

    Location             Delay type                Incr(ns)  Path(ns)    Netlist Resource(s)
  -------------------------------------------------------------------    -------------------
                         (clock clk_out1_system_pll_0_0 rise edge)
                                                      0.000     0.000 r  
    U18                                               0.000     0.000 r  adc_clk_p_i (IN)
                         net (fo=0)                   0.000     0.000    system_i/pll_0/inst/clk_in1_p
    U18                  IBUFDS (Prop_ibufds_I_O)     0.401     0.401 r  system_i/pll_0/inst/clkin1_ibufgds/O
                         net (fo=1, routed)           0.440     0.842    system_i/pll_0/inst/clk_in1_system_pll_0_0
    PLLE2_ADV_X0Y0       PLLE2_ADV (Prop_plle2_adv_CLKIN1_CLKOUT0)
                                                     -2.234    -1.393 r  system_i/pll_0/inst/plle2_adv_inst/CLKOUT0
                         net (fo=1, routed)           0.497    -0.896    system_i/pll_0/inst/clk_out1_system_pll_0_0
    BUFGCTRL_X0Y0        BUFG (Prop_bufg_I_O)         0.026    -0.870 r  system_i/pll_0/inst/clkout1_buf/O
                         net (fo=5495, routed)        0.559    -0.311    system_i/soc/axi_interconnect_0/m01_couplers/auto_pc/inst/gen_axilite.gen_b2s_conv.axilite_b2s/SI_REG/r.r_pipe/aclk
    SLICE_X25Y52         FDRE                                         r  system_i/soc/axi_interconnect_0/m01_couplers/auto_pc/inst/gen_axilite.gen_b2s_conv.axilite_b2s/SI_REG/r.r_pipe/m_payload_i_reg[22]/C
  -------------------------------------------------------------------    -------------------
    SLICE_X25Y52         FDRE (Prop_fdre_C_Q)         0.141    -0.170 r  system_i/soc/axi_interconnect_0/m01_couplers/auto_pc/inst/gen_axilite.gen_b2s_conv.axilite_b2s/SI_REG/r.r_pipe/m_payload_i_reg[22]/Q
                         net (fo=2, routed)           0.257     0.086    system_i/soc/axi_interconnect_0/xbar/inst/gen_samd.crossbar_samd/gen_master_slots[1].reg_slice_mi/r.r_pipe/m_axi_rdata[22]
    SLICE_X20Y51         FDRE                                         r  system_i/soc/axi_interconnect_0/xbar/inst/gen_samd.crossbar_samd/gen_master_slots[1].reg_slice_mi/r.r_pipe/skid_buffer_reg[22]/D
  -------------------------------------------------------------------    -------------------

                         (clock clk_out1_system_pll_0_0 rise edge)
                                                      0.000     0.000 r  
    U18                                               0.000     0.000 r  adc_clk_p_i (IN)
                         net (fo=0)                   0.000     0.000    system_i/pll_0/inst/clk_in1_p
    U18                  IBUFDS (Prop_ibufds_I_O)     0.433     0.433 r  system_i/pll_0/inst/clkin1_ibufgds/O
                         net (fo=1, routed)           0.481     0.914    system_i/pll_0/inst/clk_in1_system_pll_0_0
    PLLE2_ADV_X0Y0       PLLE2_ADV (Prop_plle2_adv_CLKIN1_CLKOUT0)
                                                     -2.546    -1.632 r  system_i/pll_0/inst/plle2_adv_inst/CLKOUT0
                         net (fo=1, routed)           0.544    -1.088    system_i/pll_0/inst/clk_out1_system_pll_0_0
    BUFGCTRL_X0Y0        BUFG (Prop_bufg_I_O)         0.029    -1.059 r  system_i/pll_0/inst/clkout1_buf/O
                         net (fo=5495, routed)        0.830    -0.229    system_i/soc/axi_interconnect_0/xbar/inst/gen_samd.crossbar_samd/gen_master_slots[1].reg_slice_mi/r.r_pipe/aclk
    SLICE_X20Y51         FDRE                                         r  system_i/soc/axi_interconnect_0/xbar/inst/gen_samd.crossbar_samd/gen_master_slots[1].reg_slice_mi/r.r_pipe/skid_buffer_reg[22]/C
                         clock pessimism              0.184    -0.045    
    SLICE_X20Y51         FDRE (Hold_fdre_C_D)         0.086     0.041    system_i/soc/axi_interconnect_0/xbar/inst/gen_samd.crossbar_samd/gen_master_slots[1].reg_slice_mi/r.r_pipe/skid_buffer_reg[22]
  -------------------------------------------------------------------
                         required time                         -0.041    
                         arrival time                           0.086    
  -------------------------------------------------------------------
                         slack                                  0.045    





Pulse Width Checks
--------------------------------------------------------------------------------------
Clock Name:         clk_out1_system_pll_0_0
Waveform(ns):       { 0.000 4.000 }
Period(ns):         8.000
Sources:            { system_i/pll_0/inst/plle2_adv_inst/CLKOUT0 }

Check Type        Corner  Lib Pin            Reference Pin  Required(ns)  Actual(ns)  Slack(ns)  Location        Pin
Min Period        n/a     BUFG/I             n/a            2.155         8.000       5.845      BUFGCTRL_X0Y0   system_i/pll_0/inst/clkout1_buf/I
Min Period        n/a     FDRE/C             n/a            1.474         8.000       6.526      ILOGIC_X0Y35    system_i/adc/adc_0/inst/int_dat_a_reg_reg[0]/C
Min Period        n/a     FDRE/C             n/a            1.474         8.000       6.526      ILOGIC_X0Y13    system_i/adc/adc_0/inst/int_dat_a_reg_reg[1]/C
Min Period        n/a     FDRE/C             n/a            1.474         8.000       6.526      ILOGIC_X0Y36    system_i/adc/adc_0/inst/int_dat_a_reg_reg[2]/C
Min Period        n/a     FDRE/C             n/a            1.474         8.000       6.526      ILOGIC_X0Y29    system_i/adc/adc_0/inst/int_dat_a_reg_reg[3]/C
Min Period        n/a     FDRE/C             n/a            1.474         8.000       6.526      ILOGIC_X0Y34    system_i/adc/adc_0/inst/int_dat_a_reg_reg[4]/C
Min Period        n/a     FDRE/C             n/a            1.474         8.000       6.526      ILOGIC_X0Y33    system_i/adc/adc_0/inst/int_dat_a_reg_reg[5]/C
Min Period        n/a     FDRE/C             n/a            1.474         8.000       6.526      ILOGIC_X0Y9     system_i/adc/adc_0/inst/int_dat_b_reg_reg[0]/C
Min Period        n/a     FDRE/C             n/a            1.474         8.000       6.526      ILOGIC_X0Y5     system_i/adc/adc_0/inst/int_dat_b_reg_reg[10]/C
Min Period        n/a     FDRE/C             n/a            1.474         8.000       6.526      ILOGIC_X0Y15    system_i/adc/adc_0/inst/int_dat_b_reg_reg[11]/C
Max Period        n/a     PLLE2_ADV/CLKOUT0  n/a            160.000       8.000       152.000    PLLE2_ADV_X0Y0  system_i/pll_0/inst/plle2_adv_inst/CLKOUT0
Low Pulse Width   Slow    SRLC32E/CLK        n/a            0.980         4.000       3.020      SLICE_X24Y47    system_i/soc/axi_interconnect_0/m00_couplers/auto_pc/inst/gen_axilite.gen_b2s_conv.axilite_b2s/RD.r_channel_0/rd_data_fifo_0/memory_reg[31][0]_srl32/CLK
Low Pulse Width   Fast    SRLC32E/CLK        n/a            0.980         4.000       3.020      SLICE_X24Y47    system_i/soc/axi_interconnect_0/m00_couplers/auto_pc/inst/gen_axilite.gen_b2s_conv.axilite_b2s/RD.r_channel_0/rd_data_fifo_0/memory_reg[31][0]_srl32/CLK
Low Pulse Width   Slow    SRLC32E/CLK        n/a            0.980         4.000       3.020      SLICE_X16Y45    system_i/soc/axi_interconnect_0/m00_couplers/auto_pc/inst/gen_axilite.gen_b2s_conv.axilite_b2s/RD.r_channel_0/rd_data_fifo_0/memory_reg[31][10]_srl32/CLK
Low Pulse Width   Fast    SRLC32E/CLK        n/a            0.980         4.000       3.020      SLICE_X16Y45    system_i/soc/axi_interconnect_0/m00_couplers/auto_pc/inst/gen_axilite.gen_b2s_conv.axilite_b2s/RD.r_channel_0/rd_data_fifo_0/memory_reg[31][10]_srl32/CLK
Low Pulse Width   Slow    SRLC32E/CLK        n/a            0.980         4.000       3.020      SLICE_X12Y49    system_i/soc/axi_interconnect_0/m00_couplers/auto_pc/inst/gen_axilite.gen_b2s_conv.axilite_b2s/RD.r_channel_0/rd_data_fifo_0/memory_reg[31][11]_srl32/CLK
Low Pulse Width   Fast    SRLC32E/CLK        n/a            0.980         4.000       3.020      SLICE_X12Y49    system_i/soc/axi_interconnect_0/m00_couplers/auto_pc/inst/gen_axilite.gen_b2s_conv.axilite_b2s/RD.r_channel_0/rd_data_fifo_0/memory_reg[31][11]_srl32/CLK
Low Pulse Width   Slow    SRLC32E/CLK        n/a            0.980         4.000       3.020      SLICE_X8Y49     system_i/soc/axi_interconnect_0/m00_couplers/auto_pc/inst/gen_axilite.gen_b2s_conv.axilite_b2s/RD.r_channel_0/rd_data_fifo_0/memory_reg[31][12]_srl32/CLK
Low Pulse Width   Fast    SRLC32E/CLK        n/a            0.980         4.000       3.020      SLICE_X8Y49     system_i/soc/axi_interconnect_0/m00_couplers/auto_pc/inst/gen_axilite.gen_b2s_conv.axilite_b2s/RD.r_channel_0/rd_data_fifo_0/memory_reg[31][12]_srl32/CLK
Low Pulse Width   Slow    SRLC32E/CLK        n/a            0.980         4.000       3.020      SLICE_X8Y47     system_i/soc/axi_interconnect_0/m00_couplers/auto_pc/inst/gen_axilite.gen_b2s_conv.axilite_b2s/RD.r_channel_0/rd_data_fifo_0/memory_reg[31][13]_srl32/CLK
Low Pulse Width   Fast    SRLC32E/CLK        n/a            0.980         4.000       3.020      SLICE_X8Y47     system_i/soc/axi_interconnect_0/m00_couplers/auto_pc/inst/gen_axilite.gen_b2s_conv.axilite_b2s/RD.r_channel_0/rd_data_fifo_0/memory_reg[31][13]_srl32/CLK
High Pulse Width  Slow    SRLC32E/CLK        n/a            0.980         4.000       3.020      SLICE_X24Y47    system_i/soc/axi_interconnect_0/m00_couplers/auto_pc/inst/gen_axilite.gen_b2s_conv.axilite_b2s/RD.r_channel_0/rd_data_fifo_0/memory_reg[31][0]_srl32/CLK
High Pulse Width  Fast    SRLC32E/CLK        n/a            0.980         4.000       3.020      SLICE_X24Y47    system_i/soc/axi_interconnect_0/m00_couplers/auto_pc/inst/gen_axilite.gen_b2s_conv.axilite_b2s/RD.r_channel_0/rd_data_fifo_0/memory_reg[31][0]_srl32/CLK
High Pulse Width  Slow    SRLC32E/CLK        n/a            0.980         4.000       3.020      SLICE_X16Y45    system_i/soc/axi_interconnect_0/m00_couplers/auto_pc/inst/gen_axilite.gen_b2s_conv.axilite_b2s/RD.r_channel_0/rd_data_fifo_0/memory_reg[31][10]_srl32/CLK
High Pulse Width  Fast    SRLC32E/CLK        n/a            0.980         4.000       3.020      SLICE_X16Y45    system_i/soc/axi_interconnect_0/m00_couplers/auto_pc/inst/gen_axilite.gen_b2s_conv.axilite_b2s/RD.r_channel_0/rd_data_fifo_0/memory_reg[31][10]_srl32/CLK
High Pulse Width  Slow    SRLC32E/CLK        n/a            0.980         4.000       3.020      SLICE_X12Y49    system_i/soc/axi_interconnect_0/m00_couplers/auto_pc/inst/gen_axilite.gen_b2s_conv.axilite_b2s/RD.r_channel_0/rd_data_fifo_0/memory_reg[31][11]_srl32/CLK
High Pulse Width  Fast    SRLC32E/CLK        n/a            0.980         4.000       3.020      SLICE_X12Y49    system_i/soc/axi_interconnect_0/m00_couplers/auto_pc/inst/gen_axilite.gen_b2s_conv.axilite_b2s/RD.r_channel_0/rd_data_fifo_0/memory_reg[31][11]_srl32/CLK
High Pulse Width  Slow    SRLC32E/CLK        n/a            0.980         4.000       3.020      SLICE_X8Y49     system_i/soc/axi_interconnect_0/m00_couplers/auto_pc/inst/gen_axilite.gen_b2s_conv.axilite_b2s/RD.r_channel_0/rd_data_fifo_0/memory_reg[31][12]_srl32/CLK
High Pulse Width  Fast    SRLC32E/CLK        n/a            0.980         4.000       3.020      SLICE_X8Y49     system_i/soc/axi_interconnect_0/m00_couplers/auto_pc/inst/gen_axilite.gen_b2s_conv.axilite_b2s/RD.r_channel_0/rd_data_fifo_0/memory_reg[31][12]_srl32/CLK
High Pulse Width  Slow    SRLC32E/CLK        n/a            0.980         4.000       3.020      SLICE_X8Y47     system_i/soc/axi_interconnect_0/m00_couplers/auto_pc/inst/gen_axilite.gen_b2s_conv.axilite_b2s/RD.r_channel_0/rd_data_fifo_0/memory_reg[31][13]_srl32/CLK
High Pulse Width  Fast    SRLC32E/CLK        n/a            0.980         4.000       3.020      SLICE_X8Y47     system_i/soc/axi_interconnect_0/m00_couplers/auto_pc/inst/gen_axilite.gen_b2s_conv.axilite_b2s/RD.r_channel_0/rd_data_fifo_0/memory_reg[31][13]_srl32/CLK



---------------------------------------------------------------------------------------------------
From Clock:  clk_out2_system_pll_0_0
  To Clock:  clk_out2_system_pll_0_0

Setup :           NA  Failing Endpoints,  Worst Slack           NA  ,  Total Violation           NA
Hold  :           NA  Failing Endpoints,  Worst Slack           NA  ,  Total Violation           NA
PW    :            0  Failing Endpoints,  Worst Slack        1.845ns,  Total Violation        0.000ns
---------------------------------------------------------------------------------------------------


Pulse Width Checks
--------------------------------------------------------------------------------------
Clock Name:         clk_out2_system_pll_0_0
Waveform(ns):       { 1.750 3.750 }
Period(ns):         4.000
Sources:            { system_i/pll_0/inst/plle2_adv_inst/CLKOUT1 }

Check Type  Corner  Lib Pin            Reference Pin  Required(ns)  Actual(ns)  Slack(ns)  Location        Pin
Min Period  n/a     BUFG/I             n/a            2.155         4.000       1.845      BUFGCTRL_X0Y1   system_i/pll_0/inst/clkout2_buf/I
Min Period  n/a     ODDR/C             n/a            1.474         4.000       2.526      OLOGIC_X0Y83    system_i/dac/dac_0/inst/ODDR_clk/C
Min Period  n/a     PLLE2_ADV/CLKOUT1  n/a            1.249         4.000       2.751      PLLE2_ADV_X0Y0  system_i/pll_0/inst/plle2_adv_inst/CLKOUT1
Max Period  n/a     PLLE2_ADV/CLKOUT1  n/a            160.000       4.000       156.000    PLLE2_ADV_X0Y0  system_i/pll_0/inst/plle2_adv_inst/CLKOUT1



---------------------------------------------------------------------------------------------------
From Clock:  clk_out3_system_pll_0_0
  To Clock:  clk_out3_system_pll_0_0

Setup :           NA  Failing Endpoints,  Worst Slack           NA  ,  Total Violation           NA
Hold  :           NA  Failing Endpoints,  Worst Slack           NA  ,  Total Violation           NA
PW    :            0  Failing Endpoints,  Worst Slack        1.845ns,  Total Violation        0.000ns
---------------------------------------------------------------------------------------------------


Pulse Width Checks
--------------------------------------------------------------------------------------
Clock Name:         clk_out3_system_pll_0_0
Waveform(ns):       { 2.250 4.250 }
Period(ns):         4.000
Sources:            { system_i/pll_0/inst/plle2_adv_inst/CLKOUT2 }

Check Type  Corner  Lib Pin            Reference Pin  Required(ns)  Actual(ns)  Slack(ns)  Location        Pin
Min Period  n/a     BUFG/I             n/a            2.155         4.000       1.845      BUFGCTRL_X0Y2   system_i/pll_0/inst/clkout3_buf/I
Min Period  n/a     ODDR/C             n/a            1.474         4.000       2.526      OLOGIC_X0Y84    system_i/dac/dac_0/inst/ODDR_wrt/C
Min Period  n/a     PLLE2_ADV/CLKOUT2  n/a            1.249         4.000       2.751      PLLE2_ADV_X0Y0  system_i/pll_0/inst/plle2_adv_inst/CLKOUT2
Max Period  n/a     PLLE2_ADV/CLKOUT2  n/a            160.000       4.000       156.000    PLLE2_ADV_X0Y0  system_i/pll_0/inst/plle2_adv_inst/CLKOUT2



---------------------------------------------------------------------------------------------------
From Clock:  clkfbout_system_pll_0_0
  To Clock:  clkfbout_system_pll_0_0

Setup :           NA  Failing Endpoints,  Worst Slack           NA  ,  Total Violation           NA
Hold  :           NA  Failing Endpoints,  Worst Slack           NA  ,  Total Violation           NA
PW    :            0  Failing Endpoints,  Worst Slack        5.845ns,  Total Violation        0.000ns
---------------------------------------------------------------------------------------------------


Pulse Width Checks
--------------------------------------------------------------------------------------
Clock Name:         clkfbout_system_pll_0_0
Waveform(ns):       { 0.000 4.000 }
Period(ns):         8.000
Sources:            { system_i/pll_0/inst/plle2_adv_inst/CLKFBOUT }

Check Type  Corner  Lib Pin             Reference Pin  Required(ns)  Actual(ns)  Slack(ns)  Location        Pin
Min Period  n/a     BUFG/I              n/a            2.155         8.000       5.845      BUFGCTRL_X0Y3   system_i/pll_0/inst/clkf_buf/I
Min Period  n/a     PLLE2_ADV/CLKFBOUT  n/a            1.249         8.000       6.751      PLLE2_ADV_X0Y0  system_i/pll_0/inst/plle2_adv_inst/CLKFBOUT
Min Period  n/a     PLLE2_ADV/CLKFBIN   n/a            1.249         8.000       6.751      PLLE2_ADV_X0Y0  system_i/pll_0/inst/plle2_adv_inst/CLKFBIN
Max Period  n/a     PLLE2_ADV/CLKFBIN   n/a            52.633        8.000       44.633     PLLE2_ADV_X0Y0  system_i/pll_0/inst/plle2_adv_inst/CLKFBIN
Max Period  n/a     PLLE2_ADV/CLKFBOUT  n/a            160.000       8.000       152.000    PLLE2_ADV_X0Y0  system_i/pll_0/inst/plle2_adv_inst/CLKFBOUT



---------------------------------------------------------------------------------------------------
From Clock:  adc_clk_p_i
  To Clock:  clk_out1_system_pll_0_0

Setup :            0  Failing Endpoints,  Worst Slack        3.447ns,  Total Violation        0.000ns
Hold  :           NA  Failing Endpoints,  Worst Slack           NA  ,  Total Violation           NA
---------------------------------------------------------------------------------------------------


Max Delay Paths
--------------------------------------------------------------------------------------
Slack (MET) :             3.447ns  (required time - arrival time)
  Source:                 adc_dat_a_i[7]
                            (input port clocked by adc_clk_p_i  {rise@0.000ns fall@4.000ns period=8.000ns})
  Destination:            system_i/adc/adc_0/inst/int_dat_a_reg_reg[5]/D
                            (rising edge-triggered cell FDRE clocked by clk_out1_system_pll_0_0  {rise@0.000ns fall@4.000ns period=8.000ns})
  Path Group:             clk_out1_system_pll_0_0
  Path Type:              Setup (Max at Slow Process Corner)
  Requirement:            8.000ns  (clk_out1_system_pll_0_0 rise@8.000ns - adc_clk_p_i rise@0.000ns)
  Data Path Delay:        1.070ns  (logic 1.070ns (100.000%)  route 0.000ns (0.000%))
  Logic Levels:           1  (IBUF=1)
  Input Delay:            1.000ns
  Clock Path Skew:        -2.295ns (DCD - SCD + CPR)
    Destination Clock Delay (DCD):    -2.295ns = ( 5.705 - 8.000 ) 
    Source Clock Delay      (SCD):    0.000ns
    Clock Pessimism Removal (CPR):    0.000ns
  Clock Uncertainty:      0.177ns  ((TSJ^2 + TIJ^2 + DJ^2)^1/2) / 2 + PE
    Total System Jitter     (TSJ):    0.071ns
    Total Input Jitter      (TIJ):    0.080ns
    Discrete Jitter          (DJ):    0.119ns
    Phase Error              (PE):    0.097ns

    Location             Delay type                Incr(ns)  Path(ns)    Netlist Resource(s)
  -------------------------------------------------------------------    -------------------
                         (clock adc_clk_p_i rise edge)
                                                      0.000     0.000 r  
                         input delay                  1.000     1.000    
    Y14                                               0.000     1.000 r  adc_dat_a_i[7] (IN)
                         net (fo=0)                   0.000     1.000    adc_dat_a_i[7]
    Y14                  IBUF (Prop_ibuf_I_O)         1.070     2.070 r  adc_dat_a_i_IBUF[7]_inst/O
                         net (fo=1, routed)           0.000     2.070    system_i/adc/adc_0/inst/adc_dat_a[5]
    ILOGIC_X0Y33         FDRE                                         r  system_i/adc/adc_0/inst/int_dat_a_reg_reg[5]/D
  -------------------------------------------------------------------    -------------------

                         (clock clk_out1_system_pll_0_0 rise edge)
                                                      8.000     8.000 r  
    U18                                               0.000     8.000 r  adc_clk_p_i (IN)
                         net (fo=0)                   0.000     8.000    system_i/pll_0/inst/clk_in1_p
    U18                  IBUFDS (Prop_ibufds_I_O)     0.940     8.940 r  system_i/pll_0/inst/clkin1_ibufgds/O
                         net (fo=1, routed)           1.181    10.121    system_i/pll_0/inst/clk_in1_system_pll_0_0
    PLLE2_ADV_X0Y0       PLLE2_ADV (Prop_plle2_adv_CLKIN1_CLKOUT0)
                                                     -7.650     2.470 r  system_i/pll_0/inst/plle2_adv_inst/CLKOUT0
                         net (fo=1, routed)           1.594     4.065    system_i/pll_0/inst/clk_out1_system_pll_0_0
    BUFGCTRL_X0Y0        BUFG (Prop_bufg_I_O)         0.091     4.156 r  system_i/pll_0/inst/clkout1_buf/O
                         net (fo=5495, routed)        1.550     5.705    system_i/adc/adc_0/inst/aclk
    ILOGIC_X0Y33         FDRE                                         r  system_i/adc/adc_0/inst/int_dat_a_reg_reg[5]/C
                         clock pessimism              0.000     5.705    
                         clock uncertainty           -0.177     5.528    
    ILOGIC_X0Y33         FDRE (Setup_fdre_C_D)       -0.011     5.517    system_i/adc/adc_0/inst/int_dat_a_reg_reg[5]
  -------------------------------------------------------------------
                         required time                          5.517    
                         arrival time                          -2.070    
  -------------------------------------------------------------------
                         slack                                  3.447    

Slack (MET) :             3.450ns  (required time - arrival time)
  Source:                 adc_dat_a_i[6]
                            (input port clocked by adc_clk_p_i  {rise@0.000ns fall@4.000ns period=8.000ns})
  Destination:            system_i/adc/adc_0/inst/int_dat_a_reg_reg[4]/D
                            (rising edge-triggered cell FDRE clocked by clk_out1_system_pll_0_0  {rise@0.000ns fall@4.000ns period=8.000ns})
  Path Group:             clk_out1_system_pll_0_0
  Path Type:              Setup (Max at Slow Process Corner)
  Requirement:            8.000ns  (clk_out1_system_pll_0_0 rise@8.000ns - adc_clk_p_i rise@0.000ns)
  Data Path Delay:        1.068ns  (logic 1.068ns (100.000%)  route 0.000ns (0.000%))
  Logic Levels:           1  (IBUF=1)
  Input Delay:            1.000ns
  Clock Path Skew:        -2.295ns (DCD - SCD + CPR)
    Destination Clock Delay (DCD):    -2.295ns = ( 5.705 - 8.000 ) 
    Source Clock Delay      (SCD):    0.000ns
    Clock Pessimism Removal (CPR):    0.000ns
  Clock Uncertainty:      0.177ns  ((TSJ^2 + TIJ^2 + DJ^2)^1/2) / 2 + PE
    Total System Jitter     (TSJ):    0.071ns
    Total Input Jitter      (TIJ):    0.080ns
    Discrete Jitter          (DJ):    0.119ns
    Phase Error              (PE):    0.097ns

    Location             Delay type                Incr(ns)  Path(ns)    Netlist Resource(s)
  -------------------------------------------------------------------    -------------------
                         (clock adc_clk_p_i rise edge)
                                                      0.000     0.000 r  
                         input delay                  1.000     1.000    
    W14                                               0.000     1.000 r  adc_dat_a_i[6] (IN)
                         net (fo=0)                   0.000     1.000    adc_dat_a_i[6]
    W14                  IBUF (Prop_ibuf_I_O)         1.068     2.068 r  adc_dat_a_i_IBUF[6]_inst/O
                         net (fo=1, routed)           0.000     2.068    system_i/adc/adc_0/inst/adc_dat_a[4]
    ILOGIC_X0Y34         FDRE                                         r  system_i/adc/adc_0/inst/int_dat_a_reg_reg[4]/D
  -------------------------------------------------------------------    -------------------

                         (clock clk_out1_system_pll_0_0 rise edge)
                                                      8.000     8.000 r  
    U18                                               0.000     8.000 r  adc_clk_p_i (IN)
                         net (fo=0)                   0.000     8.000    system_i/pll_0/inst/clk_in1_p
    U18                  IBUFDS (Prop_ibufds_I_O)     0.940     8.940 r  system_i/pll_0/inst/clkin1_ibufgds/O
                         net (fo=1, routed)           1.181    10.121    system_i/pll_0/inst/clk_in1_system_pll_0_0
    PLLE2_ADV_X0Y0       PLLE2_ADV (Prop_plle2_adv_CLKIN1_CLKOUT0)
                                                     -7.650     2.470 r  system_i/pll_0/inst/plle2_adv_inst/CLKOUT0
                         net (fo=1, routed)           1.594     4.065    system_i/pll_0/inst/clk_out1_system_pll_0_0
    BUFGCTRL_X0Y0        BUFG (Prop_bufg_I_O)         0.091     4.156 r  system_i/pll_0/inst/clkout1_buf/O
                         net (fo=5495, routed)        1.550     5.705    system_i/adc/adc_0/inst/aclk
    ILOGIC_X0Y34         FDRE                                         r  system_i/adc/adc_0/inst/int_dat_a_reg_reg[4]/C
                         clock pessimism              0.000     5.705    
                         clock uncertainty           -0.177     5.528    
    ILOGIC_X0Y34         FDRE (Setup_fdre_C_D)       -0.011     5.517    system_i/adc/adc_0/inst/int_dat_a_reg_reg[4]
  -------------------------------------------------------------------
                         required time                          5.517    
                         arrival time                          -2.068    
  -------------------------------------------------------------------
                         slack                                  3.450    

Slack (MET) :             3.466ns  (required time - arrival time)
  Source:                 adc_dat_a_i[5]
                            (input port clocked by adc_clk_p_i  {rise@0.000ns fall@4.000ns period=8.000ns})
  Destination:            system_i/adc/adc_0/inst/int_dat_a_reg_reg[3]/D
                            (rising edge-triggered cell FDRE clocked by clk_out1_system_pll_0_0  {rise@0.000ns fall@4.000ns period=8.000ns})
  Path Group:             clk_out1_system_pll_0_0
  Path Type:              Setup (Max at Slow Process Corner)
  Requirement:            8.000ns  (clk_out1_system_pll_0_0 rise@8.000ns - adc_clk_p_i rise@0.000ns)
  Data Path Delay:        1.048ns  (logic 1.048ns (100.000%)  route 0.000ns (0.000%))
  Logic Levels:           1  (IBUF=1)
  Input Delay:            1.000ns
  Clock Path Skew:        -2.299ns (DCD - SCD + CPR)
    Destination Clock Delay (DCD):    -2.299ns = ( 5.701 - 8.000 ) 
    Source Clock Delay      (SCD):    0.000ns
    Clock Pessimism Removal (CPR):    0.000ns
  Clock Uncertainty:      0.177ns  ((TSJ^2 + TIJ^2 + DJ^2)^1/2) / 2 + PE
    Total System Jitter     (TSJ):    0.071ns
    Total Input Jitter      (TIJ):    0.080ns
    Discrete Jitter          (DJ):    0.119ns
    Phase Error              (PE):    0.097ns

    Location             Delay type                Incr(ns)  Path(ns)    Netlist Resource(s)
  -------------------------------------------------------------------    -------------------
                         (clock adc_clk_p_i rise edge)
                                                      0.000     0.000 r  
                         input delay                  1.000     1.000    
    W15                                               0.000     1.000 r  adc_dat_a_i[5] (IN)
                         net (fo=0)                   0.000     1.000    adc_dat_a_i[5]
    W15                  IBUF (Prop_ibuf_I_O)         1.048     2.048 r  adc_dat_a_i_IBUF[5]_inst/O
                         net (fo=1, routed)           0.000     2.048    system_i/adc/adc_0/inst/adc_dat_a[3]
    ILOGIC_X0Y29         FDRE                                         r  system_i/adc/adc_0/inst/int_dat_a_reg_reg[3]/D
  -------------------------------------------------------------------    -------------------

                         (clock clk_out1_system_pll_0_0 rise edge)
                                                      8.000     8.000 r  
    U18                                               0.000     8.000 r  adc_clk_p_i (IN)
                         net (fo=0)                   0.000     8.000    system_i/pll_0/inst/clk_in1_p
    U18                  IBUFDS (Prop_ibufds_I_O)     0.940     8.940 r  system_i/pll_0/inst/clkin1_ibufgds/O
                         net (fo=1, routed)           1.181    10.121    system_i/pll_0/inst/clk_in1_system_pll_0_0
    PLLE2_ADV_X0Y0       PLLE2_ADV (Prop_plle2_adv_CLKIN1_CLKOUT0)
                                                     -7.650     2.470 r  system_i/pll_0/inst/plle2_adv_inst/CLKOUT0
                         net (fo=1, routed)           1.594     4.065    system_i/pll_0/inst/clk_out1_system_pll_0_0
    BUFGCTRL_X0Y0        BUFG (Prop_bufg_I_O)         0.091     4.156 r  system_i/pll_0/inst/clkout1_buf/O
                         net (fo=5495, routed)        1.546     5.701    system_i/adc/adc_0/inst/aclk
    ILOGIC_X0Y29         FDRE                                         r  system_i/adc/adc_0/inst/int_dat_a_reg_reg[3]/C
                         clock pessimism              0.000     5.701    
                         clock uncertainty           -0.177     5.524    
    ILOGIC_X0Y29         FDRE (Setup_fdre_C_D)       -0.011     5.513    system_i/adc/adc_0/inst/int_dat_a_reg_reg[3]
  -------------------------------------------------------------------
                         required time                          5.513    
                         arrival time                          -2.048    
  -------------------------------------------------------------------
                         slack                                  3.466    

Slack (MET) :             3.466ns  (required time - arrival time)
  Source:                 adc_dat_a_i[4]
                            (input port clocked by adc_clk_p_i  {rise@0.000ns fall@4.000ns period=8.000ns})
  Destination:            system_i/adc/adc_0/inst/int_dat_a_reg_reg[2]/D
                            (rising edge-triggered cell FDRE clocked by clk_out1_system_pll_0_0  {rise@0.000ns fall@4.000ns period=8.000ns})
  Path Group:             clk_out1_system_pll_0_0
  Path Type:              Setup (Max at Slow Process Corner)
  Requirement:            8.000ns  (clk_out1_system_pll_0_0 rise@8.000ns - adc_clk_p_i rise@0.000ns)
  Data Path Delay:        1.052ns  (logic 1.052ns (100.000%)  route 0.000ns (0.000%))
  Logic Levels:           1  (IBUF=1)
  Input Delay:            1.000ns
  Clock Path Skew:        -2.294ns (DCD - SCD + CPR)
    Destination Clock Delay (DCD):    -2.294ns = ( 5.706 - 8.000 ) 
    Source Clock Delay      (SCD):    0.000ns
    Clock Pessimism Removal (CPR):    0.000ns
  Clock Uncertainty:      0.177ns  ((TSJ^2 + TIJ^2 + DJ^2)^1/2) / 2 + PE
    Total System Jitter     (TSJ):    0.071ns
    Total Input Jitter      (TIJ):    0.080ns
    Discrete Jitter          (DJ):    0.119ns
    Phase Error              (PE):    0.097ns

    Location             Delay type                Incr(ns)  Path(ns)    Netlist Resource(s)
  -------------------------------------------------------------------    -------------------
                         (clock adc_clk_p_i rise edge)
                                                      0.000     0.000 r  
                         input delay                  1.000     1.000    
    Y16                                               0.000     1.000 r  adc_dat_a_i[4] (IN)
                         net (fo=0)                   0.000     1.000    adc_dat_a_i[4]
    Y16                  IBUF (Prop_ibuf_I_O)         1.052     2.052 r  adc_dat_a_i_IBUF[4]_inst/O
                         net (fo=1, routed)           0.000     2.052    system_i/adc/adc_0/inst/adc_dat_a[2]
    ILOGIC_X0Y36         FDRE                                         r  system_i/adc/adc_0/inst/int_dat_a_reg_reg[2]/D
  -------------------------------------------------------------------    -------------------

                         (clock clk_out1_system_pll_0_0 rise edge)
                                                      8.000     8.000 r  
    U18                                               0.000     8.000 r  adc_clk_p_i (IN)
                         net (fo=0)                   0.000     8.000    system_i/pll_0/inst/clk_in1_p
    U18                  IBUFDS (Prop_ibufds_I_O)     0.940     8.940 r  system_i/pll_0/inst/clkin1_ibufgds/O
                         net (fo=1, routed)           1.181    10.121    system_i/pll_0/inst/clk_in1_system_pll_0_0
    PLLE2_ADV_X0Y0       PLLE2_ADV (Prop_plle2_adv_CLKIN1_CLKOUT0)
                                                     -7.650     2.470 r  system_i/pll_0/inst/plle2_adv_inst/CLKOUT0
                         net (fo=1, routed)           1.594     4.065    system_i/pll_0/inst/clk_out1_system_pll_0_0
    BUFGCTRL_X0Y0        BUFG (Prop_bufg_I_O)         0.091     4.156 r  system_i/pll_0/inst/clkout1_buf/O
                         net (fo=5495, routed)        1.551     5.706    system_i/adc/adc_0/inst/aclk
    ILOGIC_X0Y36         FDRE                                         r  system_i/adc/adc_0/inst/int_dat_a_reg_reg[2]/C
                         clock pessimism              0.000     5.706    
                         clock uncertainty           -0.177     5.529    
    ILOGIC_X0Y36         FDRE (Setup_fdre_C_D)       -0.011     5.518    system_i/adc/adc_0/inst/int_dat_a_reg_reg[2]
  -------------------------------------------------------------------
                         required time                          5.518    
                         arrival time                          -2.052    
  -------------------------------------------------------------------
                         slack                                  3.466    

Slack (MET) :             3.473ns  (required time - arrival time)
  Source:                 adc_dat_a_i[2]
                            (input port clocked by adc_clk_p_i  {rise@0.000ns fall@4.000ns period=8.000ns})
  Destination:            system_i/adc/adc_0/inst/int_dat_a_reg_reg[0]/D
                            (rising edge-triggered cell FDRE clocked by clk_out1_system_pll_0_0  {rise@0.000ns fall@4.000ns period=8.000ns})
  Path Group:             clk_out1_system_pll_0_0
  Path Type:              Setup (Max at Slow Process Corner)
  Requirement:            8.000ns  (clk_out1_system_pll_0_0 rise@8.000ns - adc_clk_p_i rise@0.000ns)
  Data Path Delay:        1.045ns  (logic 1.045ns (100.000%)  route 0.000ns (0.000%))
  Logic Levels:           1  (IBUF=1)
  Input Delay:            1.000ns
  Clock Path Skew:        -2.294ns (DCD - SCD + CPR)
    Destination Clock Delay (DCD):    -2.294ns = ( 5.706 - 8.000 ) 
    Source Clock Delay      (SCD):    0.000ns
    Clock Pessimism Removal (CPR):    0.000ns
  Clock Uncertainty:      0.177ns  ((TSJ^2 + TIJ^2 + DJ^2)^1/2) / 2 + PE
    Total System Jitter     (TSJ):    0.071ns
    Total Input Jitter      (TIJ):    0.080ns
    Discrete Jitter          (DJ):    0.119ns
    Phase Error              (PE):    0.097ns

    Location             Delay type                Incr(ns)  Path(ns)    Netlist Resource(s)
  -------------------------------------------------------------------    -------------------
                         (clock adc_clk_p_i rise edge)
                                                      0.000     0.000 r  
                         input delay                  1.000     1.000    
    Y17                                               0.000     1.000 r  adc_dat_a_i[2] (IN)
                         net (fo=0)                   0.000     1.000    adc_dat_a_i[2]
    Y17                  IBUF (Prop_ibuf_I_O)         1.045     2.045 r  adc_dat_a_i_IBUF[2]_inst/O
                         net (fo=1, routed)           0.000     2.045    system_i/adc/adc_0/inst/adc_dat_a[0]
    ILOGIC_X0Y35         FDRE                                         r  system_i/adc/adc_0/inst/int_dat_a_reg_reg[0]/D
  -------------------------------------------------------------------    -------------------

                         (clock clk_out1_system_pll_0_0 rise edge)
                                                      8.000     8.000 r  
    U18                                               0.000     8.000 r  adc_clk_p_i (IN)
                         net (fo=0)                   0.000     8.000    system_i/pll_0/inst/clk_in1_p
    U18                  IBUFDS (Prop_ibufds_I_O)     0.940     8.940 r  system_i/pll_0/inst/clkin1_ibufgds/O
                         net (fo=1, routed)           1.181    10.121    system_i/pll_0/inst/clk_in1_system_pll_0_0
    PLLE2_ADV_X0Y0       PLLE2_ADV (Prop_plle2_adv_CLKIN1_CLKOUT0)
                                                     -7.650     2.470 r  system_i/pll_0/inst/plle2_adv_inst/CLKOUT0
                         net (fo=1, routed)           1.594     4.065    system_i/pll_0/inst/clk_out1_system_pll_0_0
    BUFGCTRL_X0Y0        BUFG (Prop_bufg_I_O)         0.091     4.156 r  system_i/pll_0/inst/clkout1_buf/O
                         net (fo=5495, routed)        1.551     5.706    system_i/adc/adc_0/inst/aclk
    ILOGIC_X0Y35         FDRE                                         r  system_i/adc/adc_0/inst/int_dat_a_reg_reg[0]/C
                         clock pessimism              0.000     5.706    
                         clock uncertainty           -0.177     5.529    
    ILOGIC_X0Y35         FDRE (Setup_fdre_C_D)       -0.011     5.518    system_i/adc/adc_0/inst/int_dat_a_reg_reg[0]
  -------------------------------------------------------------------
                         required time                          5.518    
                         arrival time                          -2.045    
  -------------------------------------------------------------------
                         slack                                  3.473    

Slack (MET) :             3.534ns  (required time - arrival time)
  Source:                 adc_dat_b_i[15]
                            (input port clocked by adc_clk_p_i  {rise@0.000ns fall@4.000ns period=8.000ns})
  Destination:            system_i/adc/adc_0/inst/int_dat_b_reg_reg[13]/D
                            (rising edge-triggered cell FDRE clocked by clk_out1_system_pll_0_0  {rise@0.000ns fall@4.000ns period=8.000ns})
  Path Group:             clk_out1_system_pll_0_0
  Path Type:              Setup (Max at Slow Process Corner)
  Requirement:            8.000ns  (clk_out1_system_pll_0_0 rise@8.000ns - adc_clk_p_i rise@0.000ns)
  Data Path Delay:        0.983ns  (logic 0.983ns (100.000%)  route 0.000ns (0.000%))
  Logic Levels:           1  (IBUF=1)
  Input Delay:            1.000ns
  Clock Path Skew:        -2.295ns (DCD - SCD + CPR)
    Destination Clock Delay (DCD):    -2.295ns = ( 5.705 - 8.000 ) 
    Source Clock Delay      (SCD):    0.000ns
    Clock Pessimism Removal (CPR):    0.000ns
  Clock Uncertainty:      0.177ns  ((TSJ^2 + TIJ^2 + DJ^2)^1/2) / 2 + PE
    Total System Jitter     (TSJ):    0.071ns
    Total Input Jitter      (TIJ):    0.080ns
    Discrete Jitter          (DJ):    0.119ns
    Phase Error              (PE):    0.097ns

    Location             Delay type                Incr(ns)  Path(ns)    Netlist Resource(s)
  -------------------------------------------------------------------    -------------------
                         (clock adc_clk_p_i rise edge)
                                                      0.000     0.000 r  
                         input delay                  1.000     1.000    
    Y18                                               0.000     1.000 r  adc_dat_b_i[15] (IN)
                         net (fo=0)                   0.000     1.000    adc_dat_b_i[15]
    Y18                  IBUF (Prop_ibuf_I_O)         0.983     1.983 r  adc_dat_b_i_IBUF[15]_inst/O
                         net (fo=1, routed)           0.000     1.983    system_i/adc/adc_0/inst/adc_dat_b[13]
    ILOGIC_X0Y16         FDRE                                         r  system_i/adc/adc_0/inst/int_dat_b_reg_reg[13]/D
  -------------------------------------------------------------------    -------------------

                         (clock clk_out1_system_pll_0_0 rise edge)
                                                      8.000     8.000 r  
    U18                                               0.000     8.000 r  adc_clk_p_i (IN)
                         net (fo=0)                   0.000     8.000    system_i/pll_0/inst/clk_in1_p
    U18                  IBUFDS (Prop_ibufds_I_O)     0.940     8.940 r  system_i/pll_0/inst/clkin1_ibufgds/O
                         net (fo=1, routed)           1.181    10.121    system_i/pll_0/inst/clk_in1_system_pll_0_0
    PLLE2_ADV_X0Y0       PLLE2_ADV (Prop_plle2_adv_CLKIN1_CLKOUT0)
                                                     -7.650     2.470 r  system_i/pll_0/inst/plle2_adv_inst/CLKOUT0
                         net (fo=1, routed)           1.594     4.065    system_i/pll_0/inst/clk_out1_system_pll_0_0
    BUFGCTRL_X0Y0        BUFG (Prop_bufg_I_O)         0.091     4.156 r  system_i/pll_0/inst/clkout1_buf/O
                         net (fo=5495, routed)        1.550     5.705    system_i/adc/adc_0/inst/aclk
    ILOGIC_X0Y16         FDRE                                         r  system_i/adc/adc_0/inst/int_dat_b_reg_reg[13]/C
                         clock pessimism              0.000     5.705    
                         clock uncertainty           -0.177     5.528    
    ILOGIC_X0Y16         FDRE (Setup_fdre_C_D)       -0.011     5.517    system_i/adc/adc_0/inst/int_dat_b_reg_reg[13]
  -------------------------------------------------------------------
                         required time                          5.517    
                         arrival time                          -1.983    
  -------------------------------------------------------------------
                         slack                                  3.534    

Slack (MET) :             3.540ns  (required time - arrival time)
  Source:                 adc_dat_b_i[11]
                            (input port clocked by adc_clk_p_i  {rise@0.000ns fall@4.000ns period=8.000ns})
  Destination:            system_i/adc/adc_0/inst/int_dat_b_reg_reg[9]/D
                            (rising edge-triggered cell FDRE clocked by clk_out1_system_pll_0_0  {rise@0.000ns fall@4.000ns period=8.000ns})
  Path Group:             clk_out1_system_pll_0_0
  Path Type:              Setup (Max at Slow Process Corner)
  Requirement:            8.000ns  (clk_out1_system_pll_0_0 rise@8.000ns - adc_clk_p_i rise@0.000ns)
  Data Path Delay:        0.977ns  (logic 0.977ns (100.000%)  route 0.000ns (0.000%))
  Logic Levels:           1  (IBUF=1)
  Input Delay:            1.000ns
  Clock Path Skew:        -2.296ns (DCD - SCD + CPR)
    Destination Clock Delay (DCD):    -2.296ns = ( 5.704 - 8.000 ) 
    Source Clock Delay      (SCD):    0.000ns
    Clock Pessimism Removal (CPR):    0.000ns
  Clock Uncertainty:      0.177ns  ((TSJ^2 + TIJ^2 + DJ^2)^1/2) / 2 + PE
    Total System Jitter     (TSJ):    0.071ns
    Total Input Jitter      (TIJ):    0.080ns
    Discrete Jitter          (DJ):    0.119ns
    Phase Error              (PE):    0.097ns

    Location             Delay type                Incr(ns)  Path(ns)    Netlist Resource(s)
  -------------------------------------------------------------------    -------------------
                         (clock adc_clk_p_i rise edge)
                                                      0.000     0.000 r  
                         input delay                  1.000     1.000    
    W20                                               0.000     1.000 r  adc_dat_b_i[11] (IN)
                         net (fo=0)                   0.000     1.000    adc_dat_b_i[11]
    W20                  IBUF (Prop_ibuf_I_O)         0.977     1.977 r  adc_dat_b_i_IBUF[11]_inst/O
                         net (fo=1, routed)           0.000     1.977    system_i/adc/adc_0/inst/adc_dat_b[9]
    ILOGIC_X0Y17         FDRE                                         r  system_i/adc/adc_0/inst/int_dat_b_reg_reg[9]/D
  -------------------------------------------------------------------    -------------------

                         (clock clk_out1_system_pll_0_0 rise edge)
                                                      8.000     8.000 r  
    U18                                               0.000     8.000 r  adc_clk_p_i (IN)
                         net (fo=0)                   0.000     8.000    system_i/pll_0/inst/clk_in1_p
    U18                  IBUFDS (Prop_ibufds_I_O)     0.940     8.940 r  system_i/pll_0/inst/clkin1_ibufgds/O
                         net (fo=1, routed)           1.181    10.121    system_i/pll_0/inst/clk_in1_system_pll_0_0
    PLLE2_ADV_X0Y0       PLLE2_ADV (Prop_plle2_adv_CLKIN1_CLKOUT0)
                                                     -7.650     2.470 r  system_i/pll_0/inst/plle2_adv_inst/CLKOUT0
                         net (fo=1, routed)           1.594     4.065    system_i/pll_0/inst/clk_out1_system_pll_0_0
    BUFGCTRL_X0Y0        BUFG (Prop_bufg_I_O)         0.091     4.156 r  system_i/pll_0/inst/clkout1_buf/O
                         net (fo=5495, routed)        1.549     5.704    system_i/adc/adc_0/inst/aclk
    ILOGIC_X0Y17         FDRE                                         r  system_i/adc/adc_0/inst/int_dat_b_reg_reg[9]/C
                         clock pessimism              0.000     5.704    
                         clock uncertainty           -0.177     5.527    
    ILOGIC_X0Y17         FDRE (Setup_fdre_C_D)       -0.011     5.516    system_i/adc/adc_0/inst/int_dat_b_reg_reg[9]
  -------------------------------------------------------------------
                         required time                          5.516    
                         arrival time                          -1.977    
  -------------------------------------------------------------------
                         slack                                  3.540    

Slack (MET) :             3.541ns  (required time - arrival time)
  Source:                 adc_dat_b_i[13]
                            (input port clocked by adc_clk_p_i  {rise@0.000ns fall@4.000ns period=8.000ns})
  Destination:            system_i/adc/adc_0/inst/int_dat_b_reg_reg[11]/D
                            (rising edge-triggered cell FDRE clocked by clk_out1_system_pll_0_0  {rise@0.000ns fall@4.000ns period=8.000ns})
  Path Group:             clk_out1_system_pll_0_0
  Path Type:              Setup (Max at Slow Process Corner)
  Requirement:            8.000ns  (clk_out1_system_pll_0_0 rise@8.000ns - adc_clk_p_i rise@0.000ns)
  Data Path Delay:        0.977ns  (logic 0.977ns (100.000%)  route 0.000ns (0.000%))
  Logic Levels:           1  (IBUF=1)
  Input Delay:            1.000ns
  Clock Path Skew:        -2.295ns (DCD - SCD + CPR)
    Destination Clock Delay (DCD):    -2.295ns = ( 5.705 - 8.000 ) 
    Source Clock Delay      (SCD):    0.000ns
    Clock Pessimism Removal (CPR):    0.000ns
  Clock Uncertainty:      0.177ns  ((TSJ^2 + TIJ^2 + DJ^2)^1/2) / 2 + PE
    Total System Jitter     (TSJ):    0.071ns
    Total Input Jitter      (TIJ):    0.080ns
    Discrete Jitter          (DJ):    0.119ns
    Phase Error              (PE):    0.097ns

    Location             Delay type                Incr(ns)  Path(ns)    Netlist Resource(s)
  -------------------------------------------------------------------    -------------------
                         (clock adc_clk_p_i rise edge)
                                                      0.000     0.000 r  
                         input delay                  1.000     1.000    
    Y19                                               0.000     1.000 r  adc_dat_b_i[13] (IN)
                         net (fo=0)                   0.000     1.000    adc_dat_b_i[13]
    Y19                  IBUF (Prop_ibuf_I_O)         0.977     1.977 r  adc_dat_b_i_IBUF[13]_inst/O
                         net (fo=1, routed)           0.000     1.977    system_i/adc/adc_0/inst/adc_dat_b[11]
    ILOGIC_X0Y15         FDRE                                         r  system_i/adc/adc_0/inst/int_dat_b_reg_reg[11]/D
  -------------------------------------------------------------------    -------------------

                         (clock clk_out1_system_pll_0_0 rise edge)
                                                      8.000     8.000 r  
    U18                                               0.000     8.000 r  adc_clk_p_i (IN)
                         net (fo=0)                   0.000     8.000    system_i/pll_0/inst/clk_in1_p
    U18                  IBUFDS (Prop_ibufds_I_O)     0.940     8.940 r  system_i/pll_0/inst/clkin1_ibufgds/O
                         net (fo=1, routed)           1.181    10.121    system_i/pll_0/inst/clk_in1_system_pll_0_0
    PLLE2_ADV_X0Y0       PLLE2_ADV (Prop_plle2_adv_CLKIN1_CLKOUT0)
                                                     -7.650     2.470 r  system_i/pll_0/inst/plle2_adv_inst/CLKOUT0
                         net (fo=1, routed)           1.594     4.065    system_i/pll_0/inst/clk_out1_system_pll_0_0
    BUFGCTRL_X0Y0        BUFG (Prop_bufg_I_O)         0.091     4.156 r  system_i/pll_0/inst/clkout1_buf/O
                         net (fo=5495, routed)        1.550     5.705    system_i/adc/adc_0/inst/aclk
    ILOGIC_X0Y15         FDRE                                         r  system_i/adc/adc_0/inst/int_dat_b_reg_reg[11]/C
                         clock pessimism              0.000     5.705    
                         clock uncertainty           -0.177     5.528    
    ILOGIC_X0Y15         FDRE (Setup_fdre_C_D)       -0.011     5.517    system_i/adc/adc_0/inst/int_dat_b_reg_reg[11]
  -------------------------------------------------------------------
                         required time                          5.517    
                         arrival time                          -1.977    
  -------------------------------------------------------------------
                         slack                                  3.541    

Slack (MET) :             3.542ns  (required time - arrival time)
  Source:                 adc_dat_b_i[10]
                            (input port clocked by adc_clk_p_i  {rise@0.000ns fall@4.000ns period=8.000ns})
  Destination:            system_i/adc/adc_0/inst/int_dat_b_reg_reg[8]/D
                            (rising edge-triggered cell FDRE clocked by clk_out1_system_pll_0_0  {rise@0.000ns fall@4.000ns period=8.000ns})
  Path Group:             clk_out1_system_pll_0_0
  Path Type:              Setup (Max at Slow Process Corner)
  Requirement:            8.000ns  (clk_out1_system_pll_0_0 rise@8.000ns - adc_clk_p_i rise@0.000ns)
  Data Path Delay:        0.975ns  (logic 0.975ns (100.000%)  route 0.000ns (0.000%))
  Logic Levels:           1  (IBUF=1)
  Input Delay:            1.000ns
  Clock Path Skew:        -2.296ns (DCD - SCD + CPR)
    Destination Clock Delay (DCD):    -2.296ns = ( 5.704 - 8.000 ) 
    Source Clock Delay      (SCD):    0.000ns
    Clock Pessimism Removal (CPR):    0.000ns
  Clock Uncertainty:      0.177ns  ((TSJ^2 + TIJ^2 + DJ^2)^1/2) / 2 + PE
    Total System Jitter     (TSJ):    0.071ns
    Total Input Jitter      (TIJ):    0.080ns
    Discrete Jitter          (DJ):    0.119ns
    Phase Error              (PE):    0.097ns

    Location             Delay type                Incr(ns)  Path(ns)    Netlist Resource(s)
  -------------------------------------------------------------------    -------------------
                         (clock adc_clk_p_i rise edge)
                                                      0.000     0.000 r  
                         input delay                  1.000     1.000    
    V20                                               0.000     1.000 r  adc_dat_b_i[10] (IN)
                         net (fo=0)                   0.000     1.000    adc_dat_b_i[10]
    V20                  IBUF (Prop_ibuf_I_O)         0.975     1.975 r  adc_dat_b_i_IBUF[10]_inst/O
                         net (fo=1, routed)           0.000     1.975    system_i/adc/adc_0/inst/adc_dat_b[8]
    ILOGIC_X0Y18         FDRE                                         r  system_i/adc/adc_0/inst/int_dat_b_reg_reg[8]/D
  -------------------------------------------------------------------    -------------------

                         (clock clk_out1_system_pll_0_0 rise edge)
                                                      8.000     8.000 r  
    U18                                               0.000     8.000 r  adc_clk_p_i (IN)
                         net (fo=0)                   0.000     8.000    system_i/pll_0/inst/clk_in1_p
    U18                  IBUFDS (Prop_ibufds_I_O)     0.940     8.940 r  system_i/pll_0/inst/clkin1_ibufgds/O
                         net (fo=1, routed)           1.181    10.121    system_i/pll_0/inst/clk_in1_system_pll_0_0
    PLLE2_ADV_X0Y0       PLLE2_ADV (Prop_plle2_adv_CLKIN1_CLKOUT0)
                                                     -7.650     2.470 r  system_i/pll_0/inst/plle2_adv_inst/CLKOUT0
                         net (fo=1, routed)           1.594     4.065    system_i/pll_0/inst/clk_out1_system_pll_0_0
    BUFGCTRL_X0Y0        BUFG (Prop_bufg_I_O)         0.091     4.156 r  system_i/pll_0/inst/clkout1_buf/O
                         net (fo=5495, routed)        1.549     5.704    system_i/adc/adc_0/inst/aclk
    ILOGIC_X0Y18         FDRE                                         r  system_i/adc/adc_0/inst/int_dat_b_reg_reg[8]/C
                         clock pessimism              0.000     5.704    
                         clock uncertainty           -0.177     5.527    
    ILOGIC_X0Y18         FDRE (Setup_fdre_C_D)       -0.011     5.516    system_i/adc/adc_0/inst/int_dat_b_reg_reg[8]
  -------------------------------------------------------------------
                         required time                          5.516    
                         arrival time                          -1.975    
  -------------------------------------------------------------------
                         slack                                  3.542    

Slack (MET) :             3.542ns  (required time - arrival time)
  Source:                 adc_dat_b_i[6]
                            (input port clocked by adc_clk_p_i  {rise@0.000ns fall@4.000ns period=8.000ns})
  Destination:            system_i/adc/adc_0/inst/int_dat_b_reg_reg[4]/D
                            (rising edge-triggered cell FDRE clocked by clk_out1_system_pll_0_0  {rise@0.000ns fall@4.000ns period=8.000ns})
  Path Group:             clk_out1_system_pll_0_0
  Path Type:              Setup (Max at Slow Process Corner)
  Requirement:            8.000ns  (clk_out1_system_pll_0_0 rise@8.000ns - adc_clk_p_i rise@0.000ns)
  Data Path Delay:        0.982ns  (logic 0.982ns (100.000%)  route 0.000ns (0.000%))
  Logic Levels:           1  (IBUF=1)
  Input Delay:            1.000ns
  Clock Path Skew:        -2.288ns (DCD - SCD + CPR)
    Destination Clock Delay (DCD):    -2.288ns = ( 5.712 - 8.000 ) 
    Source Clock Delay      (SCD):    0.000ns
    Clock Pessimism Removal (CPR):    0.000ns
  Clock Uncertainty:      0.177ns  ((TSJ^2 + TIJ^2 + DJ^2)^1/2) / 2 + PE
    Total System Jitter     (TSJ):    0.071ns
    Total Input Jitter      (TIJ):    0.080ns
    Discrete Jitter          (DJ):    0.119ns
    Phase Error              (PE):    0.097ns

    Location             Delay type                Incr(ns)  Path(ns)    Netlist Resource(s)
  -------------------------------------------------------------------    -------------------
                         (clock adc_clk_p_i rise edge)
                                                      0.000     0.000 r  
                         input delay                  1.000     1.000    
    R19                                               0.000     1.000 r  adc_dat_b_i[6] (IN)
                         net (fo=0)                   0.000     1.000    adc_dat_b_i[6]
    R19                  IBUF (Prop_ibuf_I_O)         0.982     1.982 r  adc_dat_b_i_IBUF[6]_inst/O
                         net (fo=1, routed)           0.000     1.982    system_i/adc/adc_0/inst/adc_dat_b[4]
    ILOGIC_X0Y49         FDRE                                         r  system_i/adc/adc_0/inst/int_dat_b_reg_reg[4]/D
  -------------------------------------------------------------------    -------------------

                         (clock clk_out1_system_pll_0_0 rise edge)
                                                      8.000     8.000 r  
    U18                                               0.000     8.000 r  adc_clk_p_i (IN)
                         net (fo=0)                   0.000     8.000    system_i/pll_0/inst/clk_in1_p
    U18                  IBUFDS (Prop_ibufds_I_O)     0.940     8.940 r  system_i/pll_0/inst/clkin1_ibufgds/O
                         net (fo=1, routed)           1.181    10.121    system_i/pll_0/inst/clk_in1_system_pll_0_0
    PLLE2_ADV_X0Y0       PLLE2_ADV (Prop_plle2_adv_CLKIN1_CLKOUT0)
                                                     -7.650     2.470 r  system_i/pll_0/inst/plle2_adv_inst/CLKOUT0
                         net (fo=1, routed)           1.594     4.065    system_i/pll_0/inst/clk_out1_system_pll_0_0
    BUFGCTRL_X0Y0        BUFG (Prop_bufg_I_O)         0.091     4.156 r  system_i/pll_0/inst/clkout1_buf/O
                         net (fo=5495, routed)        1.557     5.712    system_i/adc/adc_0/inst/aclk
    ILOGIC_X0Y49         FDRE                                         r  system_i/adc/adc_0/inst/int_dat_b_reg_reg[4]/C
                         clock pessimism              0.000     5.712    
                         clock uncertainty           -0.177     5.535    
    ILOGIC_X0Y49         FDRE (Setup_fdre_C_D)       -0.011     5.524    system_i/adc/adc_0/inst/int_dat_b_reg_reg[4]
  -------------------------------------------------------------------
                         required time                          5.524    
                         arrival time                          -1.982    
  -------------------------------------------------------------------
                         slack                                  3.542    





--------------------------------------------------------------------------------------
Path Group:  (none)
From Clock:  clk_out1_system_pll_0_0
  To Clock:  clk_out1_system_pll_0_0

Max Delay           193 Endpoints
Min Delay           193 Endpoints
--------------------------------------------------------------------------------------


Max Delay Paths
--------------------------------------------------------------------------------------
Slack:                    inf
  Source:                 system_i/iir2nd/axi_gpio_3/U0/gpio_core_1/Dual.gpio_Data_Out_reg[9]/C
                            (rising edge-triggered cell FDRE clocked by clk_out1_system_pll_0_0  {rise@0.000ns fall@4.000ns period=8.000ns})
  Destination:            system_i/iir2nd/axi_gpio_3/U0/gpio_core_1/Dual.INPUT_DOUBLE_REGS4/GENERATE_LEVEL_P_S_CDC.MULTI_BIT.FOR_IN_cdc_to[22].CROSS2_PLEVEL_IN2SCNDRY_IN_cdc_to/D
                            (rising edge-triggered cell FDRE clocked by clk_out1_system_pll_0_0  {rise@0.000ns fall@4.000ns period=8.000ns})
  Path Group:             (none)
  Path Type:              Setup (Max at Fast Process Corner)
  Data Path Delay:        0.590ns  (logic 0.175ns (29.655%)  route 0.415ns (70.345%))
  Logic Levels:           0  
  Clock Path Skew:        -0.076ns (DCD - SCD + CPR)
    Destination Clock Delay (DCD):    -0.308ns
    Source Clock Delay      (SCD):    -0.232ns
    Clock Pessimism Removal (CPR):    0.000ns
  Clock Uncertainty:      0.069ns  ((TSJ^2 + DJ^2)^1/2) / 2 + PE
    Total System Jitter     (TSJ):    0.071ns
    Discrete Jitter          (DJ):    0.119ns
    Phase Error              (PE):    0.000ns
  Timing Exception:       False Path

    Location             Delay type                Incr(ns)  Path(ns)    Netlist Resource(s)
  -------------------------------------------------------------------    -------------------
                         (clock clk_out1_system_pll_0_0 rise edge)
                                                      0.000     0.000 r  
    U18                                               0.000     0.000 r  adc_clk_p_i (IN)
                         net (fo=0)                   0.000     0.000    system_i/pll_0/inst/clk_in1_p
    U18                  IBUFDS (Prop_ibufds_I_O)     0.433     0.433 r  system_i/pll_0/inst/clkin1_ibufgds/O
                         net (fo=1, routed)           0.481     0.914    system_i/pll_0/inst/clk_in1_system_pll_0_0
    PLLE2_ADV_X0Y0       PLLE2_ADV (Prop_plle2_adv_CLKIN1_CLKOUT0)
                                                     -2.546    -1.632 r  system_i/pll_0/inst/plle2_adv_inst/CLKOUT0
                         net (fo=1, routed)           0.544    -1.088    system_i/pll_0/inst/clk_out1_system_pll_0_0
    BUFGCTRL_X0Y0        BUFG (Prop_bufg_I_O)         0.029    -1.059 r  system_i/pll_0/inst/clkout1_buf/O
                         net (fo=5495, routed)        0.827    -0.232    system_i/iir2nd/axi_gpio_3/U0/gpio_core_1/s_axi_aclk
    SLICE_X25Y41         FDRE                                         r  system_i/iir2nd/axi_gpio_3/U0/gpio_core_1/Dual.gpio_Data_Out_reg[9]/C
  -------------------------------------------------------------------    -------------------
    SLICE_X25Y41         FDRE (Prop_fdre_C_Q)         0.175    -0.057 r  system_i/iir2nd/axi_gpio_3/U0/gpio_core_1/Dual.gpio_Data_Out_reg[9]/Q
                         net (fo=2, routed)           0.415     0.358    system_i/iir2nd/axi_gpio_3/U0/gpio_core_1/Dual.INPUT_DOUBLE_REGS4/Q[22]
    SLICE_X29Y41         FDRE                                         r  system_i/iir2nd/axi_gpio_3/U0/gpio_core_1/Dual.INPUT_DOUBLE_REGS4/GENERATE_LEVEL_P_S_CDC.MULTI_BIT.FOR_IN_cdc_to[22].CROSS2_PLEVEL_IN2SCNDRY_IN_cdc_to/D
  -------------------------------------------------------------------    -------------------

                         (clock clk_out1_system_pll_0_0 rise edge)
                                                      0.000     0.000 r  
    U18                                               0.000     0.000 r  adc_clk_p_i (IN)
                         net (fo=0)                   0.000     0.000    system_i/pll_0/inst/clk_in1_p
    U18                  IBUFDS (Prop_ibufds_I_O)     0.401     0.401 r  system_i/pll_0/inst/clkin1_ibufgds/O
                         net (fo=1, routed)           0.440     0.842    system_i/pll_0/inst/clk_in1_system_pll_0_0
    PLLE2_ADV_X0Y0       PLLE2_ADV (Prop_plle2_adv_CLKIN1_CLKOUT0)
                                                     -2.234    -1.393 r  system_i/pll_0/inst/plle2_adv_inst/CLKOUT0
                         net (fo=1, routed)           0.497    -0.896    system_i/pll_0/inst/clk_out1_system_pll_0_0
    BUFGCTRL_X0Y0        BUFG (Prop_bufg_I_O)         0.026    -0.870 r  system_i/pll_0/inst/clkout1_buf/O
                         net (fo=5495, routed)        0.562    -0.308    system_i/iir2nd/axi_gpio_3/U0/gpio_core_1/Dual.INPUT_DOUBLE_REGS4/s_axi_aclk
    SLICE_X29Y41         FDRE                                         r  system_i/iir2nd/axi_gpio_3/U0/gpio_core_1/Dual.INPUT_DOUBLE_REGS4/GENERATE_LEVEL_P_S_CDC.MULTI_BIT.FOR_IN_cdc_to[22].CROSS2_PLEVEL_IN2SCNDRY_IN_cdc_to/C

Slack:                    inf
  Source:                 system_i/iir2nd/axi_gpio_1/U0/gpio_core_1/Dual.gpio2_Data_Out_reg[28]/C
                            (rising edge-triggered cell FDRE clocked by clk_out1_system_pll_0_0  {rise@0.000ns fall@4.000ns period=8.000ns})
  Destination:            system_i/iir2nd/axi_gpio_1/U0/gpio_core_1/Dual.INPUT_DOUBLE_REGS5/GENERATE_LEVEL_P_S_CDC.MULTI_BIT.FOR_IN_cdc_to[3].CROSS2_PLEVEL_IN2SCNDRY_IN_cdc_to/D
                            (rising edge-triggered cell FDRE clocked by clk_out1_system_pll_0_0  {rise@0.000ns fall@4.000ns period=8.000ns})
  Path Group:             (none)
  Path Type:              Setup (Max at Fast Process Corner)
  Data Path Delay:        0.587ns  (logic 0.175ns (29.821%)  route 0.412ns (70.179%))
  Logic Levels:           0  
  Clock Path Skew:        -0.082ns (DCD - SCD + CPR)
    Destination Clock Delay (DCD):    -0.313ns
    Source Clock Delay      (SCD):    -0.231ns
    Clock Pessimism Removal (CPR):    0.000ns
  Clock Uncertainty:      0.069ns  ((TSJ^2 + DJ^2)^1/2) / 2 + PE
    Total System Jitter     (TSJ):    0.071ns
    Discrete Jitter          (DJ):    0.119ns
    Phase Error              (PE):    0.000ns
  Timing Exception:       False Path

    Location             Delay type                Incr(ns)  Path(ns)    Netlist Resource(s)
  -------------------------------------------------------------------    -------------------
                         (clock clk_out1_system_pll_0_0 rise edge)
                                                      0.000     0.000 r  
    U18                                               0.000     0.000 r  adc_clk_p_i (IN)
                         net (fo=0)                   0.000     0.000    system_i/pll_0/inst/clk_in1_p
    U18                  IBUFDS (Prop_ibufds_I_O)     0.433     0.433 r  system_i/pll_0/inst/clkin1_ibufgds/O
                         net (fo=1, routed)           0.481     0.914    system_i/pll_0/inst/clk_in1_system_pll_0_0
    PLLE2_ADV_X0Y0       PLLE2_ADV (Prop_plle2_adv_CLKIN1_CLKOUT0)
                                                     -2.546    -1.632 r  system_i/pll_0/inst/plle2_adv_inst/CLKOUT0
                         net (fo=1, routed)           0.544    -1.088    system_i/pll_0/inst/clk_out1_system_pll_0_0
    BUFGCTRL_X0Y0        BUFG (Prop_bufg_I_O)         0.029    -1.059 r  system_i/pll_0/inst/clkout1_buf/O
                         net (fo=5495, routed)        0.828    -0.231    system_i/iir2nd/axi_gpio_1/U0/gpio_core_1/s_axi_aclk
    SLICE_X26Y60         FDRE                                         r  system_i/iir2nd/axi_gpio_1/U0/gpio_core_1/Dual.gpio2_Data_Out_reg[28]/C
  -------------------------------------------------------------------    -------------------
    SLICE_X26Y60         FDRE (Prop_fdre_C_Q)         0.175    -0.056 r  system_i/iir2nd/axi_gpio_1/U0/gpio_core_1/Dual.gpio2_Data_Out_reg[28]/Q
                         net (fo=2, routed)           0.412     0.356    system_i/iir2nd/axi_gpio_1/U0/gpio_core_1/Dual.INPUT_DOUBLE_REGS5/Q[3]
    SLICE_X23Y59         FDRE                                         r  system_i/iir2nd/axi_gpio_1/U0/gpio_core_1/Dual.INPUT_DOUBLE_REGS5/GENERATE_LEVEL_P_S_CDC.MULTI_BIT.FOR_IN_cdc_to[3].CROSS2_PLEVEL_IN2SCNDRY_IN_cdc_to/D
  -------------------------------------------------------------------    -------------------

                         (clock clk_out1_system_pll_0_0 rise edge)
                                                      0.000     0.000 r  
    U18                                               0.000     0.000 r  adc_clk_p_i (IN)
                         net (fo=0)                   0.000     0.000    system_i/pll_0/inst/clk_in1_p
    U18                  IBUFDS (Prop_ibufds_I_O)     0.401     0.401 r  system_i/pll_0/inst/clkin1_ibufgds/O
                         net (fo=1, routed)           0.440     0.842    system_i/pll_0/inst/clk_in1_system_pll_0_0
    PLLE2_ADV_X0Y0       PLLE2_ADV (Prop_plle2_adv_CLKIN1_CLKOUT0)
                                                     -2.234    -1.393 r  system_i/pll_0/inst/plle2_adv_inst/CLKOUT0
                         net (fo=1, routed)           0.497    -0.896    system_i/pll_0/inst/clk_out1_system_pll_0_0
    BUFGCTRL_X0Y0        BUFG (Prop_bufg_I_O)         0.026    -0.870 r  system_i/pll_0/inst/clkout1_buf/O
                         net (fo=5495, routed)        0.557    -0.313    system_i/iir2nd/axi_gpio_1/U0/gpio_core_1/Dual.INPUT_DOUBLE_REGS5/s_axi_aclk
    SLICE_X23Y59         FDRE                                         r  system_i/iir2nd/axi_gpio_1/U0/gpio_core_1/Dual.INPUT_DOUBLE_REGS5/GENERATE_LEVEL_P_S_CDC.MULTI_BIT.FOR_IN_cdc_to[3].CROSS2_PLEVEL_IN2SCNDRY_IN_cdc_to/C

Slack:                    inf
  Source:                 system_i/iir2nd/axi_gpio_2/U0/gpio_core_1/Dual.gpio2_Data_Out_reg[28]/C
                            (rising edge-triggered cell FDRE clocked by clk_out1_system_pll_0_0  {rise@0.000ns fall@4.000ns period=8.000ns})
  Destination:            system_i/iir2nd/axi_gpio_2/U0/gpio_core_1/Dual.INPUT_DOUBLE_REGS5/GENERATE_LEVEL_P_S_CDC.MULTI_BIT.FOR_IN_cdc_to[3].CROSS2_PLEVEL_IN2SCNDRY_IN_cdc_to/D
                            (rising edge-triggered cell FDRE clocked by clk_out1_system_pll_0_0  {rise@0.000ns fall@4.000ns period=8.000ns})
  Path Group:             (none)
  Path Type:              Setup (Max at Fast Process Corner)
  Data Path Delay:        0.565ns  (logic 0.204ns (36.119%)  route 0.361ns (63.881%))
  Logic Levels:           0  
  Clock Path Skew:        -0.100ns (DCD - SCD + CPR)
    Destination Clock Delay (DCD):    -0.314ns
    Source Clock Delay      (SCD):    -0.214ns
    Clock Pessimism Removal (CPR):    0.000ns
  Clock Uncertainty:      0.069ns  ((TSJ^2 + DJ^2)^1/2) / 2 + PE
    Total System Jitter     (TSJ):    0.071ns
    Discrete Jitter          (DJ):    0.119ns
    Phase Error              (PE):    0.000ns
  Timing Exception:       False Path

    Location             Delay type                Incr(ns)  Path(ns)    Netlist Resource(s)
  -------------------------------------------------------------------    -------------------
                         (clock clk_out1_system_pll_0_0 rise edge)
                                                      0.000     0.000 r  
    U18                                               0.000     0.000 r  adc_clk_p_i (IN)
                         net (fo=0)                   0.000     0.000    system_i/pll_0/inst/clk_in1_p
    U18                  IBUFDS (Prop_ibufds_I_O)     0.433     0.433 r  system_i/pll_0/inst/clkin1_ibufgds/O
                         net (fo=1, routed)           0.481     0.914    system_i/pll_0/inst/clk_in1_system_pll_0_0
    PLLE2_ADV_X0Y0       PLLE2_ADV (Prop_plle2_adv_CLKIN1_CLKOUT0)
                                                     -2.546    -1.632 r  system_i/pll_0/inst/plle2_adv_inst/CLKOUT0
                         net (fo=1, routed)           0.544    -1.088    system_i/pll_0/inst/clk_out1_system_pll_0_0
    BUFGCTRL_X0Y0        BUFG (Prop_bufg_I_O)         0.029    -1.059 r  system_i/pll_0/inst/clkout1_buf/O
                         net (fo=5495, routed)        0.845    -0.214    system_i/iir2nd/axi_gpio_2/U0/gpio_core_1/s_axi_aclk
    SLICE_X4Y66          FDRE                                         r  system_i/iir2nd/axi_gpio_2/U0/gpio_core_1/Dual.gpio2_Data_Out_reg[28]/C
  -------------------------------------------------------------------    -------------------
    SLICE_X4Y66          FDRE (Prop_fdre_C_Q)         0.204    -0.010 r  system_i/iir2nd/axi_gpio_2/U0/gpio_core_1/Dual.gpio2_Data_Out_reg[28]/Q
                         net (fo=2, routed)           0.361     0.351    system_i/iir2nd/axi_gpio_2/U0/gpio_core_1/Dual.INPUT_DOUBLE_REGS5/Q[3]
    SLICE_X6Y69          FDRE                                         r  system_i/iir2nd/axi_gpio_2/U0/gpio_core_1/Dual.INPUT_DOUBLE_REGS5/GENERATE_LEVEL_P_S_CDC.MULTI_BIT.FOR_IN_cdc_to[3].CROSS2_PLEVEL_IN2SCNDRY_IN_cdc_to/D
  -------------------------------------------------------------------    -------------------

                         (clock clk_out1_system_pll_0_0 rise edge)
                                                      0.000     0.000 r  
    U18                                               0.000     0.000 r  adc_clk_p_i (IN)
                         net (fo=0)                   0.000     0.000    system_i/pll_0/inst/clk_in1_p
    U18                  IBUFDS (Prop_ibufds_I_O)     0.401     0.401 r  system_i/pll_0/inst/clkin1_ibufgds/O
                         net (fo=1, routed)           0.440     0.842    system_i/pll_0/inst/clk_in1_system_pll_0_0
    PLLE2_ADV_X0Y0       PLLE2_ADV (Prop_plle2_adv_CLKIN1_CLKOUT0)
                                                     -2.234    -1.393 r  system_i/pll_0/inst/plle2_adv_inst/CLKOUT0
                         net (fo=1, routed)           0.497    -0.896    system_i/pll_0/inst/clk_out1_system_pll_0_0
    BUFGCTRL_X0Y0        BUFG (Prop_bufg_I_O)         0.026    -0.870 r  system_i/pll_0/inst/clkout1_buf/O
                         net (fo=5495, routed)        0.556    -0.314    system_i/iir2nd/axi_gpio_2/U0/gpio_core_1/Dual.INPUT_DOUBLE_REGS5/s_axi_aclk
    SLICE_X6Y69          FDRE                                         r  system_i/iir2nd/axi_gpio_2/U0/gpio_core_1/Dual.INPUT_DOUBLE_REGS5/GENERATE_LEVEL_P_S_CDC.MULTI_BIT.FOR_IN_cdc_to[3].CROSS2_PLEVEL_IN2SCNDRY_IN_cdc_to/C

Slack:                    inf
  Source:                 system_i/iir2nd/axi_gpio_1/U0/gpio_core_1/Dual.gpio2_Data_Out_reg[3]/C
                            (rising edge-triggered cell FDRE clocked by clk_out1_system_pll_0_0  {rise@0.000ns fall@4.000ns period=8.000ns})
  Destination:            system_i/iir2nd/axi_gpio_1/U0/gpio_core_1/Dual.INPUT_DOUBLE_REGS5/GENERATE_LEVEL_P_S_CDC.MULTI_BIT.FOR_IN_cdc_to[28].CROSS2_PLEVEL_IN2SCNDRY_IN_cdc_to/D
                            (rising edge-triggered cell FDRE clocked by clk_out1_system_pll_0_0  {rise@0.000ns fall@4.000ns period=8.000ns})
  Path Group:             (none)
  Path Type:              Setup (Max at Fast Process Corner)
  Data Path Delay:        0.577ns  (logic 0.175ns (30.324%)  route 0.402ns (69.676%))
  Logic Levels:           0  
  Clock Path Skew:        -0.083ns (DCD - SCD + CPR)
    Destination Clock Delay (DCD):    -0.312ns
    Source Clock Delay      (SCD):    -0.229ns
    Clock Pessimism Removal (CPR):    0.000ns
  Clock Uncertainty:      0.069ns  ((TSJ^2 + DJ^2)^1/2) / 2 + PE
    Total System Jitter     (TSJ):    0.071ns
    Discrete Jitter          (DJ):    0.119ns
    Phase Error              (PE):    0.000ns
  Timing Exception:       False Path

    Location             Delay type                Incr(ns)  Path(ns)    Netlist Resource(s)
  -------------------------------------------------------------------    -------------------
                         (clock clk_out1_system_pll_0_0 rise edge)
                                                      0.000     0.000 r  
    U18                                               0.000     0.000 r  adc_clk_p_i (IN)
                         net (fo=0)                   0.000     0.000    system_i/pll_0/inst/clk_in1_p
    U18                  IBUFDS (Prop_ibufds_I_O)     0.433     0.433 r  system_i/pll_0/inst/clkin1_ibufgds/O
                         net (fo=1, routed)           0.481     0.914    system_i/pll_0/inst/clk_in1_system_pll_0_0
    PLLE2_ADV_X0Y0       PLLE2_ADV (Prop_plle2_adv_CLKIN1_CLKOUT0)
                                                     -2.546    -1.632 r  system_i/pll_0/inst/plle2_adv_inst/CLKOUT0
                         net (fo=1, routed)           0.544    -1.088    system_i/pll_0/inst/clk_out1_system_pll_0_0
    BUFGCTRL_X0Y0        BUFG (Prop_bufg_I_O)         0.029    -1.059 r  system_i/pll_0/inst/clkout1_buf/O
                         net (fo=5495, routed)        0.830    -0.229    system_i/iir2nd/axi_gpio_1/U0/gpio_core_1/s_axi_aclk
    SLICE_X27Y55         FDRE                                         r  system_i/iir2nd/axi_gpio_1/U0/gpio_core_1/Dual.gpio2_Data_Out_reg[3]/C
  -------------------------------------------------------------------    -------------------
    SLICE_X27Y55         FDRE (Prop_fdre_C_Q)         0.175    -0.054 r  system_i/iir2nd/axi_gpio_1/U0/gpio_core_1/Dual.gpio2_Data_Out_reg[3]/Q
                         net (fo=2, routed)           0.402     0.348    system_i/iir2nd/axi_gpio_1/U0/gpio_core_1/Dual.INPUT_DOUBLE_REGS5/Q[28]
    SLICE_X23Y54         FDRE                                         r  system_i/iir2nd/axi_gpio_1/U0/gpio_core_1/Dual.INPUT_DOUBLE_REGS5/GENERATE_LEVEL_P_S_CDC.MULTI_BIT.FOR_IN_cdc_to[28].CROSS2_PLEVEL_IN2SCNDRY_IN_cdc_to/D
  -------------------------------------------------------------------    -------------------

                         (clock clk_out1_system_pll_0_0 rise edge)
                                                      0.000     0.000 r  
    U18                                               0.000     0.000 r  adc_clk_p_i (IN)
                         net (fo=0)                   0.000     0.000    system_i/pll_0/inst/clk_in1_p
    U18                  IBUFDS (Prop_ibufds_I_O)     0.401     0.401 r  system_i/pll_0/inst/clkin1_ibufgds/O
                         net (fo=1, routed)           0.440     0.842    system_i/pll_0/inst/clk_in1_system_pll_0_0
    PLLE2_ADV_X0Y0       PLLE2_ADV (Prop_plle2_adv_CLKIN1_CLKOUT0)
                                                     -2.234    -1.393 r  system_i/pll_0/inst/plle2_adv_inst/CLKOUT0
                         net (fo=1, routed)           0.497    -0.896    system_i/pll_0/inst/clk_out1_system_pll_0_0
    BUFGCTRL_X0Y0        BUFG (Prop_bufg_I_O)         0.026    -0.870 r  system_i/pll_0/inst/clkout1_buf/O
                         net (fo=5495, routed)        0.558    -0.312    system_i/iir2nd/axi_gpio_1/U0/gpio_core_1/Dual.INPUT_DOUBLE_REGS5/s_axi_aclk
    SLICE_X23Y54         FDRE                                         r  system_i/iir2nd/axi_gpio_1/U0/gpio_core_1/Dual.INPUT_DOUBLE_REGS5/GENERATE_LEVEL_P_S_CDC.MULTI_BIT.FOR_IN_cdc_to[28].CROSS2_PLEVEL_IN2SCNDRY_IN_cdc_to/C

Slack:                    inf
  Source:                 system_i/iir2nd/axi_gpio_1/U0/gpio_core_1/Dual.gpio2_Data_Out_reg[1]/C
                            (rising edge-triggered cell FDRE clocked by clk_out1_system_pll_0_0  {rise@0.000ns fall@4.000ns period=8.000ns})
  Destination:            system_i/iir2nd/axi_gpio_1/U0/gpio_core_1/Dual.INPUT_DOUBLE_REGS5/GENERATE_LEVEL_P_S_CDC.MULTI_BIT.FOR_IN_cdc_to[30].CROSS2_PLEVEL_IN2SCNDRY_IN_cdc_to/D
                            (rising edge-triggered cell FDRE clocked by clk_out1_system_pll_0_0  {rise@0.000ns fall@4.000ns period=8.000ns})
  Path Group:             (none)
  Path Type:              Setup (Max at Fast Process Corner)
  Data Path Delay:        0.577ns  (logic 0.175ns (30.351%)  route 0.402ns (69.649%))
  Logic Levels:           0  
  Clock Path Skew:        -0.083ns (DCD - SCD + CPR)
    Destination Clock Delay (DCD):    -0.312ns
    Source Clock Delay      (SCD):    -0.229ns
    Clock Pessimism Removal (CPR):    0.000ns
  Clock Uncertainty:      0.069ns  ((TSJ^2 + DJ^2)^1/2) / 2 + PE
    Total System Jitter     (TSJ):    0.071ns
    Discrete Jitter          (DJ):    0.119ns
    Phase Error              (PE):    0.000ns
  Timing Exception:       False Path

    Location             Delay type                Incr(ns)  Path(ns)    Netlist Resource(s)
  -------------------------------------------------------------------    -------------------
                         (clock clk_out1_system_pll_0_0 rise edge)
                                                      0.000     0.000 r  
    U18                                               0.000     0.000 r  adc_clk_p_i (IN)
                         net (fo=0)                   0.000     0.000    system_i/pll_0/inst/clk_in1_p
    U18                  IBUFDS (Prop_ibufds_I_O)     0.433     0.433 r  system_i/pll_0/inst/clkin1_ibufgds/O
                         net (fo=1, routed)           0.481     0.914    system_i/pll_0/inst/clk_in1_system_pll_0_0
    PLLE2_ADV_X0Y0       PLLE2_ADV (Prop_plle2_adv_CLKIN1_CLKOUT0)
                                                     -2.546    -1.632 r  system_i/pll_0/inst/plle2_adv_inst/CLKOUT0
                         net (fo=1, routed)           0.544    -1.088    system_i/pll_0/inst/clk_out1_system_pll_0_0
    BUFGCTRL_X0Y0        BUFG (Prop_bufg_I_O)         0.029    -1.059 r  system_i/pll_0/inst/clkout1_buf/O
                         net (fo=5495, routed)        0.830    -0.229    system_i/iir2nd/axi_gpio_1/U0/gpio_core_1/s_axi_aclk
    SLICE_X27Y55         FDRE                                         r  system_i/iir2nd/axi_gpio_1/U0/gpio_core_1/Dual.gpio2_Data_Out_reg[1]/C
  -------------------------------------------------------------------    -------------------
    SLICE_X27Y55         FDRE (Prop_fdre_C_Q)         0.175    -0.054 r  system_i/iir2nd/axi_gpio_1/U0/gpio_core_1/Dual.gpio2_Data_Out_reg[1]/Q
                         net (fo=2, routed)           0.402     0.347    system_i/iir2nd/axi_gpio_1/U0/gpio_core_1/Dual.INPUT_DOUBLE_REGS5/Q[30]
    SLICE_X23Y56         FDRE                                         r  system_i/iir2nd/axi_gpio_1/U0/gpio_core_1/Dual.INPUT_DOUBLE_REGS5/GENERATE_LEVEL_P_S_CDC.MULTI_BIT.FOR_IN_cdc_to[30].CROSS2_PLEVEL_IN2SCNDRY_IN_cdc_to/D
  -------------------------------------------------------------------    -------------------

                         (clock clk_out1_system_pll_0_0 rise edge)
                                                      0.000     0.000 r  
    U18                                               0.000     0.000 r  adc_clk_p_i (IN)
                         net (fo=0)                   0.000     0.000    system_i/pll_0/inst/clk_in1_p
    U18                  IBUFDS (Prop_ibufds_I_O)     0.401     0.401 r  system_i/pll_0/inst/clkin1_ibufgds/O
                         net (fo=1, routed)           0.440     0.842    system_i/pll_0/inst/clk_in1_system_pll_0_0
    PLLE2_ADV_X0Y0       PLLE2_ADV (Prop_plle2_adv_CLKIN1_CLKOUT0)
                                                     -2.234    -1.393 r  system_i/pll_0/inst/plle2_adv_inst/CLKOUT0
                         net (fo=1, routed)           0.497    -0.896    system_i/pll_0/inst/clk_out1_system_pll_0_0
    BUFGCTRL_X0Y0        BUFG (Prop_bufg_I_O)         0.026    -0.870 r  system_i/pll_0/inst/clkout1_buf/O
                         net (fo=5495, routed)        0.558    -0.312    system_i/iir2nd/axi_gpio_1/U0/gpio_core_1/Dual.INPUT_DOUBLE_REGS5/s_axi_aclk
    SLICE_X23Y56         FDRE                                         r  system_i/iir2nd/axi_gpio_1/U0/gpio_core_1/Dual.INPUT_DOUBLE_REGS5/GENERATE_LEVEL_P_S_CDC.MULTI_BIT.FOR_IN_cdc_to[30].CROSS2_PLEVEL_IN2SCNDRY_IN_cdc_to/C

Slack:                    inf
  Source:                 system_i/iir2nd/axi_gpio_3/U0/gpio_core_1/Dual.gpio2_Data_Out_reg[16]/C
                            (rising edge-triggered cell FDRE clocked by clk_out1_system_pll_0_0  {rise@0.000ns fall@4.000ns period=8.000ns})
  Destination:            system_i/iir2nd/axi_gpio_3/U0/gpio_core_1/Dual.INPUT_DOUBLE_REGS5/GENERATE_LEVEL_P_S_CDC.MULTI_BIT.FOR_IN_cdc_to[15].CROSS2_PLEVEL_IN2SCNDRY_IN_cdc_to/D
                            (rising edge-triggered cell FDRE clocked by clk_out1_system_pll_0_0  {rise@0.000ns fall@4.000ns period=8.000ns})
  Path Group:             (none)
  Path Type:              Setup (Max at Fast Process Corner)
  Data Path Delay:        0.560ns  (logic 0.204ns (36.446%)  route 0.356ns (63.554%))
  Logic Levels:           0  
  Clock Path Skew:        -0.084ns (DCD - SCD + CPR)
    Destination Clock Delay (DCD):    -0.314ns
    Source Clock Delay      (SCD):    -0.230ns
    Clock Pessimism Removal (CPR):    0.000ns
  Clock Uncertainty:      0.069ns  ((TSJ^2 + DJ^2)^1/2) / 2 + PE
    Total System Jitter     (TSJ):    0.071ns
    Discrete Jitter          (DJ):    0.119ns
    Phase Error              (PE):    0.000ns
  Timing Exception:       False Path

    Location             Delay type                Incr(ns)  Path(ns)    Netlist Resource(s)
  -------------------------------------------------------------------    -------------------
                         (clock clk_out1_system_pll_0_0 rise edge)
                                                      0.000     0.000 r  
    U18                                               0.000     0.000 r  adc_clk_p_i (IN)
                         net (fo=0)                   0.000     0.000    system_i/pll_0/inst/clk_in1_p
    U18                  IBUFDS (Prop_ibufds_I_O)     0.433     0.433 r  system_i/pll_0/inst/clkin1_ibufgds/O
                         net (fo=1, routed)           0.481     0.914    system_i/pll_0/inst/clk_in1_system_pll_0_0
    PLLE2_ADV_X0Y0       PLLE2_ADV (Prop_plle2_adv_CLKIN1_CLKOUT0)
                                                     -2.546    -1.632 r  system_i/pll_0/inst/plle2_adv_inst/CLKOUT0
                         net (fo=1, routed)           0.544    -1.088    system_i/pll_0/inst/clk_out1_system_pll_0_0
    BUFGCTRL_X0Y0        BUFG (Prop_bufg_I_O)         0.029    -1.059 r  system_i/pll_0/inst/clkout1_buf/O
                         net (fo=5495, routed)        0.829    -0.230    system_i/iir2nd/axi_gpio_3/U0/gpio_core_1/s_axi_aclk
    SLICE_X16Y38         FDRE                                         r  system_i/iir2nd/axi_gpio_3/U0/gpio_core_1/Dual.gpio2_Data_Out_reg[16]/C
  -------------------------------------------------------------------    -------------------
    SLICE_X16Y38         FDRE (Prop_fdre_C_Q)         0.204    -0.026 r  system_i/iir2nd/axi_gpio_3/U0/gpio_core_1/Dual.gpio2_Data_Out_reg[16]/Q
                         net (fo=2, routed)           0.356     0.330    system_i/iir2nd/axi_gpio_3/U0/gpio_core_1/Dual.INPUT_DOUBLE_REGS5/Q[15]
    SLICE_X21Y36         FDRE                                         r  system_i/iir2nd/axi_gpio_3/U0/gpio_core_1/Dual.INPUT_DOUBLE_REGS5/GENERATE_LEVEL_P_S_CDC.MULTI_BIT.FOR_IN_cdc_to[15].CROSS2_PLEVEL_IN2SCNDRY_IN_cdc_to/D
  -------------------------------------------------------------------    -------------------

                         (clock clk_out1_system_pll_0_0 rise edge)
                                                      0.000     0.000 r  
    U18                                               0.000     0.000 r  adc_clk_p_i (IN)
                         net (fo=0)                   0.000     0.000    system_i/pll_0/inst/clk_in1_p
    U18                  IBUFDS (Prop_ibufds_I_O)     0.401     0.401 r  system_i/pll_0/inst/clkin1_ibufgds/O
                         net (fo=1, routed)           0.440     0.842    system_i/pll_0/inst/clk_in1_system_pll_0_0
    PLLE2_ADV_X0Y0       PLLE2_ADV (Prop_plle2_adv_CLKIN1_CLKOUT0)
                                                     -2.234    -1.393 r  system_i/pll_0/inst/plle2_adv_inst/CLKOUT0
                         net (fo=1, routed)           0.497    -0.896    system_i/pll_0/inst/clk_out1_system_pll_0_0
    BUFGCTRL_X0Y0        BUFG (Prop_bufg_I_O)         0.026    -0.870 r  system_i/pll_0/inst/clkout1_buf/O
                         net (fo=5495, routed)        0.556    -0.314    system_i/iir2nd/axi_gpio_3/U0/gpio_core_1/Dual.INPUT_DOUBLE_REGS5/s_axi_aclk
    SLICE_X21Y36         FDRE                                         r  system_i/iir2nd/axi_gpio_3/U0/gpio_core_1/Dual.INPUT_DOUBLE_REGS5/GENERATE_LEVEL_P_S_CDC.MULTI_BIT.FOR_IN_cdc_to[15].CROSS2_PLEVEL_IN2SCNDRY_IN_cdc_to/C

Slack:                    inf
  Source:                 system_i/iir2nd/axi_gpio_3/U0/gpio_core_1/Dual.gpio2_Data_Out_reg[14]/C
                            (rising edge-triggered cell FDRE clocked by clk_out1_system_pll_0_0  {rise@0.000ns fall@4.000ns period=8.000ns})
  Destination:            system_i/iir2nd/axi_gpio_3/U0/gpio_core_1/Dual.INPUT_DOUBLE_REGS5/GENERATE_LEVEL_P_S_CDC.MULTI_BIT.FOR_IN_cdc_to[17].CROSS2_PLEVEL_IN2SCNDRY_IN_cdc_to/D
                            (rising edge-triggered cell FDRE clocked by clk_out1_system_pll_0_0  {rise@0.000ns fall@4.000ns period=8.000ns})
  Path Group:             (none)
  Path Type:              Setup (Max at Fast Process Corner)
  Data Path Delay:        0.560ns  (logic 0.175ns (31.266%)  route 0.385ns (68.734%))
  Logic Levels:           0  
  Clock Path Skew:        -0.081ns (DCD - SCD + CPR)
    Destination Clock Delay (DCD):    -0.314ns
    Source Clock Delay      (SCD):    -0.233ns
    Clock Pessimism Removal (CPR):    0.000ns
  Clock Uncertainty:      0.069ns  ((TSJ^2 + DJ^2)^1/2) / 2 + PE
    Total System Jitter     (TSJ):    0.071ns
    Discrete Jitter          (DJ):    0.119ns
    Phase Error              (PE):    0.000ns
  Timing Exception:       False Path

    Location             Delay type                Incr(ns)  Path(ns)    Netlist Resource(s)
  -------------------------------------------------------------------    -------------------
                         (clock clk_out1_system_pll_0_0 rise edge)
                                                      0.000     0.000 r  
    U18                                               0.000     0.000 r  adc_clk_p_i (IN)
                         net (fo=0)                   0.000     0.000    system_i/pll_0/inst/clk_in1_p
    U18                  IBUFDS (Prop_ibufds_I_O)     0.433     0.433 r  system_i/pll_0/inst/clkin1_ibufgds/O
                         net (fo=1, routed)           0.481     0.914    system_i/pll_0/inst/clk_in1_system_pll_0_0
    PLLE2_ADV_X0Y0       PLLE2_ADV (Prop_plle2_adv_CLKIN1_CLKOUT0)
                                                     -2.546    -1.632 r  system_i/pll_0/inst/plle2_adv_inst/CLKOUT0
                         net (fo=1, routed)           0.544    -1.088    system_i/pll_0/inst/clk_out1_system_pll_0_0
    BUFGCTRL_X0Y0        BUFG (Prop_bufg_I_O)         0.029    -1.059 r  system_i/pll_0/inst/clkout1_buf/O
                         net (fo=5495, routed)        0.826    -0.233    system_i/iir2nd/axi_gpio_3/U0/gpio_core_1/s_axi_aclk
    SLICE_X23Y38         FDRE                                         r  system_i/iir2nd/axi_gpio_3/U0/gpio_core_1/Dual.gpio2_Data_Out_reg[14]/C
  -------------------------------------------------------------------    -------------------
    SLICE_X23Y38         FDRE (Prop_fdre_C_Q)         0.175    -0.058 r  system_i/iir2nd/axi_gpio_3/U0/gpio_core_1/Dual.gpio2_Data_Out_reg[14]/Q
                         net (fo=2, routed)           0.385     0.327    system_i/iir2nd/axi_gpio_3/U0/gpio_core_1/Dual.INPUT_DOUBLE_REGS5/Q[17]
    SLICE_X24Y36         FDRE                                         r  system_i/iir2nd/axi_gpio_3/U0/gpio_core_1/Dual.INPUT_DOUBLE_REGS5/GENERATE_LEVEL_P_S_CDC.MULTI_BIT.FOR_IN_cdc_to[17].CROSS2_PLEVEL_IN2SCNDRY_IN_cdc_to/D
  -------------------------------------------------------------------    -------------------

                         (clock clk_out1_system_pll_0_0 rise edge)
                                                      0.000     0.000 r  
    U18                                               0.000     0.000 r  adc_clk_p_i (IN)
                         net (fo=0)                   0.000     0.000    system_i/pll_0/inst/clk_in1_p
    U18                  IBUFDS (Prop_ibufds_I_O)     0.401     0.401 r  system_i/pll_0/inst/clkin1_ibufgds/O
                         net (fo=1, routed)           0.440     0.842    system_i/pll_0/inst/clk_in1_system_pll_0_0
    PLLE2_ADV_X0Y0       PLLE2_ADV (Prop_plle2_adv_CLKIN1_CLKOUT0)
                                                     -2.234    -1.393 r  system_i/pll_0/inst/plle2_adv_inst/CLKOUT0
                         net (fo=1, routed)           0.497    -0.896    system_i/pll_0/inst/clk_out1_system_pll_0_0
    BUFGCTRL_X0Y0        BUFG (Prop_bufg_I_O)         0.026    -0.870 r  system_i/pll_0/inst/clkout1_buf/O
                         net (fo=5495, routed)        0.556    -0.314    system_i/iir2nd/axi_gpio_3/U0/gpio_core_1/Dual.INPUT_DOUBLE_REGS5/s_axi_aclk
    SLICE_X24Y36         FDRE                                         r  system_i/iir2nd/axi_gpio_3/U0/gpio_core_1/Dual.INPUT_DOUBLE_REGS5/GENERATE_LEVEL_P_S_CDC.MULTI_BIT.FOR_IN_cdc_to[17].CROSS2_PLEVEL_IN2SCNDRY_IN_cdc_to/C

Slack:                    inf
  Source:                 system_i/iir2nd/axi_gpio_1/U0/gpio_core_1/Dual.gpio2_Data_Out_reg[19]/C
                            (rising edge-triggered cell FDRE clocked by clk_out1_system_pll_0_0  {rise@0.000ns fall@4.000ns period=8.000ns})
  Destination:            system_i/iir2nd/axi_gpio_1/U0/gpio_core_1/Dual.INPUT_DOUBLE_REGS5/GENERATE_LEVEL_P_S_CDC.MULTI_BIT.FOR_IN_cdc_to[12].CROSS2_PLEVEL_IN2SCNDRY_IN_cdc_to/D
                            (rising edge-triggered cell FDRE clocked by clk_out1_system_pll_0_0  {rise@0.000ns fall@4.000ns period=8.000ns})
  Path Group:             (none)
  Path Type:              Setup (Max at Fast Process Corner)
  Data Path Delay:        0.555ns  (logic 0.175ns (31.527%)  route 0.380ns (68.473%))
  Logic Levels:           0  
  Clock Path Skew:        -0.079ns (DCD - SCD + CPR)
    Destination Clock Delay (DCD):    -0.309ns
    Source Clock Delay      (SCD):    -0.230ns
    Clock Pessimism Removal (CPR):    0.000ns
  Clock Uncertainty:      0.069ns  ((TSJ^2 + DJ^2)^1/2) / 2 + PE
    Total System Jitter     (TSJ):    0.071ns
    Discrete Jitter          (DJ):    0.119ns
    Phase Error              (PE):    0.000ns
  Timing Exception:       False Path

    Location             Delay type                Incr(ns)  Path(ns)    Netlist Resource(s)
  -------------------------------------------------------------------    -------------------
                         (clock clk_out1_system_pll_0_0 rise edge)
                                                      0.000     0.000 r  
    U18                                               0.000     0.000 r  adc_clk_p_i (IN)
                         net (fo=0)                   0.000     0.000    system_i/pll_0/inst/clk_in1_p
    U18                  IBUFDS (Prop_ibufds_I_O)     0.433     0.433 r  system_i/pll_0/inst/clkin1_ibufgds/O
                         net (fo=1, routed)           0.481     0.914    system_i/pll_0/inst/clk_in1_system_pll_0_0
    PLLE2_ADV_X0Y0       PLLE2_ADV (Prop_plle2_adv_CLKIN1_CLKOUT0)
                                                     -2.546    -1.632 r  system_i/pll_0/inst/plle2_adv_inst/CLKOUT0
                         net (fo=1, routed)           0.544    -1.088    system_i/pll_0/inst/clk_out1_system_pll_0_0
    BUFGCTRL_X0Y0        BUFG (Prop_bufg_I_O)         0.029    -1.059 r  system_i/pll_0/inst/clkout1_buf/O
                         net (fo=5495, routed)        0.829    -0.230    system_i/iir2nd/axi_gpio_1/U0/gpio_core_1/s_axi_aclk
    SLICE_X17Y58         FDRE                                         r  system_i/iir2nd/axi_gpio_1/U0/gpio_core_1/Dual.gpio2_Data_Out_reg[19]/C
  -------------------------------------------------------------------    -------------------
    SLICE_X17Y58         FDRE (Prop_fdre_C_Q)         0.175    -0.055 r  system_i/iir2nd/axi_gpio_1/U0/gpio_core_1/Dual.gpio2_Data_Out_reg[19]/Q
                         net (fo=2, routed)           0.380     0.325    system_i/iir2nd/axi_gpio_1/U0/gpio_core_1/Dual.INPUT_DOUBLE_REGS5/Q[12]
    SLICE_X14Y54         FDRE                                         r  system_i/iir2nd/axi_gpio_1/U0/gpio_core_1/Dual.INPUT_DOUBLE_REGS5/GENERATE_LEVEL_P_S_CDC.MULTI_BIT.FOR_IN_cdc_to[12].CROSS2_PLEVEL_IN2SCNDRY_IN_cdc_to/D
  -------------------------------------------------------------------    -------------------

                         (clock clk_out1_system_pll_0_0 rise edge)
                                                      0.000     0.000 r  
    U18                                               0.000     0.000 r  adc_clk_p_i (IN)
                         net (fo=0)                   0.000     0.000    system_i/pll_0/inst/clk_in1_p
    U18                  IBUFDS (Prop_ibufds_I_O)     0.401     0.401 r  system_i/pll_0/inst/clkin1_ibufgds/O
                         net (fo=1, routed)           0.440     0.842    system_i/pll_0/inst/clk_in1_system_pll_0_0
    PLLE2_ADV_X0Y0       PLLE2_ADV (Prop_plle2_adv_CLKIN1_CLKOUT0)
                                                     -2.234    -1.393 r  system_i/pll_0/inst/plle2_adv_inst/CLKOUT0
                         net (fo=1, routed)           0.497    -0.896    system_i/pll_0/inst/clk_out1_system_pll_0_0
    BUFGCTRL_X0Y0        BUFG (Prop_bufg_I_O)         0.026    -0.870 r  system_i/pll_0/inst/clkout1_buf/O
                         net (fo=5495, routed)        0.561    -0.309    system_i/iir2nd/axi_gpio_1/U0/gpio_core_1/Dual.INPUT_DOUBLE_REGS5/s_axi_aclk
    SLICE_X14Y54         FDRE                                         r  system_i/iir2nd/axi_gpio_1/U0/gpio_core_1/Dual.INPUT_DOUBLE_REGS5/GENERATE_LEVEL_P_S_CDC.MULTI_BIT.FOR_IN_cdc_to[12].CROSS2_PLEVEL_IN2SCNDRY_IN_cdc_to/C

Slack:                    inf
  Source:                 system_i/iir2nd/axi_gpio_3/U0/gpio_core_1/Dual.gpio_Data_Out_reg[12]/C
                            (rising edge-triggered cell FDRE clocked by clk_out1_system_pll_0_0  {rise@0.000ns fall@4.000ns period=8.000ns})
  Destination:            system_i/iir2nd/axi_gpio_3/U0/gpio_core_1/Dual.INPUT_DOUBLE_REGS4/GENERATE_LEVEL_P_S_CDC.MULTI_BIT.FOR_IN_cdc_to[19].CROSS2_PLEVEL_IN2SCNDRY_IN_cdc_to/D
                            (rising edge-triggered cell FDRE clocked by clk_out1_system_pll_0_0  {rise@0.000ns fall@4.000ns period=8.000ns})
  Path Group:             (none)
  Path Type:              Setup (Max at Fast Process Corner)
  Data Path Delay:        0.554ns  (logic 0.175ns (31.592%)  route 0.379ns (68.408%))
  Logic Levels:           0  
  Clock Path Skew:        -0.084ns (DCD - SCD + CPR)
    Destination Clock Delay (DCD):    -0.314ns
    Source Clock Delay      (SCD):    -0.230ns
    Clock Pessimism Removal (CPR):    0.000ns
  Clock Uncertainty:      0.069ns  ((TSJ^2 + DJ^2)^1/2) / 2 + PE
    Total System Jitter     (TSJ):    0.071ns
    Discrete Jitter          (DJ):    0.119ns
    Phase Error              (PE):    0.000ns
  Timing Exception:       False Path

    Location             Delay type                Incr(ns)  Path(ns)    Netlist Resource(s)
  -------------------------------------------------------------------    -------------------
                         (clock clk_out1_system_pll_0_0 rise edge)
                                                      0.000     0.000 r  
    U18                                               0.000     0.000 r  adc_clk_p_i (IN)
                         net (fo=0)                   0.000     0.000    system_i/pll_0/inst/clk_in1_p
    U18                  IBUFDS (Prop_ibufds_I_O)     0.433     0.433 r  system_i/pll_0/inst/clkin1_ibufgds/O
                         net (fo=1, routed)           0.481     0.914    system_i/pll_0/inst/clk_in1_system_pll_0_0
    PLLE2_ADV_X0Y0       PLLE2_ADV (Prop_plle2_adv_CLKIN1_CLKOUT0)
                                                     -2.546    -1.632 r  system_i/pll_0/inst/plle2_adv_inst/CLKOUT0
                         net (fo=1, routed)           0.544    -1.088    system_i/pll_0/inst/clk_out1_system_pll_0_0
    BUFGCTRL_X0Y0        BUFG (Prop_bufg_I_O)         0.029    -1.059 r  system_i/pll_0/inst/clkout1_buf/O
                         net (fo=5495, routed)        0.829    -0.230    system_i/iir2nd/axi_gpio_3/U0/gpio_core_1/s_axi_aclk
    SLICE_X17Y38         FDRE                                         r  system_i/iir2nd/axi_gpio_3/U0/gpio_core_1/Dual.gpio_Data_Out_reg[12]/C
  -------------------------------------------------------------------    -------------------
    SLICE_X17Y38         FDRE (Prop_fdre_C_Q)         0.175    -0.055 r  system_i/iir2nd/axi_gpio_3/U0/gpio_core_1/Dual.gpio_Data_Out_reg[12]/Q
                         net (fo=2, routed)           0.379     0.324    system_i/iir2nd/axi_gpio_3/U0/gpio_core_1/Dual.INPUT_DOUBLE_REGS4/Q[19]
    SLICE_X21Y35         FDRE                                         r  system_i/iir2nd/axi_gpio_3/U0/gpio_core_1/Dual.INPUT_DOUBLE_REGS4/GENERATE_LEVEL_P_S_CDC.MULTI_BIT.FOR_IN_cdc_to[19].CROSS2_PLEVEL_IN2SCNDRY_IN_cdc_to/D
  -------------------------------------------------------------------    -------------------

                         (clock clk_out1_system_pll_0_0 rise edge)
                                                      0.000     0.000 r  
    U18                                               0.000     0.000 r  adc_clk_p_i (IN)
                         net (fo=0)                   0.000     0.000    system_i/pll_0/inst/clk_in1_p
    U18                  IBUFDS (Prop_ibufds_I_O)     0.401     0.401 r  system_i/pll_0/inst/clkin1_ibufgds/O
                         net (fo=1, routed)           0.440     0.842    system_i/pll_0/inst/clk_in1_system_pll_0_0
    PLLE2_ADV_X0Y0       PLLE2_ADV (Prop_plle2_adv_CLKIN1_CLKOUT0)
                                                     -2.234    -1.393 r  system_i/pll_0/inst/plle2_adv_inst/CLKOUT0
                         net (fo=1, routed)           0.497    -0.896    system_i/pll_0/inst/clk_out1_system_pll_0_0
    BUFGCTRL_X0Y0        BUFG (Prop_bufg_I_O)         0.026    -0.870 r  system_i/pll_0/inst/clkout1_buf/O
                         net (fo=5495, routed)        0.556    -0.314    system_i/iir2nd/axi_gpio_3/U0/gpio_core_1/Dual.INPUT_DOUBLE_REGS4/s_axi_aclk
    SLICE_X21Y35         FDRE                                         r  system_i/iir2nd/axi_gpio_3/U0/gpio_core_1/Dual.INPUT_DOUBLE_REGS4/GENERATE_LEVEL_P_S_CDC.MULTI_BIT.FOR_IN_cdc_to[19].CROSS2_PLEVEL_IN2SCNDRY_IN_cdc_to/C

Slack:                    inf
  Source:                 system_i/iir2nd/axi_gpio_3/U0/gpio_core_1/Dual.gpio_Data_Out_reg[16]/C
                            (rising edge-triggered cell FDRE clocked by clk_out1_system_pll_0_0  {rise@0.000ns fall@4.000ns period=8.000ns})
  Destination:            system_i/iir2nd/axi_gpio_3/U0/gpio_core_1/Dual.INPUT_DOUBLE_REGS4/GENERATE_LEVEL_P_S_CDC.MULTI_BIT.FOR_IN_cdc_to[15].CROSS2_PLEVEL_IN2SCNDRY_IN_cdc_to/D
                            (rising edge-triggered cell FDRE clocked by clk_out1_system_pll_0_0  {rise@0.000ns fall@4.000ns period=8.000ns})
  Path Group:             (none)
  Path Type:              Setup (Max at Fast Process Corner)
  Data Path Delay:        0.553ns  (logic 0.175ns (31.662%)  route 0.378ns (68.338%))
  Logic Levels:           0  
  Clock Path Skew:        -0.084ns (DCD - SCD + CPR)
    Destination Clock Delay (DCD):    -0.314ns
    Source Clock Delay      (SCD):    -0.230ns
    Clock Pessimism Removal (CPR):    0.000ns
  Clock Uncertainty:      0.069ns  ((TSJ^2 + DJ^2)^1/2) / 2 + PE
    Total System Jitter     (TSJ):    0.071ns
    Discrete Jitter          (DJ):    0.119ns
    Phase Error              (PE):    0.000ns
  Timing Exception:       False Path

    Location             Delay type                Incr(ns)  Path(ns)    Netlist Resource(s)
  -------------------------------------------------------------------    -------------------
                         (clock clk_out1_system_pll_0_0 rise edge)
                                                      0.000     0.000 r  
    U18                                               0.000     0.000 r  adc_clk_p_i (IN)
                         net (fo=0)                   0.000     0.000    system_i/pll_0/inst/clk_in1_p
    U18                  IBUFDS (Prop_ibufds_I_O)     0.433     0.433 r  system_i/pll_0/inst/clkin1_ibufgds/O
                         net (fo=1, routed)           0.481     0.914    system_i/pll_0/inst/clk_in1_system_pll_0_0
    PLLE2_ADV_X0Y0       PLLE2_ADV (Prop_plle2_adv_CLKIN1_CLKOUT0)
                                                     -2.546    -1.632 r  system_i/pll_0/inst/plle2_adv_inst/CLKOUT0
                         net (fo=1, routed)           0.544    -1.088    system_i/pll_0/inst/clk_out1_system_pll_0_0
    BUFGCTRL_X0Y0        BUFG (Prop_bufg_I_O)         0.029    -1.059 r  system_i/pll_0/inst/clkout1_buf/O
                         net (fo=5495, routed)        0.829    -0.230    system_i/iir2nd/axi_gpio_3/U0/gpio_core_1/s_axi_aclk
    SLICE_X17Y38         FDRE                                         r  system_i/iir2nd/axi_gpio_3/U0/gpio_core_1/Dual.gpio_Data_Out_reg[16]/C
  -------------------------------------------------------------------    -------------------
    SLICE_X17Y38         FDRE (Prop_fdre_C_Q)         0.175    -0.055 r  system_i/iir2nd/axi_gpio_3/U0/gpio_core_1/Dual.gpio_Data_Out_reg[16]/Q
                         net (fo=2, routed)           0.378     0.323    system_i/iir2nd/axi_gpio_3/U0/gpio_core_1/Dual.INPUT_DOUBLE_REGS4/Q[15]
    SLICE_X20Y36         FDRE                                         r  system_i/iir2nd/axi_gpio_3/U0/gpio_core_1/Dual.INPUT_DOUBLE_REGS4/GENERATE_LEVEL_P_S_CDC.MULTI_BIT.FOR_IN_cdc_to[15].CROSS2_PLEVEL_IN2SCNDRY_IN_cdc_to/D
  -------------------------------------------------------------------    -------------------

                         (clock clk_out1_system_pll_0_0 rise edge)
                                                      0.000     0.000 r  
    U18                                               0.000     0.000 r  adc_clk_p_i (IN)
                         net (fo=0)                   0.000     0.000    system_i/pll_0/inst/clk_in1_p
    U18                  IBUFDS (Prop_ibufds_I_O)     0.401     0.401 r  system_i/pll_0/inst/clkin1_ibufgds/O
                         net (fo=1, routed)           0.440     0.842    system_i/pll_0/inst/clk_in1_system_pll_0_0
    PLLE2_ADV_X0Y0       PLLE2_ADV (Prop_plle2_adv_CLKIN1_CLKOUT0)
                                                     -2.234    -1.393 r  system_i/pll_0/inst/plle2_adv_inst/CLKOUT0
                         net (fo=1, routed)           0.497    -0.896    system_i/pll_0/inst/clk_out1_system_pll_0_0
    BUFGCTRL_X0Y0        BUFG (Prop_bufg_I_O)         0.026    -0.870 r  system_i/pll_0/inst/clkout1_buf/O
                         net (fo=5495, routed)        0.556    -0.314    system_i/iir2nd/axi_gpio_3/U0/gpio_core_1/Dual.INPUT_DOUBLE_REGS4/s_axi_aclk
    SLICE_X20Y36         FDRE                                         r  system_i/iir2nd/axi_gpio_3/U0/gpio_core_1/Dual.INPUT_DOUBLE_REGS4/GENERATE_LEVEL_P_S_CDC.MULTI_BIT.FOR_IN_cdc_to[15].CROSS2_PLEVEL_IN2SCNDRY_IN_cdc_to/C





Min Delay Paths
--------------------------------------------------------------------------------------
Slack:                    inf
  Source:                 system_i/iir2nd/axi_gpio_1/U0/gpio_core_1/Dual.gpio2_Data_Out_reg[17]/C
                            (rising edge-triggered cell FDRE clocked by clk_out1_system_pll_0_0  {rise@0.000ns fall@4.000ns period=8.000ns})
  Destination:            system_i/iir2nd/axi_gpio_1/U0/gpio_core_1/Dual.INPUT_DOUBLE_REGS5/GENERATE_LEVEL_P_S_CDC.MULTI_BIT.FOR_IN_cdc_to[14].CROSS2_PLEVEL_IN2SCNDRY_IN_cdc_to/D
                            (rising edge-triggered cell FDRE clocked by clk_out1_system_pll_0_0  {rise@0.000ns fall@4.000ns period=8.000ns})
  Path Group:             (none)
  Path Type:              Hold (Min at Slow Process Corner)
  Data Path Delay:        0.515ns  (logic 0.367ns (71.229%)  route 0.148ns (28.771%))
  Logic Levels:           0  
  Clock Path Skew:        -0.371ns (DCD - SCD - CPR)
    Destination Clock Delay (DCD):    -2.727ns
    Source Clock Delay      (SCD):    -2.356ns
    Clock Pessimism Removal (CPR):    -0.000ns
  Clock Uncertainty:      0.069ns  ((TSJ^2 + DJ^2)^1/2) / 2 + PE
    Total System Jitter     (TSJ):    0.071ns
    Discrete Jitter          (DJ):    0.119ns
    Phase Error              (PE):    0.000ns
  Timing Exception:       False Path

    Location             Delay type                Incr(ns)  Path(ns)    Netlist Resource(s)
  -------------------------------------------------------------------    -------------------
                         (clock clk_out1_system_pll_0_0 rise edge)
                                                      0.000     0.000 r  
    U18                                               0.000     0.000 r  adc_clk_p_i (IN)
                         net (fo=0)                   0.000     0.000    system_i/pll_0/inst/clk_in1_p
    U18                  IBUFDS (Prop_ibufds_I_O)     0.940     0.940 r  system_i/pll_0/inst/clkin1_ibufgds/O
                         net (fo=1, routed)           1.181     2.121    system_i/pll_0/inst/clk_in1_system_pll_0_0
    PLLE2_ADV_X0Y0       PLLE2_ADV (Prop_plle2_adv_CLKIN1_CLKOUT0)
                                                     -7.650    -5.530 r  system_i/pll_0/inst/plle2_adv_inst/CLKOUT0
                         net (fo=1, routed)           1.594    -3.935    system_i/pll_0/inst/clk_out1_system_pll_0_0
    BUFGCTRL_X0Y0        BUFG (Prop_bufg_I_O)         0.091    -3.844 r  system_i/pll_0/inst/clkout1_buf/O
                         net (fo=5495, routed)        1.489    -2.356    system_i/iir2nd/axi_gpio_1/U0/gpio_core_1/s_axi_aclk
    SLICE_X17Y58         FDRE                                         r  system_i/iir2nd/axi_gpio_1/U0/gpio_core_1/Dual.gpio2_Data_Out_reg[17]/C
  -------------------------------------------------------------------    -------------------
    SLICE_X17Y58         FDRE (Prop_fdre_C_Q)         0.367    -1.989 r  system_i/iir2nd/axi_gpio_1/U0/gpio_core_1/Dual.gpio2_Data_Out_reg[17]/Q
                         net (fo=2, routed)           0.148    -1.840    system_i/iir2nd/axi_gpio_1/U0/gpio_core_1/Dual.INPUT_DOUBLE_REGS5/Q[14]
    SLICE_X16Y58         FDRE                                         r  system_i/iir2nd/axi_gpio_1/U0/gpio_core_1/Dual.INPUT_DOUBLE_REGS5/GENERATE_LEVEL_P_S_CDC.MULTI_BIT.FOR_IN_cdc_to[14].CROSS2_PLEVEL_IN2SCNDRY_IN_cdc_to/D
  -------------------------------------------------------------------    -------------------

                         (clock clk_out1_system_pll_0_0 rise edge)
                                                      0.000     0.000 r  
    U18                                               0.000     0.000 r  adc_clk_p_i (IN)
                         net (fo=0)                   0.000     0.000    system_i/pll_0/inst/clk_in1_p
    U18                  IBUFDS (Prop_ibufds_I_O)     0.983     0.983 r  system_i/pll_0/inst/clkin1_ibufgds/O
                         net (fo=1, routed)           1.306     2.289    system_i/pll_0/inst/clk_in1_system_pll_0_0
    PLLE2_ADV_X0Y0       PLLE2_ADV (Prop_plle2_adv_CLKIN1_CLKOUT0)
                                                     -8.533    -6.244 r  system_i/pll_0/inst/plle2_adv_inst/CLKOUT0
                         net (fo=1, routed)           1.754    -4.490    system_i/pll_0/inst/clk_out1_system_pll_0_0
    BUFGCTRL_X0Y0        BUFG (Prop_bufg_I_O)         0.101    -4.389 r  system_i/pll_0/inst/clkout1_buf/O
                         net (fo=5495, routed)        1.662    -2.727    system_i/iir2nd/axi_gpio_1/U0/gpio_core_1/Dual.INPUT_DOUBLE_REGS5/s_axi_aclk
    SLICE_X16Y58         FDRE                                         r  system_i/iir2nd/axi_gpio_1/U0/gpio_core_1/Dual.INPUT_DOUBLE_REGS5/GENERATE_LEVEL_P_S_CDC.MULTI_BIT.FOR_IN_cdc_to[14].CROSS2_PLEVEL_IN2SCNDRY_IN_cdc_to/C

Slack:                    inf
  Source:                 system_i/iir2nd/axi_gpio_1/U0/gpio_core_1/Dual.gpio2_Data_Out_reg[8]/C
                            (rising edge-triggered cell FDRE clocked by clk_out1_system_pll_0_0  {rise@0.000ns fall@4.000ns period=8.000ns})
  Destination:            system_i/iir2nd/axi_gpio_1/U0/gpio_core_1/Dual.INPUT_DOUBLE_REGS5/GENERATE_LEVEL_P_S_CDC.MULTI_BIT.FOR_IN_cdc_to[23].CROSS2_PLEVEL_IN2SCNDRY_IN_cdc_to/D
                            (rising edge-triggered cell FDRE clocked by clk_out1_system_pll_0_0  {rise@0.000ns fall@4.000ns period=8.000ns})
  Path Group:             (none)
  Path Type:              Hold (Min at Slow Process Corner)
  Data Path Delay:        0.595ns  (logic 0.337ns (56.656%)  route 0.258ns (43.344%))
  Logic Levels:           0  
  Clock Path Skew:        -0.371ns (DCD - SCD - CPR)
    Destination Clock Delay (DCD):    -2.727ns
    Source Clock Delay      (SCD):    -2.356ns
    Clock Pessimism Removal (CPR):    -0.000ns
  Clock Uncertainty:      0.069ns  ((TSJ^2 + DJ^2)^1/2) / 2 + PE
    Total System Jitter     (TSJ):    0.071ns
    Discrete Jitter          (DJ):    0.119ns
    Phase Error              (PE):    0.000ns
  Timing Exception:       False Path

    Location             Delay type                Incr(ns)  Path(ns)    Netlist Resource(s)
  -------------------------------------------------------------------    -------------------
                         (clock clk_out1_system_pll_0_0 rise edge)
                                                      0.000     0.000 r  
    U18                                               0.000     0.000 r  adc_clk_p_i (IN)
                         net (fo=0)                   0.000     0.000    system_i/pll_0/inst/clk_in1_p
    U18                  IBUFDS (Prop_ibufds_I_O)     0.940     0.940 r  system_i/pll_0/inst/clkin1_ibufgds/O
                         net (fo=1, routed)           1.181     2.121    system_i/pll_0/inst/clk_in1_system_pll_0_0
    PLLE2_ADV_X0Y0       PLLE2_ADV (Prop_plle2_adv_CLKIN1_CLKOUT0)
                                                     -7.650    -5.530 r  system_i/pll_0/inst/plle2_adv_inst/CLKOUT0
                         net (fo=1, routed)           1.594    -3.935    system_i/pll_0/inst/clk_out1_system_pll_0_0
    BUFGCTRL_X0Y0        BUFG (Prop_bufg_I_O)         0.091    -3.844 r  system_i/pll_0/inst/clkout1_buf/O
                         net (fo=5495, routed)        1.489    -2.356    system_i/iir2nd/axi_gpio_1/U0/gpio_core_1/s_axi_aclk
    SLICE_X27Y55         FDRE                                         r  system_i/iir2nd/axi_gpio_1/U0/gpio_core_1/Dual.gpio2_Data_Out_reg[8]/C
  -------------------------------------------------------------------    -------------------
    SLICE_X27Y55         FDRE (Prop_fdre_C_Q)         0.337    -2.019 r  system_i/iir2nd/axi_gpio_1/U0/gpio_core_1/Dual.gpio2_Data_Out_reg[8]/Q
                         net (fo=2, routed)           0.258    -1.761    system_i/iir2nd/axi_gpio_1/U0/gpio_core_1/Dual.INPUT_DOUBLE_REGS5/Q[23]
    SLICE_X27Y54         FDRE                                         r  system_i/iir2nd/axi_gpio_1/U0/gpio_core_1/Dual.INPUT_DOUBLE_REGS5/GENERATE_LEVEL_P_S_CDC.MULTI_BIT.FOR_IN_cdc_to[23].CROSS2_PLEVEL_IN2SCNDRY_IN_cdc_to/D
  -------------------------------------------------------------------    -------------------

                         (clock clk_out1_system_pll_0_0 rise edge)
                                                      0.000     0.000 r  
    U18                                               0.000     0.000 r  adc_clk_p_i (IN)
                         net (fo=0)                   0.000     0.000    system_i/pll_0/inst/clk_in1_p
    U18                  IBUFDS (Prop_ibufds_I_O)     0.983     0.983 r  system_i/pll_0/inst/clkin1_ibufgds/O
                         net (fo=1, routed)           1.306     2.289    system_i/pll_0/inst/clk_in1_system_pll_0_0
    PLLE2_ADV_X0Y0       PLLE2_ADV (Prop_plle2_adv_CLKIN1_CLKOUT0)
                                                     -8.533    -6.244 r  system_i/pll_0/inst/plle2_adv_inst/CLKOUT0
                         net (fo=1, routed)           1.754    -4.490    system_i/pll_0/inst/clk_out1_system_pll_0_0
    BUFGCTRL_X0Y0        BUFG (Prop_bufg_I_O)         0.101    -4.389 r  system_i/pll_0/inst/clkout1_buf/O
                         net (fo=5495, routed)        1.662    -2.727    system_i/iir2nd/axi_gpio_1/U0/gpio_core_1/Dual.INPUT_DOUBLE_REGS5/s_axi_aclk
    SLICE_X27Y54         FDRE                                         r  system_i/iir2nd/axi_gpio_1/U0/gpio_core_1/Dual.INPUT_DOUBLE_REGS5/GENERATE_LEVEL_P_S_CDC.MULTI_BIT.FOR_IN_cdc_to[23].CROSS2_PLEVEL_IN2SCNDRY_IN_cdc_to/C

Slack:                    inf
  Source:                 system_i/iir2nd/axi_gpio_1/U0/gpio_core_1/Dual.gpio2_Data_Out_reg[2]/C
                            (rising edge-triggered cell FDRE clocked by clk_out1_system_pll_0_0  {rise@0.000ns fall@4.000ns period=8.000ns})
  Destination:            system_i/iir2nd/axi_gpio_1/U0/gpio_core_1/Dual.INPUT_DOUBLE_REGS5/GENERATE_LEVEL_P_S_CDC.MULTI_BIT.FOR_IN_cdc_to[29].CROSS2_PLEVEL_IN2SCNDRY_IN_cdc_to/D
                            (rising edge-triggered cell FDRE clocked by clk_out1_system_pll_0_0  {rise@0.000ns fall@4.000ns period=8.000ns})
  Path Group:             (none)
  Path Type:              Hold (Min at Slow Process Corner)
  Data Path Delay:        0.611ns  (logic 0.337ns (55.190%)  route 0.274ns (44.810%))
  Logic Levels:           0  
  Clock Path Skew:        -0.372ns (DCD - SCD - CPR)
    Destination Clock Delay (DCD):    -2.728ns
    Source Clock Delay      (SCD):    -2.356ns
    Clock Pessimism Removal (CPR):    -0.000ns
  Clock Uncertainty:      0.069ns  ((TSJ^2 + DJ^2)^1/2) / 2 + PE
    Total System Jitter     (TSJ):    0.071ns
    Discrete Jitter          (DJ):    0.119ns
    Phase Error              (PE):    0.000ns
  Timing Exception:       False Path

    Location             Delay type                Incr(ns)  Path(ns)    Netlist Resource(s)
  -------------------------------------------------------------------    -------------------
                         (clock clk_out1_system_pll_0_0 rise edge)
                                                      0.000     0.000 r  
    U18                                               0.000     0.000 r  adc_clk_p_i (IN)
                         net (fo=0)                   0.000     0.000    system_i/pll_0/inst/clk_in1_p
    U18                  IBUFDS (Prop_ibufds_I_O)     0.940     0.940 r  system_i/pll_0/inst/clkin1_ibufgds/O
                         net (fo=1, routed)           1.181     2.121    system_i/pll_0/inst/clk_in1_system_pll_0_0
    PLLE2_ADV_X0Y0       PLLE2_ADV (Prop_plle2_adv_CLKIN1_CLKOUT0)
                                                     -7.650    -5.530 r  system_i/pll_0/inst/plle2_adv_inst/CLKOUT0
                         net (fo=1, routed)           1.594    -3.935    system_i/pll_0/inst/clk_out1_system_pll_0_0
    BUFGCTRL_X0Y0        BUFG (Prop_bufg_I_O)         0.091    -3.844 r  system_i/pll_0/inst/clkout1_buf/O
                         net (fo=5495, routed)        1.489    -2.356    system_i/iir2nd/axi_gpio_1/U0/gpio_core_1/s_axi_aclk
    SLICE_X17Y58         FDRE                                         r  system_i/iir2nd/axi_gpio_1/U0/gpio_core_1/Dual.gpio2_Data_Out_reg[2]/C
  -------------------------------------------------------------------    -------------------
    SLICE_X17Y58         FDRE (Prop_fdre_C_Q)         0.337    -2.019 r  system_i/iir2nd/axi_gpio_1/U0/gpio_core_1/Dual.gpio2_Data_Out_reg[2]/Q
                         net (fo=2, routed)           0.274    -1.745    system_i/iir2nd/axi_gpio_1/U0/gpio_core_1/Dual.INPUT_DOUBLE_REGS5/Q[29]
    SLICE_X16Y59         FDRE                                         r  system_i/iir2nd/axi_gpio_1/U0/gpio_core_1/Dual.INPUT_DOUBLE_REGS5/GENERATE_LEVEL_P_S_CDC.MULTI_BIT.FOR_IN_cdc_to[29].CROSS2_PLEVEL_IN2SCNDRY_IN_cdc_to/D
  -------------------------------------------------------------------    -------------------

                         (clock clk_out1_system_pll_0_0 rise edge)
                                                      0.000     0.000 r  
    U18                                               0.000     0.000 r  adc_clk_p_i (IN)
                         net (fo=0)                   0.000     0.000    system_i/pll_0/inst/clk_in1_p
    U18                  IBUFDS (Prop_ibufds_I_O)     0.983     0.983 r  system_i/pll_0/inst/clkin1_ibufgds/O
                         net (fo=1, routed)           1.306     2.289    system_i/pll_0/inst/clk_in1_system_pll_0_0
    PLLE2_ADV_X0Y0       PLLE2_ADV (Prop_plle2_adv_CLKIN1_CLKOUT0)
                                                     -8.533    -6.244 r  system_i/pll_0/inst/plle2_adv_inst/CLKOUT0
                         net (fo=1, routed)           1.754    -4.490    system_i/pll_0/inst/clk_out1_system_pll_0_0
    BUFGCTRL_X0Y0        BUFG (Prop_bufg_I_O)         0.101    -4.389 r  system_i/pll_0/inst/clkout1_buf/O
                         net (fo=5495, routed)        1.661    -2.728    system_i/iir2nd/axi_gpio_1/U0/gpio_core_1/Dual.INPUT_DOUBLE_REGS5/s_axi_aclk
    SLICE_X16Y59         FDRE                                         r  system_i/iir2nd/axi_gpio_1/U0/gpio_core_1/Dual.INPUT_DOUBLE_REGS5/GENERATE_LEVEL_P_S_CDC.MULTI_BIT.FOR_IN_cdc_to[29].CROSS2_PLEVEL_IN2SCNDRY_IN_cdc_to/C

Slack:                    inf
  Source:                 system_i/iir2nd/axi_gpio_1/U0/gpio_core_1/Dual.gpio_Data_Out_reg[18]/C
                            (rising edge-triggered cell FDRE clocked by clk_out1_system_pll_0_0  {rise@0.000ns fall@4.000ns period=8.000ns})
  Destination:            system_i/iir2nd/axi_gpio_1/U0/gpio_core_1/Dual.INPUT_DOUBLE_REGS4/GENERATE_LEVEL_P_S_CDC.MULTI_BIT.FOR_IN_cdc_to[13].CROSS2_PLEVEL_IN2SCNDRY_IN_cdc_to/D
                            (rising edge-triggered cell FDRE clocked by clk_out1_system_pll_0_0  {rise@0.000ns fall@4.000ns period=8.000ns})
  Path Group:             (none)
  Path Type:              Hold (Min at Slow Process Corner)
  Data Path Delay:        0.622ns  (logic 0.367ns (58.999%)  route 0.255ns (41.001%))
  Logic Levels:           0  
  Clock Path Skew:        -0.370ns (DCD - SCD - CPR)
    Destination Clock Delay (DCD):    -2.727ns
    Source Clock Delay      (SCD):    -2.357ns
    Clock Pessimism Removal (CPR):    -0.000ns
  Clock Uncertainty:      0.069ns  ((TSJ^2 + DJ^2)^1/2) / 2 + PE
    Total System Jitter     (TSJ):    0.071ns
    Discrete Jitter          (DJ):    0.119ns
    Phase Error              (PE):    0.000ns
  Timing Exception:       False Path

    Location             Delay type                Incr(ns)  Path(ns)    Netlist Resource(s)
  -------------------------------------------------------------------    -------------------
                         (clock clk_out1_system_pll_0_0 rise edge)
                                                      0.000     0.000 r  
    U18                                               0.000     0.000 r  adc_clk_p_i (IN)
                         net (fo=0)                   0.000     0.000    system_i/pll_0/inst/clk_in1_p
    U18                  IBUFDS (Prop_ibufds_I_O)     0.940     0.940 r  system_i/pll_0/inst/clkin1_ibufgds/O
                         net (fo=1, routed)           1.181     2.121    system_i/pll_0/inst/clk_in1_system_pll_0_0
    PLLE2_ADV_X0Y0       PLLE2_ADV (Prop_plle2_adv_CLKIN1_CLKOUT0)
                                                     -7.650    -5.530 r  system_i/pll_0/inst/plle2_adv_inst/CLKOUT0
                         net (fo=1, routed)           1.594    -3.935    system_i/pll_0/inst/clk_out1_system_pll_0_0
    BUFGCTRL_X0Y0        BUFG (Prop_bufg_I_O)         0.091    -3.844 r  system_i/pll_0/inst/clkout1_buf/O
                         net (fo=5495, routed)        1.488    -2.357    system_i/iir2nd/axi_gpio_1/U0/gpio_core_1/s_axi_aclk
    SLICE_X21Y57         FDRE                                         r  system_i/iir2nd/axi_gpio_1/U0/gpio_core_1/Dual.gpio_Data_Out_reg[18]/C
  -------------------------------------------------------------------    -------------------
    SLICE_X21Y57         FDRE (Prop_fdre_C_Q)         0.367    -1.990 r  system_i/iir2nd/axi_gpio_1/U0/gpio_core_1/Dual.gpio_Data_Out_reg[18]/Q
                         net (fo=2, routed)           0.255    -1.735    system_i/iir2nd/axi_gpio_1/U0/gpio_core_1/Dual.INPUT_DOUBLE_REGS4/Q[13]
    SLICE_X21Y56         FDRE                                         r  system_i/iir2nd/axi_gpio_1/U0/gpio_core_1/Dual.INPUT_DOUBLE_REGS4/GENERATE_LEVEL_P_S_CDC.MULTI_BIT.FOR_IN_cdc_to[13].CROSS2_PLEVEL_IN2SCNDRY_IN_cdc_to/D
  -------------------------------------------------------------------    -------------------

                         (clock clk_out1_system_pll_0_0 rise edge)
                                                      0.000     0.000 r  
    U18                                               0.000     0.000 r  adc_clk_p_i (IN)
                         net (fo=0)                   0.000     0.000    system_i/pll_0/inst/clk_in1_p
    U18                  IBUFDS (Prop_ibufds_I_O)     0.983     0.983 r  system_i/pll_0/inst/clkin1_ibufgds/O
                         net (fo=1, routed)           1.306     2.289    system_i/pll_0/inst/clk_in1_system_pll_0_0
    PLLE2_ADV_X0Y0       PLLE2_ADV (Prop_plle2_adv_CLKIN1_CLKOUT0)
                                                     -8.533    -6.244 r  system_i/pll_0/inst/plle2_adv_inst/CLKOUT0
                         net (fo=1, routed)           1.754    -4.490    system_i/pll_0/inst/clk_out1_system_pll_0_0
    BUFGCTRL_X0Y0        BUFG (Prop_bufg_I_O)         0.101    -4.389 r  system_i/pll_0/inst/clkout1_buf/O
                         net (fo=5495, routed)        1.662    -2.727    system_i/iir2nd/axi_gpio_1/U0/gpio_core_1/Dual.INPUT_DOUBLE_REGS4/s_axi_aclk
    SLICE_X21Y56         FDRE                                         r  system_i/iir2nd/axi_gpio_1/U0/gpio_core_1/Dual.INPUT_DOUBLE_REGS4/GENERATE_LEVEL_P_S_CDC.MULTI_BIT.FOR_IN_cdc_to[13].CROSS2_PLEVEL_IN2SCNDRY_IN_cdc_to/C

Slack:                    inf
  Source:                 system_i/iir2nd/axi_gpio_3/U0/gpio_core_1/Dual.gpio2_Data_Out_reg[28]/C
                            (rising edge-triggered cell FDRE clocked by clk_out1_system_pll_0_0  {rise@0.000ns fall@4.000ns period=8.000ns})
  Destination:            system_i/iir2nd/axi_gpio_3/U0/gpio_core_1/Dual.INPUT_DOUBLE_REGS5/GENERATE_LEVEL_P_S_CDC.MULTI_BIT.FOR_IN_cdc_to[3].CROSS2_PLEVEL_IN2SCNDRY_IN_cdc_to/D
                            (rising edge-triggered cell FDRE clocked by clk_out1_system_pll_0_0  {rise@0.000ns fall@4.000ns period=8.000ns})
  Path Group:             (none)
  Path Type:              Hold (Min at Slow Process Corner)
  Data Path Delay:        0.622ns  (logic 0.367ns (58.999%)  route 0.255ns (41.001%))
  Logic Levels:           0  
  Clock Path Skew:        -0.370ns (DCD - SCD - CPR)
    Destination Clock Delay (DCD):    -2.722ns
    Source Clock Delay      (SCD):    -2.352ns
    Clock Pessimism Removal (CPR):    -0.000ns
  Clock Uncertainty:      0.069ns  ((TSJ^2 + DJ^2)^1/2) / 2 + PE
    Total System Jitter     (TSJ):    0.071ns
    Discrete Jitter          (DJ):    0.119ns
    Phase Error              (PE):    0.000ns
  Timing Exception:       False Path

    Location             Delay type                Incr(ns)  Path(ns)    Netlist Resource(s)
  -------------------------------------------------------------------    -------------------
                         (clock clk_out1_system_pll_0_0 rise edge)
                                                      0.000     0.000 r  
    U18                                               0.000     0.000 r  adc_clk_p_i (IN)
                         net (fo=0)                   0.000     0.000    system_i/pll_0/inst/clk_in1_p
    U18                  IBUFDS (Prop_ibufds_I_O)     0.940     0.940 r  system_i/pll_0/inst/clkin1_ibufgds/O
                         net (fo=1, routed)           1.181     2.121    system_i/pll_0/inst/clk_in1_system_pll_0_0
    PLLE2_ADV_X0Y0       PLLE2_ADV (Prop_plle2_adv_CLKIN1_CLKOUT0)
                                                     -7.650    -5.530 r  system_i/pll_0/inst/plle2_adv_inst/CLKOUT0
                         net (fo=1, routed)           1.594    -3.935    system_i/pll_0/inst/clk_out1_system_pll_0_0
    BUFGCTRL_X0Y0        BUFG (Prop_bufg_I_O)         0.091    -3.844 r  system_i/pll_0/inst/clkout1_buf/O
                         net (fo=5495, routed)        1.492    -2.352    system_i/iir2nd/axi_gpio_3/U0/gpio_core_1/s_axi_aclk
    SLICE_X23Y38         FDRE                                         r  system_i/iir2nd/axi_gpio_3/U0/gpio_core_1/Dual.gpio2_Data_Out_reg[28]/C
  -------------------------------------------------------------------    -------------------
    SLICE_X23Y38         FDRE (Prop_fdre_C_Q)         0.367    -1.985 r  system_i/iir2nd/axi_gpio_3/U0/gpio_core_1/Dual.gpio2_Data_Out_reg[28]/Q
                         net (fo=2, routed)           0.255    -1.730    system_i/iir2nd/axi_gpio_3/U0/gpio_core_1/Dual.INPUT_DOUBLE_REGS5/Q[3]
    SLICE_X23Y39         FDRE                                         r  system_i/iir2nd/axi_gpio_3/U0/gpio_core_1/Dual.INPUT_DOUBLE_REGS5/GENERATE_LEVEL_P_S_CDC.MULTI_BIT.FOR_IN_cdc_to[3].CROSS2_PLEVEL_IN2SCNDRY_IN_cdc_to/D
  -------------------------------------------------------------------    -------------------

                         (clock clk_out1_system_pll_0_0 rise edge)
                                                      0.000     0.000 r  
    U18                                               0.000     0.000 r  adc_clk_p_i (IN)
                         net (fo=0)                   0.000     0.000    system_i/pll_0/inst/clk_in1_p
    U18                  IBUFDS (Prop_ibufds_I_O)     0.983     0.983 r  system_i/pll_0/inst/clkin1_ibufgds/O
                         net (fo=1, routed)           1.306     2.289    system_i/pll_0/inst/clk_in1_system_pll_0_0
    PLLE2_ADV_X0Y0       PLLE2_ADV (Prop_plle2_adv_CLKIN1_CLKOUT0)
                                                     -8.533    -6.244 r  system_i/pll_0/inst/plle2_adv_inst/CLKOUT0
                         net (fo=1, routed)           1.754    -4.490    system_i/pll_0/inst/clk_out1_system_pll_0_0
    BUFGCTRL_X0Y0        BUFG (Prop_bufg_I_O)         0.101    -4.389 r  system_i/pll_0/inst/clkout1_buf/O
                         net (fo=5495, routed)        1.667    -2.722    system_i/iir2nd/axi_gpio_3/U0/gpio_core_1/Dual.INPUT_DOUBLE_REGS5/s_axi_aclk
    SLICE_X23Y39         FDRE                                         r  system_i/iir2nd/axi_gpio_3/U0/gpio_core_1/Dual.INPUT_DOUBLE_REGS5/GENERATE_LEVEL_P_S_CDC.MULTI_BIT.FOR_IN_cdc_to[3].CROSS2_PLEVEL_IN2SCNDRY_IN_cdc_to/C

Slack:                    inf
  Source:                 system_i/iir2nd/axi_gpio_3/U0/gpio_core_1/Dual.gpio2_Data_Out_reg[11]/C
                            (rising edge-triggered cell FDRE clocked by clk_out1_system_pll_0_0  {rise@0.000ns fall@4.000ns period=8.000ns})
  Destination:            system_i/iir2nd/axi_gpio_3/U0/gpio_core_1/Dual.INPUT_DOUBLE_REGS5/GENERATE_LEVEL_P_S_CDC.MULTI_BIT.FOR_IN_cdc_to[20].CROSS2_PLEVEL_IN2SCNDRY_IN_cdc_to/D
                            (rising edge-triggered cell FDRE clocked by clk_out1_system_pll_0_0  {rise@0.000ns fall@4.000ns period=8.000ns})
  Path Group:             (none)
  Path Type:              Hold (Min at Slow Process Corner)
  Data Path Delay:        0.618ns  (logic 0.367ns (59.356%)  route 0.251ns (40.644%))
  Logic Levels:           0  
  Clock Path Skew:        -0.370ns (DCD - SCD - CPR)
    Destination Clock Delay (DCD):    -2.718ns
    Source Clock Delay      (SCD):    -2.348ns
    Clock Pessimism Removal (CPR):    -0.000ns
  Clock Uncertainty:      0.069ns  ((TSJ^2 + DJ^2)^1/2) / 2 + PE
    Total System Jitter     (TSJ):    0.071ns
    Discrete Jitter          (DJ):    0.119ns
    Phase Error              (PE):    0.000ns
  Timing Exception:       False Path

    Location             Delay type                Incr(ns)  Path(ns)    Netlist Resource(s)
  -------------------------------------------------------------------    -------------------
                         (clock clk_out1_system_pll_0_0 rise edge)
                                                      0.000     0.000 r  
    U18                                               0.000     0.000 r  adc_clk_p_i (IN)
                         net (fo=0)                   0.000     0.000    system_i/pll_0/inst/clk_in1_p
    U18                  IBUFDS (Prop_ibufds_I_O)     0.940     0.940 r  system_i/pll_0/inst/clkin1_ibufgds/O
                         net (fo=1, routed)           1.181     2.121    system_i/pll_0/inst/clk_in1_system_pll_0_0
    PLLE2_ADV_X0Y0       PLLE2_ADV (Prop_plle2_adv_CLKIN1_CLKOUT0)
                                                     -7.650    -5.530 r  system_i/pll_0/inst/plle2_adv_inst/CLKOUT0
                         net (fo=1, routed)           1.594    -3.935    system_i/pll_0/inst/clk_out1_system_pll_0_0
    BUFGCTRL_X0Y0        BUFG (Prop_bufg_I_O)         0.091    -3.844 r  system_i/pll_0/inst/clkout1_buf/O
                         net (fo=5495, routed)        1.496    -2.348    system_i/iir2nd/axi_gpio_3/U0/gpio_core_1/s_axi_aclk
    SLICE_X31Y38         FDRE                                         r  system_i/iir2nd/axi_gpio_3/U0/gpio_core_1/Dual.gpio2_Data_Out_reg[11]/C
  -------------------------------------------------------------------    -------------------
    SLICE_X31Y38         FDRE (Prop_fdre_C_Q)         0.367    -1.981 r  system_i/iir2nd/axi_gpio_3/U0/gpio_core_1/Dual.gpio2_Data_Out_reg[11]/Q
                         net (fo=2, routed)           0.251    -1.730    system_i/iir2nd/axi_gpio_3/U0/gpio_core_1/Dual.INPUT_DOUBLE_REGS5/Q[20]
    SLICE_X29Y38         FDRE                                         r  system_i/iir2nd/axi_gpio_3/U0/gpio_core_1/Dual.INPUT_DOUBLE_REGS5/GENERATE_LEVEL_P_S_CDC.MULTI_BIT.FOR_IN_cdc_to[20].CROSS2_PLEVEL_IN2SCNDRY_IN_cdc_to/D
  -------------------------------------------------------------------    -------------------

                         (clock clk_out1_system_pll_0_0 rise edge)
                                                      0.000     0.000 r  
    U18                                               0.000     0.000 r  adc_clk_p_i (IN)
                         net (fo=0)                   0.000     0.000    system_i/pll_0/inst/clk_in1_p
    U18                  IBUFDS (Prop_ibufds_I_O)     0.983     0.983 r  system_i/pll_0/inst/clkin1_ibufgds/O
                         net (fo=1, routed)           1.306     2.289    system_i/pll_0/inst/clk_in1_system_pll_0_0
    PLLE2_ADV_X0Y0       PLLE2_ADV (Prop_plle2_adv_CLKIN1_CLKOUT0)
                                                     -8.533    -6.244 r  system_i/pll_0/inst/plle2_adv_inst/CLKOUT0
                         net (fo=1, routed)           1.754    -4.490    system_i/pll_0/inst/clk_out1_system_pll_0_0
    BUFGCTRL_X0Y0        BUFG (Prop_bufg_I_O)         0.101    -4.389 r  system_i/pll_0/inst/clkout1_buf/O
                         net (fo=5495, routed)        1.671    -2.718    system_i/iir2nd/axi_gpio_3/U0/gpio_core_1/Dual.INPUT_DOUBLE_REGS5/s_axi_aclk
    SLICE_X29Y38         FDRE                                         r  system_i/iir2nd/axi_gpio_3/U0/gpio_core_1/Dual.INPUT_DOUBLE_REGS5/GENERATE_LEVEL_P_S_CDC.MULTI_BIT.FOR_IN_cdc_to[20].CROSS2_PLEVEL_IN2SCNDRY_IN_cdc_to/C

Slack:                    inf
  Source:                 system_i/iir2nd/axi_gpio_3/U0/gpio_core_1/Dual.gpio_Data_Out_reg[24]/C
                            (rising edge-triggered cell FDRE clocked by clk_out1_system_pll_0_0  {rise@0.000ns fall@4.000ns period=8.000ns})
  Destination:            system_i/iir2nd/axi_gpio_3/U0/gpio_core_1/Dual.INPUT_DOUBLE_REGS4/GENERATE_LEVEL_P_S_CDC.MULTI_BIT.FOR_IN_cdc_to[7].CROSS2_PLEVEL_IN2SCNDRY_IN_cdc_to/D
                            (rising edge-triggered cell FDRE clocked by clk_out1_system_pll_0_0  {rise@0.000ns fall@4.000ns period=8.000ns})
  Path Group:             (none)
  Path Type:              Hold (Min at Slow Process Corner)
  Data Path Delay:        0.622ns  (logic 0.367ns (58.999%)  route 0.255ns (41.001%))
  Logic Levels:           0  
  Clock Path Skew:        -0.372ns (DCD - SCD - CPR)
    Destination Clock Delay (DCD):    -2.716ns
    Source Clock Delay      (SCD):    -2.344ns
    Clock Pessimism Removal (CPR):    -0.000ns
  Clock Uncertainty:      0.069ns  ((TSJ^2 + DJ^2)^1/2) / 2 + PE
    Total System Jitter     (TSJ):    0.071ns
    Discrete Jitter          (DJ):    0.119ns
    Phase Error              (PE):    0.000ns
  Timing Exception:       False Path

    Location             Delay type                Incr(ns)  Path(ns)    Netlist Resource(s)
  -------------------------------------------------------------------    -------------------
                         (clock clk_out1_system_pll_0_0 rise edge)
                                                      0.000     0.000 r  
    U18                                               0.000     0.000 r  adc_clk_p_i (IN)
                         net (fo=0)                   0.000     0.000    system_i/pll_0/inst/clk_in1_p
    U18                  IBUFDS (Prop_ibufds_I_O)     0.940     0.940 r  system_i/pll_0/inst/clkin1_ibufgds/O
                         net (fo=1, routed)           1.181     2.121    system_i/pll_0/inst/clk_in1_system_pll_0_0
    PLLE2_ADV_X0Y0       PLLE2_ADV (Prop_plle2_adv_CLKIN1_CLKOUT0)
                                                     -7.650    -5.530 r  system_i/pll_0/inst/plle2_adv_inst/CLKOUT0
                         net (fo=1, routed)           1.594    -3.935    system_i/pll_0/inst/clk_out1_system_pll_0_0
    BUFGCTRL_X0Y0        BUFG (Prop_bufg_I_O)         0.091    -3.844 r  system_i/pll_0/inst/clkout1_buf/O
                         net (fo=5495, routed)        1.500    -2.344    system_i/iir2nd/axi_gpio_3/U0/gpio_core_1/s_axi_aclk
    SLICE_X27Y47         FDRE                                         r  system_i/iir2nd/axi_gpio_3/U0/gpio_core_1/Dual.gpio_Data_Out_reg[24]/C
  -------------------------------------------------------------------    -------------------
    SLICE_X27Y47         FDRE (Prop_fdre_C_Q)         0.367    -1.977 r  system_i/iir2nd/axi_gpio_3/U0/gpio_core_1/Dual.gpio_Data_Out_reg[24]/Q
                         net (fo=2, routed)           0.255    -1.722    system_i/iir2nd/axi_gpio_3/U0/gpio_core_1/Dual.INPUT_DOUBLE_REGS4/Q[7]
    SLICE_X27Y46         FDRE                                         r  system_i/iir2nd/axi_gpio_3/U0/gpio_core_1/Dual.INPUT_DOUBLE_REGS4/GENERATE_LEVEL_P_S_CDC.MULTI_BIT.FOR_IN_cdc_to[7].CROSS2_PLEVEL_IN2SCNDRY_IN_cdc_to/D
  -------------------------------------------------------------------    -------------------

                         (clock clk_out1_system_pll_0_0 rise edge)
                                                      0.000     0.000 r  
    U18                                               0.000     0.000 r  adc_clk_p_i (IN)
                         net (fo=0)                   0.000     0.000    system_i/pll_0/inst/clk_in1_p
    U18                  IBUFDS (Prop_ibufds_I_O)     0.983     0.983 r  system_i/pll_0/inst/clkin1_ibufgds/O
                         net (fo=1, routed)           1.306     2.289    system_i/pll_0/inst/clk_in1_system_pll_0_0
    PLLE2_ADV_X0Y0       PLLE2_ADV (Prop_plle2_adv_CLKIN1_CLKOUT0)
                                                     -8.533    -6.244 r  system_i/pll_0/inst/plle2_adv_inst/CLKOUT0
                         net (fo=1, routed)           1.754    -4.490    system_i/pll_0/inst/clk_out1_system_pll_0_0
    BUFGCTRL_X0Y0        BUFG (Prop_bufg_I_O)         0.101    -4.389 r  system_i/pll_0/inst/clkout1_buf/O
                         net (fo=5495, routed)        1.673    -2.716    system_i/iir2nd/axi_gpio_3/U0/gpio_core_1/Dual.INPUT_DOUBLE_REGS4/s_axi_aclk
    SLICE_X27Y46         FDRE                                         r  system_i/iir2nd/axi_gpio_3/U0/gpio_core_1/Dual.INPUT_DOUBLE_REGS4/GENERATE_LEVEL_P_S_CDC.MULTI_BIT.FOR_IN_cdc_to[7].CROSS2_PLEVEL_IN2SCNDRY_IN_cdc_to/C

Slack:                    inf
  Source:                 system_i/iir2nd/axi_gpio_3/U0/gpio_core_1/Dual.gpio2_Data_Out_reg[29]/C
                            (rising edge-triggered cell FDRE clocked by clk_out1_system_pll_0_0  {rise@0.000ns fall@4.000ns period=8.000ns})
  Destination:            system_i/iir2nd/axi_gpio_3/U0/gpio_core_1/Dual.INPUT_DOUBLE_REGS5/GENERATE_LEVEL_P_S_CDC.MULTI_BIT.FOR_IN_cdc_to[2].CROSS2_PLEVEL_IN2SCNDRY_IN_cdc_to/D
                            (rising edge-triggered cell FDRE clocked by clk_out1_system_pll_0_0  {rise@0.000ns fall@4.000ns period=8.000ns})
  Path Group:             (none)
  Path Type:              Hold (Min at Slow Process Corner)
  Data Path Delay:        0.625ns  (logic 0.367ns (58.729%)  route 0.258ns (41.271%))
  Logic Levels:           0  
  Clock Path Skew:        -0.371ns (DCD - SCD - CPR)
    Destination Clock Delay (DCD):    -2.716ns
    Source Clock Delay      (SCD):    -2.345ns
    Clock Pessimism Removal (CPR):    -0.000ns
  Clock Uncertainty:      0.069ns  ((TSJ^2 + DJ^2)^1/2) / 2 + PE
    Total System Jitter     (TSJ):    0.071ns
    Discrete Jitter          (DJ):    0.119ns
    Phase Error              (PE):    0.000ns
  Timing Exception:       False Path

    Location             Delay type                Incr(ns)  Path(ns)    Netlist Resource(s)
  -------------------------------------------------------------------    -------------------
                         (clock clk_out1_system_pll_0_0 rise edge)
                                                      0.000     0.000 r  
    U18                                               0.000     0.000 r  adc_clk_p_i (IN)
                         net (fo=0)                   0.000     0.000    system_i/pll_0/inst/clk_in1_p
    U18                  IBUFDS (Prop_ibufds_I_O)     0.940     0.940 r  system_i/pll_0/inst/clkin1_ibufgds/O
                         net (fo=1, routed)           1.181     2.121    system_i/pll_0/inst/clk_in1_system_pll_0_0
    PLLE2_ADV_X0Y0       PLLE2_ADV (Prop_plle2_adv_CLKIN1_CLKOUT0)
                                                     -7.650    -5.530 r  system_i/pll_0/inst/plle2_adv_inst/CLKOUT0
                         net (fo=1, routed)           1.594    -3.935    system_i/pll_0/inst/clk_out1_system_pll_0_0
    BUFGCTRL_X0Y0        BUFG (Prop_bufg_I_O)         0.091    -3.844 r  system_i/pll_0/inst/clkout1_buf/O
                         net (fo=5495, routed)        1.499    -2.345    system_i/iir2nd/axi_gpio_3/U0/gpio_core_1/s_axi_aclk
    SLICE_X26Y46         FDRE                                         r  system_i/iir2nd/axi_gpio_3/U0/gpio_core_1/Dual.gpio2_Data_Out_reg[29]/C
  -------------------------------------------------------------------    -------------------
    SLICE_X26Y46         FDRE (Prop_fdre_C_Q)         0.367    -1.978 r  system_i/iir2nd/axi_gpio_3/U0/gpio_core_1/Dual.gpio2_Data_Out_reg[29]/Q
                         net (fo=2, routed)           0.258    -1.720    system_i/iir2nd/axi_gpio_3/U0/gpio_core_1/Dual.INPUT_DOUBLE_REGS5/Q[2]
    SLICE_X27Y45         FDRE                                         r  system_i/iir2nd/axi_gpio_3/U0/gpio_core_1/Dual.INPUT_DOUBLE_REGS5/GENERATE_LEVEL_P_S_CDC.MULTI_BIT.FOR_IN_cdc_to[2].CROSS2_PLEVEL_IN2SCNDRY_IN_cdc_to/D
  -------------------------------------------------------------------    -------------------

                         (clock clk_out1_system_pll_0_0 rise edge)
                                                      0.000     0.000 r  
    U18                                               0.000     0.000 r  adc_clk_p_i (IN)
                         net (fo=0)                   0.000     0.000    system_i/pll_0/inst/clk_in1_p
    U18                  IBUFDS (Prop_ibufds_I_O)     0.983     0.983 r  system_i/pll_0/inst/clkin1_ibufgds/O
                         net (fo=1, routed)           1.306     2.289    system_i/pll_0/inst/clk_in1_system_pll_0_0
    PLLE2_ADV_X0Y0       PLLE2_ADV (Prop_plle2_adv_CLKIN1_CLKOUT0)
                                                     -8.533    -6.244 r  system_i/pll_0/inst/plle2_adv_inst/CLKOUT0
                         net (fo=1, routed)           1.754    -4.490    system_i/pll_0/inst/clk_out1_system_pll_0_0
    BUFGCTRL_X0Y0        BUFG (Prop_bufg_I_O)         0.101    -4.389 r  system_i/pll_0/inst/clkout1_buf/O
                         net (fo=5495, routed)        1.673    -2.716    system_i/iir2nd/axi_gpio_3/U0/gpio_core_1/Dual.INPUT_DOUBLE_REGS5/s_axi_aclk
    SLICE_X27Y45         FDRE                                         r  system_i/iir2nd/axi_gpio_3/U0/gpio_core_1/Dual.INPUT_DOUBLE_REGS5/GENERATE_LEVEL_P_S_CDC.MULTI_BIT.FOR_IN_cdc_to[2].CROSS2_PLEVEL_IN2SCNDRY_IN_cdc_to/C

Slack:                    inf
  Source:                 system_i/iir2nd/axi_gpio_2/U0/gpio_core_1/Dual.gpio_Data_Out_reg[6]/C
                            (rising edge-triggered cell FDRE clocked by clk_out1_system_pll_0_0  {rise@0.000ns fall@4.000ns period=8.000ns})
  Destination:            system_i/iir2nd/axi_gpio_2/U0/gpio_core_1/Dual.INPUT_DOUBLE_REGS4/GENERATE_LEVEL_P_S_CDC.MULTI_BIT.FOR_IN_cdc_to[25].CROSS2_PLEVEL_IN2SCNDRY_IN_cdc_to/D
                            (rising edge-triggered cell FDRE clocked by clk_out1_system_pll_0_0  {rise@0.000ns fall@4.000ns period=8.000ns})
  Path Group:             (none)
  Path Type:              Hold (Min at Slow Process Corner)
  Data Path Delay:        0.632ns  (logic 0.367ns (58.063%)  route 0.265ns (41.937%))
  Logic Levels:           0  
  Clock Path Skew:        -0.372ns (DCD - SCD - CPR)
    Destination Clock Delay (DCD):    -2.724ns
    Source Clock Delay      (SCD):    -2.352ns
    Clock Pessimism Removal (CPR):    -0.000ns
  Clock Uncertainty:      0.069ns  ((TSJ^2 + DJ^2)^1/2) / 2 + PE
    Total System Jitter     (TSJ):    0.071ns
    Discrete Jitter          (DJ):    0.119ns
    Phase Error              (PE):    0.000ns
  Timing Exception:       False Path

    Location             Delay type                Incr(ns)  Path(ns)    Netlist Resource(s)
  -------------------------------------------------------------------    -------------------
                         (clock clk_out1_system_pll_0_0 rise edge)
                                                      0.000     0.000 r  
    U18                                               0.000     0.000 r  adc_clk_p_i (IN)
                         net (fo=0)                   0.000     0.000    system_i/pll_0/inst/clk_in1_p
    U18                  IBUFDS (Prop_ibufds_I_O)     0.940     0.940 r  system_i/pll_0/inst/clkin1_ibufgds/O
                         net (fo=1, routed)           1.181     2.121    system_i/pll_0/inst/clk_in1_system_pll_0_0
    PLLE2_ADV_X0Y0       PLLE2_ADV (Prop_plle2_adv_CLKIN1_CLKOUT0)
                                                     -7.650    -5.530 r  system_i/pll_0/inst/plle2_adv_inst/CLKOUT0
                         net (fo=1, routed)           1.594    -3.935    system_i/pll_0/inst/clk_out1_system_pll_0_0
    BUFGCTRL_X0Y0        BUFG (Prop_bufg_I_O)         0.091    -3.844 r  system_i/pll_0/inst/clkout1_buf/O
                         net (fo=5495, routed)        1.493    -2.352    system_i/iir2nd/axi_gpio_2/U0/gpio_core_1/s_axi_aclk
    SLICE_X9Y62          FDRE                                         r  system_i/iir2nd/axi_gpio_2/U0/gpio_core_1/Dual.gpio_Data_Out_reg[6]/C
  -------------------------------------------------------------------    -------------------
    SLICE_X9Y62          FDRE (Prop_fdre_C_Q)         0.367    -1.985 r  system_i/iir2nd/axi_gpio_2/U0/gpio_core_1/Dual.gpio_Data_Out_reg[6]/Q
                         net (fo=2, routed)           0.265    -1.720    system_i/iir2nd/axi_gpio_2/U0/gpio_core_1/Dual.INPUT_DOUBLE_REGS4/Q[25]
    SLICE_X8Y63          FDRE                                         r  system_i/iir2nd/axi_gpio_2/U0/gpio_core_1/Dual.INPUT_DOUBLE_REGS4/GENERATE_LEVEL_P_S_CDC.MULTI_BIT.FOR_IN_cdc_to[25].CROSS2_PLEVEL_IN2SCNDRY_IN_cdc_to/D
  -------------------------------------------------------------------    -------------------

                         (clock clk_out1_system_pll_0_0 rise edge)
                                                      0.000     0.000 r  
    U18                                               0.000     0.000 r  adc_clk_p_i (IN)
                         net (fo=0)                   0.000     0.000    system_i/pll_0/inst/clk_in1_p
    U18                  IBUFDS (Prop_ibufds_I_O)     0.983     0.983 r  system_i/pll_0/inst/clkin1_ibufgds/O
                         net (fo=1, routed)           1.306     2.289    system_i/pll_0/inst/clk_in1_system_pll_0_0
    PLLE2_ADV_X0Y0       PLLE2_ADV (Prop_plle2_adv_CLKIN1_CLKOUT0)
                                                     -8.533    -6.244 r  system_i/pll_0/inst/plle2_adv_inst/CLKOUT0
                         net (fo=1, routed)           1.754    -4.490    system_i/pll_0/inst/clk_out1_system_pll_0_0
    BUFGCTRL_X0Y0        BUFG (Prop_bufg_I_O)         0.101    -4.389 r  system_i/pll_0/inst/clkout1_buf/O
                         net (fo=5495, routed)        1.665    -2.724    system_i/iir2nd/axi_gpio_2/U0/gpio_core_1/Dual.INPUT_DOUBLE_REGS4/s_axi_aclk
    SLICE_X8Y63          FDRE                                         r  system_i/iir2nd/axi_gpio_2/U0/gpio_core_1/Dual.INPUT_DOUBLE_REGS4/GENERATE_LEVEL_P_S_CDC.MULTI_BIT.FOR_IN_cdc_to[25].CROSS2_PLEVEL_IN2SCNDRY_IN_cdc_to/C

Slack:                    inf
  Source:                 system_i/iir2nd/axi_gpio_1/U0/gpio_core_1/Dual.gpio2_Data_Out_reg[31]/C
                            (rising edge-triggered cell FDRE clocked by clk_out1_system_pll_0_0  {rise@0.000ns fall@4.000ns period=8.000ns})
  Destination:            system_i/iir2nd/axi_gpio_1/U0/gpio_core_1/Dual.INPUT_DOUBLE_REGS5/GENERATE_LEVEL_P_S_CDC.MULTI_BIT.FOR_IN_cdc_to[0].CROSS2_PLEVEL_IN2SCNDRY_IN_cdc_to/D
                            (rising edge-triggered cell FDRE clocked by clk_out1_system_pll_0_0  {rise@0.000ns fall@4.000ns period=8.000ns})
  Path Group:             (none)
  Path Type:              Hold (Min at Slow Process Corner)
  Data Path Delay:        0.642ns  (logic 0.367ns (57.163%)  route 0.275ns (42.837%))
  Logic Levels:           0  
  Clock Path Skew:        -0.370ns (DCD - SCD - CPR)
    Destination Clock Delay (DCD):    -2.728ns
    Source Clock Delay      (SCD):    -2.358ns
    Clock Pessimism Removal (CPR):    -0.000ns
  Clock Uncertainty:      0.069ns  ((TSJ^2 + DJ^2)^1/2) / 2 + PE
    Total System Jitter     (TSJ):    0.071ns
    Discrete Jitter          (DJ):    0.119ns
    Phase Error              (PE):    0.000ns
  Timing Exception:       False Path

    Location             Delay type                Incr(ns)  Path(ns)    Netlist Resource(s)
  -------------------------------------------------------------------    -------------------
                         (clock clk_out1_system_pll_0_0 rise edge)
                                                      0.000     0.000 r  
    U18                                               0.000     0.000 r  adc_clk_p_i (IN)
                         net (fo=0)                   0.000     0.000    system_i/pll_0/inst/clk_in1_p
    U18                  IBUFDS (Prop_ibufds_I_O)     0.940     0.940 r  system_i/pll_0/inst/clkin1_ibufgds/O
                         net (fo=1, routed)           1.181     2.121    system_i/pll_0/inst/clk_in1_system_pll_0_0
    PLLE2_ADV_X0Y0       PLLE2_ADV (Prop_plle2_adv_CLKIN1_CLKOUT0)
                                                     -7.650    -5.530 r  system_i/pll_0/inst/plle2_adv_inst/CLKOUT0
                         net (fo=1, routed)           1.594    -3.935    system_i/pll_0/inst/clk_out1_system_pll_0_0
    BUFGCTRL_X0Y0        BUFG (Prop_bufg_I_O)         0.091    -3.844 r  system_i/pll_0/inst/clkout1_buf/O
                         net (fo=5495, routed)        1.487    -2.358    system_i/iir2nd/axi_gpio_1/U0/gpio_core_1/s_axi_aclk
    SLICE_X26Y60         FDRE                                         r  system_i/iir2nd/axi_gpio_1/U0/gpio_core_1/Dual.gpio2_Data_Out_reg[31]/C
  -------------------------------------------------------------------    -------------------
    SLICE_X26Y60         FDRE (Prop_fdre_C_Q)         0.367    -1.991 r  system_i/iir2nd/axi_gpio_1/U0/gpio_core_1/Dual.gpio2_Data_Out_reg[31]/Q
                         net (fo=2, routed)           0.275    -1.716    system_i/iir2nd/axi_gpio_1/U0/gpio_core_1/Dual.INPUT_DOUBLE_REGS5/Q[0]
    SLICE_X28Y60         FDRE                                         r  system_i/iir2nd/axi_gpio_1/U0/gpio_core_1/Dual.INPUT_DOUBLE_REGS5/GENERATE_LEVEL_P_S_CDC.MULTI_BIT.FOR_IN_cdc_to[0].CROSS2_PLEVEL_IN2SCNDRY_IN_cdc_to/D
  -------------------------------------------------------------------    -------------------

                         (clock clk_out1_system_pll_0_0 rise edge)
                                                      0.000     0.000 r  
    U18                                               0.000     0.000 r  adc_clk_p_i (IN)
                         net (fo=0)                   0.000     0.000    system_i/pll_0/inst/clk_in1_p
    U18                  IBUFDS (Prop_ibufds_I_O)     0.983     0.983 r  system_i/pll_0/inst/clkin1_ibufgds/O
                         net (fo=1, routed)           1.306     2.289    system_i/pll_0/inst/clk_in1_system_pll_0_0
    PLLE2_ADV_X0Y0       PLLE2_ADV (Prop_plle2_adv_CLKIN1_CLKOUT0)
                                                     -8.533    -6.244 r  system_i/pll_0/inst/plle2_adv_inst/CLKOUT0
                         net (fo=1, routed)           1.754    -4.490    system_i/pll_0/inst/clk_out1_system_pll_0_0
    BUFGCTRL_X0Y0        BUFG (Prop_bufg_I_O)         0.101    -4.389 r  system_i/pll_0/inst/clkout1_buf/O
                         net (fo=5495, routed)        1.661    -2.728    system_i/iir2nd/axi_gpio_1/U0/gpio_core_1/Dual.INPUT_DOUBLE_REGS5/s_axi_aclk
    SLICE_X28Y60         FDRE                                         r  system_i/iir2nd/axi_gpio_1/U0/gpio_core_1/Dual.INPUT_DOUBLE_REGS5/GENERATE_LEVEL_P_S_CDC.MULTI_BIT.FOR_IN_cdc_to[0].CROSS2_PLEVEL_IN2SCNDRY_IN_cdc_to/C





--------------------------------------------------------------------------------------
Path Group:  (none)
From Clock:  clk_out1_system_pll_0_0
  To Clock:  

Max Delay            16 Endpoints
Min Delay            16 Endpoints
--------------------------------------------------------------------------------------


Max Delay Paths
--------------------------------------------------------------------------------------
Slack:                    inf
  Source:                 system_i/dac/dac_0/inst/DAC_DAT[0].ODDR_inst/C
                            (falling edge-triggered cell ODDR clocked by clk_out1_system_pll_0_0  {rise@0.000ns fall@4.000ns period=8.000ns})
  Destination:            dac_dat_o[0]
                            (output port)
  Path Group:             (none)
  Path Type:              Max at Fast Process Corner
  Data Path Delay:        1.844ns  (logic 1.843ns (99.946%)  route 0.001ns (0.054%))
  Logic Levels:           1  (OBUF=1)
  Clock Uncertainty:      0.162ns  ((TSJ^2 + DJ^2)^1/2) / 2 + PE
    Total System Jitter     (TSJ):    0.050ns
    Discrete Jitter          (DJ):    0.119ns
    Phase Error              (PE):    0.097ns

    Location             Delay type                Incr(ns)  Path(ns)    Netlist Resource(s)
  -------------------------------------------------------------------    -------------------
                         (clock clk_out1_system_pll_0_0 fall edge)
                                                      4.000     4.000 f  
    U18                                               0.000     4.000 f  adc_clk_p_i (IN)
                         net (fo=0)                   0.000     4.000    system_i/pll_0/inst/clk_in1_p
    U18                  IBUFDS (Prop_ibufds_I_O)     0.433     4.433 f  system_i/pll_0/inst/clkin1_ibufgds/O
                         net (fo=1, routed)           0.481     4.914    system_i/pll_0/inst/clk_in1_system_pll_0_0
    PLLE2_ADV_X0Y0       PLLE2_ADV (Prop_plle2_adv_CLKIN1_CLKOUT0)
                                                     -2.546     2.368 f  system_i/pll_0/inst/plle2_adv_inst/CLKOUT0
                         net (fo=1, routed)           0.544     2.912    system_i/pll_0/inst/clk_out1_system_pll_0_0
    BUFGCTRL_X0Y0        BUFG (Prop_bufg_I_O)         0.029     2.941 f  system_i/pll_0/inst/clkout1_buf/O
                         net (fo=5495, routed)        0.851     3.792    system_i/dac/dac_0/inst/aclk
    OLOGIC_X0Y86         ODDR                                         f  system_i/dac/dac_0/inst/DAC_DAT[0].ODDR_inst/C
  -------------------------------------------------------------------    -------------------
    OLOGIC_X0Y86         ODDR (Prop_oddr_C_Q)         0.204     3.996 r  system_i/dac/dac_0/inst/DAC_DAT[0].ODDR_inst/Q
                         net (fo=1, routed)           0.001     3.997    dac_dat_o_OBUF[0]
    M19                  OBUF (Prop_obuf_I_O)         1.639     5.636 r  dac_dat_o_OBUF[0]_inst/O
                         net (fo=0)                   0.000     5.636    dac_dat_o[0]
    M19                                                               r  dac_dat_o[0] (OUT)
  -------------------------------------------------------------------    -------------------

Slack:                    inf
  Source:                 system_i/dac/dac_0/inst/DAC_DAT[1].ODDR_inst/C
                            (falling edge-triggered cell ODDR clocked by clk_out1_system_pll_0_0  {rise@0.000ns fall@4.000ns period=8.000ns})
  Destination:            dac_dat_o[1]
                            (output port)
  Path Group:             (none)
  Path Type:              Max at Fast Process Corner
  Data Path Delay:        1.834ns  (logic 1.833ns (99.945%)  route 0.001ns (0.055%))
  Logic Levels:           1  (OBUF=1)
  Clock Uncertainty:      0.162ns  ((TSJ^2 + DJ^2)^1/2) / 2 + PE
    Total System Jitter     (TSJ):    0.050ns
    Discrete Jitter          (DJ):    0.119ns
    Phase Error              (PE):    0.097ns

    Location             Delay type                Incr(ns)  Path(ns)    Netlist Resource(s)
  -------------------------------------------------------------------    -------------------
                         (clock clk_out1_system_pll_0_0 fall edge)
                                                      4.000     4.000 f  
    U18                                               0.000     4.000 f  adc_clk_p_i (IN)
                         net (fo=0)                   0.000     4.000    system_i/pll_0/inst/clk_in1_p
    U18                  IBUFDS (Prop_ibufds_I_O)     0.433     4.433 f  system_i/pll_0/inst/clkin1_ibufgds/O
                         net (fo=1, routed)           0.481     4.914    system_i/pll_0/inst/clk_in1_system_pll_0_0
    PLLE2_ADV_X0Y0       PLLE2_ADV (Prop_plle2_adv_CLKIN1_CLKOUT0)
                                                     -2.546     2.368 f  system_i/pll_0/inst/plle2_adv_inst/CLKOUT0
                         net (fo=1, routed)           0.544     2.912    system_i/pll_0/inst/clk_out1_system_pll_0_0
    BUFGCTRL_X0Y0        BUFG (Prop_bufg_I_O)         0.029     2.941 f  system_i/pll_0/inst/clkout1_buf/O
                         net (fo=5495, routed)        0.851     3.792    system_i/dac/dac_0/inst/aclk
    OLOGIC_X0Y85         ODDR                                         f  system_i/dac/dac_0/inst/DAC_DAT[1].ODDR_inst/C
  -------------------------------------------------------------------    -------------------
    OLOGIC_X0Y85         ODDR (Prop_oddr_C_Q)         0.204     3.996 r  system_i/dac/dac_0/inst/DAC_DAT[1].ODDR_inst/Q
                         net (fo=1, routed)           0.001     3.997    dac_dat_o_OBUF[1]
    M20                  OBUF (Prop_obuf_I_O)         1.629     5.626 r  dac_dat_o_OBUF[1]_inst/O
                         net (fo=0)                   0.000     5.626    dac_dat_o[1]
    M20                                                               r  dac_dat_o[1] (OUT)
  -------------------------------------------------------------------    -------------------

Slack:                    inf
  Source:                 system_i/dac/dac_0/inst/DAC_DAT[3].ODDR_inst/C
                            (falling edge-triggered cell ODDR clocked by clk_out1_system_pll_0_0  {rise@0.000ns fall@4.000ns period=8.000ns})
  Destination:            dac_dat_o[3]
                            (output port)
  Path Group:             (none)
  Path Type:              Max at Fast Process Corner
  Data Path Delay:        1.809ns  (logic 1.808ns (99.945%)  route 0.001ns (0.055%))
  Logic Levels:           1  (OBUF=1)
  Clock Uncertainty:      0.162ns  ((TSJ^2 + DJ^2)^1/2) / 2 + PE
    Total System Jitter     (TSJ):    0.050ns
    Discrete Jitter          (DJ):    0.119ns
    Phase Error              (PE):    0.097ns

    Location             Delay type                Incr(ns)  Path(ns)    Netlist Resource(s)
  -------------------------------------------------------------------    -------------------
                         (clock clk_out1_system_pll_0_0 fall edge)
                                                      4.000     4.000 f  
    U18                                               0.000     4.000 f  adc_clk_p_i (IN)
                         net (fo=0)                   0.000     4.000    system_i/pll_0/inst/clk_in1_p
    U18                  IBUFDS (Prop_ibufds_I_O)     0.433     4.433 f  system_i/pll_0/inst/clkin1_ibufgds/O
                         net (fo=1, routed)           0.481     4.914    system_i/pll_0/inst/clk_in1_system_pll_0_0
    PLLE2_ADV_X0Y0       PLLE2_ADV (Prop_plle2_adv_CLKIN1_CLKOUT0)
                                                     -2.546     2.368 f  system_i/pll_0/inst/plle2_adv_inst/CLKOUT0
                         net (fo=1, routed)           0.544     2.912    system_i/pll_0/inst/clk_out1_system_pll_0_0
    BUFGCTRL_X0Y0        BUFG (Prop_bufg_I_O)         0.029     2.941 f  system_i/pll_0/inst/clkout1_buf/O
                         net (fo=5495, routed)        0.849     3.790    system_i/dac/dac_0/inst/aclk
    OLOGIC_X0Y81         ODDR                                         f  system_i/dac/dac_0/inst/DAC_DAT[3].ODDR_inst/C
  -------------------------------------------------------------------    -------------------
    OLOGIC_X0Y81         ODDR (Prop_oddr_C_Q)         0.204     3.994 r  system_i/dac/dac_0/inst/DAC_DAT[3].ODDR_inst/Q
                         net (fo=1, routed)           0.001     3.995    dac_dat_o_OBUF[3]
    L20                  OBUF (Prop_obuf_I_O)         1.604     5.599 r  dac_dat_o_OBUF[3]_inst/O
                         net (fo=0)                   0.000     5.599    dac_dat_o[3]
    L20                                                               r  dac_dat_o[3] (OUT)
  -------------------------------------------------------------------    -------------------

Slack:                    inf
  Source:                 system_i/dac/dac_0/inst/DAC_DAT[2].ODDR_inst/C
                            (falling edge-triggered cell ODDR clocked by clk_out1_system_pll_0_0  {rise@0.000ns fall@4.000ns period=8.000ns})
  Destination:            dac_dat_o[2]
                            (output port)
  Path Group:             (none)
  Path Type:              Max at Fast Process Corner
  Data Path Delay:        1.807ns  (logic 1.806ns (99.945%)  route 0.001ns (0.055%))
  Logic Levels:           1  (OBUF=1)
  Clock Uncertainty:      0.162ns  ((TSJ^2 + DJ^2)^1/2) / 2 + PE
    Total System Jitter     (TSJ):    0.050ns
    Discrete Jitter          (DJ):    0.119ns
    Phase Error              (PE):    0.097ns

    Location             Delay type                Incr(ns)  Path(ns)    Netlist Resource(s)
  -------------------------------------------------------------------    -------------------
                         (clock clk_out1_system_pll_0_0 fall edge)
                                                      4.000     4.000 f  
    U18                                               0.000     4.000 f  adc_clk_p_i (IN)
                         net (fo=0)                   0.000     4.000    system_i/pll_0/inst/clk_in1_p
    U18                  IBUFDS (Prop_ibufds_I_O)     0.433     4.433 f  system_i/pll_0/inst/clkin1_ibufgds/O
                         net (fo=1, routed)           0.481     4.914    system_i/pll_0/inst/clk_in1_system_pll_0_0
    PLLE2_ADV_X0Y0       PLLE2_ADV (Prop_plle2_adv_CLKIN1_CLKOUT0)
                                                     -2.546     2.368 f  system_i/pll_0/inst/plle2_adv_inst/CLKOUT0
                         net (fo=1, routed)           0.544     2.912    system_i/pll_0/inst/clk_out1_system_pll_0_0
    BUFGCTRL_X0Y0        BUFG (Prop_bufg_I_O)         0.029     2.941 f  system_i/pll_0/inst/clkout1_buf/O
                         net (fo=5495, routed)        0.849     3.790    system_i/dac/dac_0/inst/aclk
    OLOGIC_X0Y82         ODDR                                         f  system_i/dac/dac_0/inst/DAC_DAT[2].ODDR_inst/C
  -------------------------------------------------------------------    -------------------
    OLOGIC_X0Y82         ODDR (Prop_oddr_C_Q)         0.204     3.994 r  system_i/dac/dac_0/inst/DAC_DAT[2].ODDR_inst/Q
                         net (fo=1, routed)           0.001     3.995    dac_dat_o_OBUF[2]
    L19                  OBUF (Prop_obuf_I_O)         1.602     5.597 r  dac_dat_o_OBUF[2]_inst/O
                         net (fo=0)                   0.000     5.597    dac_dat_o[2]
    L19                                                               r  dac_dat_o[2] (OUT)
  -------------------------------------------------------------------    -------------------

Slack:                    inf
  Source:                 system_i/dac/dac_0/inst/DAC_DAT[5].ODDR_inst/C
                            (falling edge-triggered cell ODDR clocked by clk_out1_system_pll_0_0  {rise@0.000ns fall@4.000ns period=8.000ns})
  Destination:            dac_dat_o[5]
                            (output port)
  Path Group:             (none)
  Path Type:              Max at Fast Process Corner
  Data Path Delay:        1.789ns  (logic 1.788ns (99.944%)  route 0.001ns (0.056%))
  Logic Levels:           1  (OBUF=1)
  Clock Uncertainty:      0.162ns  ((TSJ^2 + DJ^2)^1/2) / 2 + PE
    Total System Jitter     (TSJ):    0.050ns
    Discrete Jitter          (DJ):    0.119ns
    Phase Error              (PE):    0.097ns

    Location             Delay type                Incr(ns)  Path(ns)    Netlist Resource(s)
  -------------------------------------------------------------------    -------------------
                         (clock clk_out1_system_pll_0_0 fall edge)
                                                      4.000     4.000 f  
    U18                                               0.000     4.000 f  adc_clk_p_i (IN)
                         net (fo=0)                   0.000     4.000    system_i/pll_0/inst/clk_in1_p
    U18                  IBUFDS (Prop_ibufds_I_O)     0.433     4.433 f  system_i/pll_0/inst/clkin1_ibufgds/O
                         net (fo=1, routed)           0.481     4.914    system_i/pll_0/inst/clk_in1_system_pll_0_0
    PLLE2_ADV_X0Y0       PLLE2_ADV (Prop_plle2_adv_CLKIN1_CLKOUT0)
                                                     -2.546     2.368 f  system_i/pll_0/inst/plle2_adv_inst/CLKOUT0
                         net (fo=1, routed)           0.544     2.912    system_i/pll_0/inst/clk_out1_system_pll_0_0
    BUFGCTRL_X0Y0        BUFG (Prop_bufg_I_O)         0.029     2.941 f  system_i/pll_0/inst/clkout1_buf/O
                         net (fo=5495, routed)        0.847     3.788    system_i/dac/dac_0/inst/aclk
    OLOGIC_X0Y79         ODDR                                         f  system_i/dac/dac_0/inst/DAC_DAT[5].ODDR_inst/C
  -------------------------------------------------------------------    -------------------
    OLOGIC_X0Y79         ODDR (Prop_oddr_C_Q)         0.204     3.992 r  system_i/dac/dac_0/inst/DAC_DAT[5].ODDR_inst/Q
                         net (fo=1, routed)           0.001     3.993    dac_dat_o_OBUF[5]
    J19                  OBUF (Prop_obuf_I_O)         1.584     5.577 r  dac_dat_o_OBUF[5]_inst/O
                         net (fo=0)                   0.000     5.577    dac_dat_o[5]
    J19                                                               r  dac_dat_o[5] (OUT)
  -------------------------------------------------------------------    -------------------

Slack:                    inf
  Source:                 system_i/dac/dac_0/inst/DAC_DAT[4].ODDR_inst/C
                            (falling edge-triggered cell ODDR clocked by clk_out1_system_pll_0_0  {rise@0.000ns fall@4.000ns period=8.000ns})
  Destination:            dac_dat_o[4]
                            (output port)
  Path Group:             (none)
  Path Type:              Max at Fast Process Corner
  Data Path Delay:        1.786ns  (logic 1.785ns (99.944%)  route 0.001ns (0.056%))
  Logic Levels:           1  (OBUF=1)
  Clock Uncertainty:      0.162ns  ((TSJ^2 + DJ^2)^1/2) / 2 + PE
    Total System Jitter     (TSJ):    0.050ns
    Discrete Jitter          (DJ):    0.119ns
    Phase Error              (PE):    0.097ns

    Location             Delay type                Incr(ns)  Path(ns)    Netlist Resource(s)
  -------------------------------------------------------------------    -------------------
                         (clock clk_out1_system_pll_0_0 fall edge)
                                                      4.000     4.000 f  
    U18                                               0.000     4.000 f  adc_clk_p_i (IN)
                         net (fo=0)                   0.000     4.000    system_i/pll_0/inst/clk_in1_p
    U18                  IBUFDS (Prop_ibufds_I_O)     0.433     4.433 f  system_i/pll_0/inst/clkin1_ibufgds/O
                         net (fo=1, routed)           0.481     4.914    system_i/pll_0/inst/clk_in1_system_pll_0_0
    PLLE2_ADV_X0Y0       PLLE2_ADV (Prop_plle2_adv_CLKIN1_CLKOUT0)
                                                     -2.546     2.368 f  system_i/pll_0/inst/plle2_adv_inst/CLKOUT0
                         net (fo=1, routed)           0.544     2.912    system_i/pll_0/inst/clk_out1_system_pll_0_0
    BUFGCTRL_X0Y0        BUFG (Prop_bufg_I_O)         0.029     2.941 f  system_i/pll_0/inst/clkout1_buf/O
                         net (fo=5495, routed)        0.847     3.788    system_i/dac/dac_0/inst/aclk
    OLOGIC_X0Y80         ODDR                                         f  system_i/dac/dac_0/inst/DAC_DAT[4].ODDR_inst/C
  -------------------------------------------------------------------    -------------------
    OLOGIC_X0Y80         ODDR (Prop_oddr_C_Q)         0.204     3.992 r  system_i/dac/dac_0/inst/DAC_DAT[4].ODDR_inst/Q
                         net (fo=1, routed)           0.001     3.993    dac_dat_o_OBUF[4]
    K19                  OBUF (Prop_obuf_I_O)         1.581     5.574 r  dac_dat_o_OBUF[4]_inst/O
                         net (fo=0)                   0.000     5.574    dac_dat_o[4]
    K19                                                               r  dac_dat_o[4] (OUT)
  -------------------------------------------------------------------    -------------------

Slack:                    inf
  Source:                 system_i/dac/dac_0/inst/DAC_DAT[13].ODDR_inst/C
                            (falling edge-triggered cell ODDR clocked by clk_out1_system_pll_0_0  {rise@0.000ns fall@4.000ns period=8.000ns})
  Destination:            dac_dat_o[13]
                            (output port)
  Path Group:             (none)
  Path Type:              Max at Fast Process Corner
  Data Path Delay:        1.775ns  (logic 1.774ns (99.944%)  route 0.001ns (0.056%))
  Logic Levels:           1  (OBUF=1)
  Clock Uncertainty:      0.162ns  ((TSJ^2 + DJ^2)^1/2) / 2 + PE
    Total System Jitter     (TSJ):    0.050ns
    Discrete Jitter          (DJ):    0.119ns
    Phase Error              (PE):    0.097ns

    Location             Delay type                Incr(ns)  Path(ns)    Netlist Resource(s)
  -------------------------------------------------------------------    -------------------
                         (clock clk_out1_system_pll_0_0 fall edge)
                                                      4.000     4.000 f  
    U18                                               0.000     4.000 f  adc_clk_p_i (IN)
                         net (fo=0)                   0.000     4.000    system_i/pll_0/inst/clk_in1_p
    U18                  IBUFDS (Prop_ibufds_I_O)     0.433     4.433 f  system_i/pll_0/inst/clkin1_ibufgds/O
                         net (fo=1, routed)           0.481     4.914    system_i/pll_0/inst/clk_in1_system_pll_0_0
    PLLE2_ADV_X0Y0       PLLE2_ADV (Prop_plle2_adv_CLKIN1_CLKOUT0)
                                                     -2.546     2.368 f  system_i/pll_0/inst/plle2_adv_inst/CLKOUT0
                         net (fo=1, routed)           0.544     2.912    system_i/pll_0/inst/clk_out1_system_pll_0_0
    BUFGCTRL_X0Y0        BUFG (Prop_bufg_I_O)         0.029     2.941 f  system_i/pll_0/inst/clkout1_buf/O
                         net (fo=5495, routed)        0.853     3.794    system_i/dac/dac_0/inst/aclk
    OLOGIC_X0Y92         ODDR                                         f  system_i/dac/dac_0/inst/DAC_DAT[13].ODDR_inst/C
  -------------------------------------------------------------------    -------------------
    OLOGIC_X0Y92         ODDR (Prop_oddr_C_Q)         0.204     3.998 r  system_i/dac/dac_0/inst/DAC_DAT[13].ODDR_inst/Q
                         net (fo=1, routed)           0.001     3.999    dac_dat_o_OBUF[13]
    D19                  OBUF (Prop_obuf_I_O)         1.570     5.569 r  dac_dat_o_OBUF[13]_inst/O
                         net (fo=0)                   0.000     5.569    dac_dat_o[13]
    D19                                                               r  dac_dat_o[13] (OUT)
  -------------------------------------------------------------------    -------------------

Slack:                    inf
  Source:                 system_i/dac/dac_0/inst/ODDR_rst/C
                            (falling edge-triggered cell ODDR clocked by clk_out1_system_pll_0_0  {rise@0.000ns fall@4.000ns period=8.000ns})
  Destination:            dac_rst_o
                            (output port)
  Path Group:             (none)
  Path Type:              Max at Fast Process Corner
  Data Path Delay:        1.775ns  (logic 1.774ns (99.944%)  route 0.001ns (0.056%))
  Logic Levels:           1  (OBUF=1)
  Clock Uncertainty:      0.162ns  ((TSJ^2 + DJ^2)^1/2) / 2 + PE
    Total System Jitter     (TSJ):    0.050ns
    Discrete Jitter          (DJ):    0.119ns
    Phase Error              (PE):    0.097ns

    Location             Delay type                Incr(ns)  Path(ns)    Netlist Resource(s)
  -------------------------------------------------------------------    -------------------
                         (clock clk_out1_system_pll_0_0 fall edge)
                                                      4.000     4.000 f  
    U18                                               0.000     4.000 f  adc_clk_p_i (IN)
                         net (fo=0)                   0.000     4.000    system_i/pll_0/inst/clk_in1_p
    U18                  IBUFDS (Prop_ibufds_I_O)     0.433     4.433 f  system_i/pll_0/inst/clkin1_ibufgds/O
                         net (fo=1, routed)           0.481     4.914    system_i/pll_0/inst/clk_in1_system_pll_0_0
    PLLE2_ADV_X0Y0       PLLE2_ADV (Prop_plle2_adv_CLKIN1_CLKOUT0)
                                                     -2.546     2.368 f  system_i/pll_0/inst/plle2_adv_inst/CLKOUT0
                         net (fo=1, routed)           0.544     2.912    system_i/pll_0/inst/clk_out1_system_pll_0_0
    BUFGCTRL_X0Y0        BUFG (Prop_bufg_I_O)         0.029     2.941 f  system_i/pll_0/inst/clkout1_buf/O
                         net (fo=5495, routed)        0.853     3.794    system_i/dac/dac_0/inst/aclk
    OLOGIC_X0Y58         ODDR                                         f  system_i/dac/dac_0/inst/ODDR_rst/C
  -------------------------------------------------------------------    -------------------
    OLOGIC_X0Y58         ODDR (Prop_oddr_C_Q)         0.204     3.998 r  system_i/dac/dac_0/inst/ODDR_rst/Q
                         net (fo=1, routed)           0.001     3.999    dac_rst_o_OBUF
    N15                  OBUF (Prop_obuf_I_O)         1.570     5.569 r  dac_rst_o_OBUF_inst/O
                         net (fo=0)                   0.000     5.569    dac_rst_o
    N15                                                               r  dac_rst_o (OUT)
  -------------------------------------------------------------------    -------------------

Slack:                    inf
  Source:                 system_i/dac/dac_0/inst/DAC_DAT[12].ODDR_inst/C
                            (falling edge-triggered cell ODDR clocked by clk_out1_system_pll_0_0  {rise@0.000ns fall@4.000ns period=8.000ns})
  Destination:            dac_dat_o[12]
                            (output port)
  Path Group:             (none)
  Path Type:              Max at Fast Process Corner
  Data Path Delay:        1.773ns  (logic 1.772ns (99.944%)  route 0.001ns (0.056%))
  Logic Levels:           1  (OBUF=1)
  Clock Uncertainty:      0.162ns  ((TSJ^2 + DJ^2)^1/2) / 2 + PE
    Total System Jitter     (TSJ):    0.050ns
    Discrete Jitter          (DJ):    0.119ns
    Phase Error              (PE):    0.097ns

    Location             Delay type                Incr(ns)  Path(ns)    Netlist Resource(s)
  -------------------------------------------------------------------    -------------------
                         (clock clk_out1_system_pll_0_0 fall edge)
                                                      4.000     4.000 f  
    U18                                               0.000     4.000 f  adc_clk_p_i (IN)
                         net (fo=0)                   0.000     4.000    system_i/pll_0/inst/clk_in1_p
    U18                  IBUFDS (Prop_ibufds_I_O)     0.433     4.433 f  system_i/pll_0/inst/clkin1_ibufgds/O
                         net (fo=1, routed)           0.481     4.914    system_i/pll_0/inst/clk_in1_system_pll_0_0
    PLLE2_ADV_X0Y0       PLLE2_ADV (Prop_plle2_adv_CLKIN1_CLKOUT0)
                                                     -2.546     2.368 f  system_i/pll_0/inst/plle2_adv_inst/CLKOUT0
                         net (fo=1, routed)           0.544     2.912    system_i/pll_0/inst/clk_out1_system_pll_0_0
    BUFGCTRL_X0Y0        BUFG (Prop_bufg_I_O)         0.029     2.941 f  system_i/pll_0/inst/clkout1_buf/O
                         net (fo=5495, routed)        0.853     3.794    system_i/dac/dac_0/inst/aclk
    OLOGIC_X0Y91         ODDR                                         f  system_i/dac/dac_0/inst/DAC_DAT[12].ODDR_inst/C
  -------------------------------------------------------------------    -------------------
    OLOGIC_X0Y91         ODDR (Prop_oddr_C_Q)         0.204     3.998 r  system_i/dac/dac_0/inst/DAC_DAT[12].ODDR_inst/Q
                         net (fo=1, routed)           0.001     3.999    dac_dat_o_OBUF[12]
    D20                  OBUF (Prop_obuf_I_O)         1.568     5.567 r  dac_dat_o_OBUF[12]_inst/O
                         net (fo=0)                   0.000     5.567    dac_dat_o[12]
    D20                                                               r  dac_dat_o[12] (OUT)
  -------------------------------------------------------------------    -------------------

Slack:                    inf
  Source:                 system_i/dac/dac_0/inst/ODDR_sel/C
                            (falling edge-triggered cell ODDR clocked by clk_out1_system_pll_0_0  {rise@0.000ns fall@4.000ns period=8.000ns})
  Destination:            dac_sel_o
                            (output port)
  Path Group:             (none)
  Path Type:              Max at Fast Process Corner
  Data Path Delay:        1.772ns  (logic 1.771ns (99.944%)  route 0.001ns (0.056%))
  Logic Levels:           1  (OBUF=1)
  Clock Uncertainty:      0.162ns  ((TSJ^2 + DJ^2)^1/2) / 2 + PE
    Total System Jitter     (TSJ):    0.050ns
    Discrete Jitter          (DJ):    0.119ns
    Phase Error              (PE):    0.097ns

    Location             Delay type                Incr(ns)  Path(ns)    Netlist Resource(s)
  -------------------------------------------------------------------    -------------------
                         (clock clk_out1_system_pll_0_0 fall edge)
                                                      4.000     4.000 f  
    U18                                               0.000     4.000 f  adc_clk_p_i (IN)
                         net (fo=0)                   0.000     4.000    system_i/pll_0/inst/clk_in1_p
    U18                  IBUFDS (Prop_ibufds_I_O)     0.433     4.433 f  system_i/pll_0/inst/clkin1_ibufgds/O
                         net (fo=1, routed)           0.481     4.914    system_i/pll_0/inst/clk_in1_system_pll_0_0
    PLLE2_ADV_X0Y0       PLLE2_ADV (Prop_plle2_adv_CLKIN1_CLKOUT0)
                                                     -2.546     2.368 f  system_i/pll_0/inst/plle2_adv_inst/CLKOUT0
                         net (fo=1, routed)           0.544     2.912    system_i/pll_0/inst/clk_out1_system_pll_0_0
    BUFGCTRL_X0Y0        BUFG (Prop_bufg_I_O)         0.029     2.941 f  system_i/pll_0/inst/clkout1_buf/O
                         net (fo=5495, routed)        0.853     3.794    system_i/dac/dac_0/inst/aclk
    OLOGIC_X0Y57         ODDR                                         f  system_i/dac/dac_0/inst/ODDR_sel/C
  -------------------------------------------------------------------    -------------------
    OLOGIC_X0Y57         ODDR (Prop_oddr_C_Q)         0.204     3.998 r  system_i/dac/dac_0/inst/ODDR_sel/Q
                         net (fo=1, routed)           0.001     3.999    dac_sel_o_OBUF
    N16                  OBUF (Prop_obuf_I_O)         1.567     5.566 r  dac_sel_o_OBUF_inst/O
                         net (fo=0)                   0.000     5.566    dac_sel_o
    N16                                                               r  dac_sel_o (OUT)
  -------------------------------------------------------------------    -------------------





Min Delay Paths
--------------------------------------------------------------------------------------
Slack:                    inf
  Source:                 system_i/dac/dac_0/inst/DAC_DAT[7].ODDR_inst/C
                            (rising edge-triggered cell ODDR clocked by clk_out1_system_pll_0_0  {rise@0.000ns fall@4.000ns period=8.000ns})
  Destination:            dac_dat_o[7]
                            (output port)
  Path Group:             (none)
  Path Type:              Min at Slow Process Corner
  Data Path Delay:        3.401ns  (logic 3.400ns (99.971%)  route 0.001ns (0.029%))
  Logic Levels:           1  (OBUF=1)
  Clock Uncertainty:      0.162ns  ((TSJ^2 + DJ^2)^1/2) / 2 + PE
    Total System Jitter     (TSJ):    0.050ns
    Discrete Jitter          (DJ):    0.119ns
    Phase Error              (PE):    0.097ns

    Location             Delay type                Incr(ns)  Path(ns)    Netlist Resource(s)
  -------------------------------------------------------------------    -------------------
                         (clock clk_out1_system_pll_0_0 rise edge)
                                                      0.000     0.000 r  
    U18                                               0.000     0.000 r  adc_clk_p_i (IN)
                         net (fo=0)                   0.000     0.000    system_i/pll_0/inst/clk_in1_p
    U18                  IBUFDS (Prop_ibufds_I_O)     0.940     0.940 r  system_i/pll_0/inst/clkin1_ibufgds/O
                         net (fo=1, routed)           1.181     2.121    system_i/pll_0/inst/clk_in1_system_pll_0_0
    PLLE2_ADV_X0Y0       PLLE2_ADV (Prop_plle2_adv_CLKIN1_CLKOUT0)
                                                     -7.650    -5.530 r  system_i/pll_0/inst/plle2_adv_inst/CLKOUT0
                         net (fo=1, routed)           1.594    -3.935    system_i/pll_0/inst/clk_out1_system_pll_0_0
    BUFGCTRL_X0Y0        BUFG (Prop_bufg_I_O)         0.091    -3.844 r  system_i/pll_0/inst/clkout1_buf/O
                         net (fo=5495, routed)        1.539    -2.305    system_i/dac/dac_0/inst/aclk
    OLOGIC_X0Y65         ODDR                                         r  system_i/dac/dac_0/inst/DAC_DAT[7].ODDR_inst/C
  -------------------------------------------------------------------    -------------------
    OLOGIC_X0Y65         ODDR (Prop_oddr_C_Q)         0.411    -1.894 r  system_i/dac/dac_0/inst/DAC_DAT[7].ODDR_inst/Q
                         net (fo=1, routed)           0.001    -1.893    dac_dat_o_OBUF[7]
    H20                  OBUF (Prop_obuf_I_O)         2.989     1.095 r  dac_dat_o_OBUF[7]_inst/O
                         net (fo=0)                   0.000     1.095    dac_dat_o[7]
    H20                                                               r  dac_dat_o[7] (OUT)
  -------------------------------------------------------------------    -------------------

Slack:                    inf
  Source:                 system_i/dac/dac_0/inst/DAC_DAT[11].ODDR_inst/C
                            (rising edge-triggered cell ODDR clocked by clk_out1_system_pll_0_0  {rise@0.000ns fall@4.000ns period=8.000ns})
  Destination:            dac_dat_o[11]
                            (output port)
  Path Group:             (none)
  Path Type:              Min at Slow Process Corner
  Data Path Delay:        3.406ns  (logic 3.405ns (99.971%)  route 0.001ns (0.029%))
  Logic Levels:           1  (OBUF=1)
  Clock Uncertainty:      0.162ns  ((TSJ^2 + DJ^2)^1/2) / 2 + PE
    Total System Jitter     (TSJ):    0.050ns
    Discrete Jitter          (DJ):    0.119ns
    Phase Error              (PE):    0.097ns

    Location             Delay type                Incr(ns)  Path(ns)    Netlist Resource(s)
  -------------------------------------------------------------------    -------------------
                         (clock clk_out1_system_pll_0_0 rise edge)
                                                      0.000     0.000 r  
    U18                                               0.000     0.000 r  adc_clk_p_i (IN)
                         net (fo=0)                   0.000     0.000    system_i/pll_0/inst/clk_in1_p
    U18                  IBUFDS (Prop_ibufds_I_O)     0.940     0.940 r  system_i/pll_0/inst/clkin1_ibufgds/O
                         net (fo=1, routed)           1.181     2.121    system_i/pll_0/inst/clk_in1_system_pll_0_0
    PLLE2_ADV_X0Y0       PLLE2_ADV (Prop_plle2_adv_CLKIN1_CLKOUT0)
                                                     -7.650    -5.530 r  system_i/pll_0/inst/plle2_adv_inst/CLKOUT0
                         net (fo=1, routed)           1.594    -3.935    system_i/pll_0/inst/clk_out1_system_pll_0_0
    BUFGCTRL_X0Y0        BUFG (Prop_bufg_I_O)         0.091    -3.844 r  system_i/pll_0/inst/clkout1_buf/O
                         net (fo=5495, routed)        1.535    -2.309    system_i/dac/dac_0/inst/aclk
    OLOGIC_X0Y69         ODDR                                         r  system_i/dac/dac_0/inst/DAC_DAT[11].ODDR_inst/C
  -------------------------------------------------------------------    -------------------
    OLOGIC_X0Y69         ODDR (Prop_oddr_C_Q)         0.411    -1.898 r  system_i/dac/dac_0/inst/DAC_DAT[11].ODDR_inst/Q
                         net (fo=1, routed)           0.001    -1.897    dac_dat_o_OBUF[11]
    F20                  OBUF (Prop_obuf_I_O)         2.994     1.096 r  dac_dat_o_OBUF[11]_inst/O
                         net (fo=0)                   0.000     1.096    dac_dat_o[11]
    F20                                                               r  dac_dat_o[11] (OUT)
  -------------------------------------------------------------------    -------------------

Slack:                    inf
  Source:                 system_i/dac/dac_0/inst/DAC_DAT[10].ODDR_inst/C
                            (rising edge-triggered cell ODDR clocked by clk_out1_system_pll_0_0  {rise@0.000ns fall@4.000ns period=8.000ns})
  Destination:            dac_dat_o[10]
                            (output port)
  Path Group:             (none)
  Path Type:              Min at Slow Process Corner
  Data Path Delay:        3.406ns  (logic 3.405ns (99.971%)  route 0.001ns (0.029%))
  Logic Levels:           1  (OBUF=1)
  Clock Uncertainty:      0.162ns  ((TSJ^2 + DJ^2)^1/2) / 2 + PE
    Total System Jitter     (TSJ):    0.050ns
    Discrete Jitter          (DJ):    0.119ns
    Phase Error              (PE):    0.097ns

    Location             Delay type                Incr(ns)  Path(ns)    Netlist Resource(s)
  -------------------------------------------------------------------    -------------------
                         (clock clk_out1_system_pll_0_0 rise edge)
                                                      0.000     0.000 r  
    U18                                               0.000     0.000 r  adc_clk_p_i (IN)
                         net (fo=0)                   0.000     0.000    system_i/pll_0/inst/clk_in1_p
    U18                  IBUFDS (Prop_ibufds_I_O)     0.940     0.940 r  system_i/pll_0/inst/clkin1_ibufgds/O
                         net (fo=1, routed)           1.181     2.121    system_i/pll_0/inst/clk_in1_system_pll_0_0
    PLLE2_ADV_X0Y0       PLLE2_ADV (Prop_plle2_adv_CLKIN1_CLKOUT0)
                                                     -7.650    -5.530 r  system_i/pll_0/inst/plle2_adv_inst/CLKOUT0
                         net (fo=1, routed)           1.594    -3.935    system_i/pll_0/inst/clk_out1_system_pll_0_0
    BUFGCTRL_X0Y0        BUFG (Prop_bufg_I_O)         0.091    -3.844 r  system_i/pll_0/inst/clkout1_buf/O
                         net (fo=5495, routed)        1.535    -2.309    system_i/dac/dac_0/inst/aclk
    OLOGIC_X0Y70         ODDR                                         r  system_i/dac/dac_0/inst/DAC_DAT[10].ODDR_inst/C
  -------------------------------------------------------------------    -------------------
    OLOGIC_X0Y70         ODDR (Prop_oddr_C_Q)         0.411    -1.898 r  system_i/dac/dac_0/inst/DAC_DAT[10].ODDR_inst/Q
                         net (fo=1, routed)           0.001    -1.897    dac_dat_o_OBUF[10]
    F19                  OBUF (Prop_obuf_I_O)         2.994     1.097 r  dac_dat_o_OBUF[10]_inst/O
                         net (fo=0)                   0.000     1.097    dac_dat_o[10]
    F19                                                               r  dac_dat_o[10] (OUT)
  -------------------------------------------------------------------    -------------------

Slack:                    inf
  Source:                 system_i/dac/dac_0/inst/DAC_DAT[6].ODDR_inst/C
                            (rising edge-triggered cell ODDR clocked by clk_out1_system_pll_0_0  {rise@0.000ns fall@4.000ns period=8.000ns})
  Destination:            dac_dat_o[6]
                            (output port)
  Path Group:             (none)
  Path Type:              Min at Slow Process Corner
  Data Path Delay:        3.402ns  (logic 3.401ns (99.971%)  route 0.001ns (0.029%))
  Logic Levels:           1  (OBUF=1)
  Clock Uncertainty:      0.162ns  ((TSJ^2 + DJ^2)^1/2) / 2 + PE
    Total System Jitter     (TSJ):    0.050ns
    Discrete Jitter          (DJ):    0.119ns
    Phase Error              (PE):    0.097ns

    Location             Delay type                Incr(ns)  Path(ns)    Netlist Resource(s)
  -------------------------------------------------------------------    -------------------
                         (clock clk_out1_system_pll_0_0 rise edge)
                                                      0.000     0.000 r  
    U18                                               0.000     0.000 r  adc_clk_p_i (IN)
                         net (fo=0)                   0.000     0.000    system_i/pll_0/inst/clk_in1_p
    U18                  IBUFDS (Prop_ibufds_I_O)     0.940     0.940 r  system_i/pll_0/inst/clkin1_ibufgds/O
                         net (fo=1, routed)           1.181     2.121    system_i/pll_0/inst/clk_in1_system_pll_0_0
    PLLE2_ADV_X0Y0       PLLE2_ADV (Prop_plle2_adv_CLKIN1_CLKOUT0)
                                                     -7.650    -5.530 r  system_i/pll_0/inst/plle2_adv_inst/CLKOUT0
                         net (fo=1, routed)           1.594    -3.935    system_i/pll_0/inst/clk_out1_system_pll_0_0
    BUFGCTRL_X0Y0        BUFG (Prop_bufg_I_O)         0.091    -3.844 r  system_i/pll_0/inst/clkout1_buf/O
                         net (fo=5495, routed)        1.539    -2.305    system_i/dac/dac_0/inst/aclk
    OLOGIC_X0Y66         ODDR                                         r  system_i/dac/dac_0/inst/DAC_DAT[6].ODDR_inst/C
  -------------------------------------------------------------------    -------------------
    OLOGIC_X0Y66         ODDR (Prop_oddr_C_Q)         0.411    -1.894 r  system_i/dac/dac_0/inst/DAC_DAT[6].ODDR_inst/Q
                         net (fo=1, routed)           0.001    -1.893    dac_dat_o_OBUF[6]
    J20                  OBUF (Prop_obuf_I_O)         2.990     1.097 r  dac_dat_o_OBUF[6]_inst/O
                         net (fo=0)                   0.000     1.097    dac_dat_o[6]
    J20                                                               r  dac_dat_o[6] (OUT)
  -------------------------------------------------------------------    -------------------

Slack:                    inf
  Source:                 system_i/dac/dac_0/inst/DAC_DAT[9].ODDR_inst/C
                            (rising edge-triggered cell ODDR clocked by clk_out1_system_pll_0_0  {rise@0.000ns fall@4.000ns period=8.000ns})
  Destination:            dac_dat_o[9]
                            (output port)
  Path Group:             (none)
  Path Type:              Min at Slow Process Corner
  Data Path Delay:        3.404ns  (logic 3.403ns (99.971%)  route 0.001ns (0.029%))
  Logic Levels:           1  (OBUF=1)
  Clock Uncertainty:      0.162ns  ((TSJ^2 + DJ^2)^1/2) / 2 + PE
    Total System Jitter     (TSJ):    0.050ns
    Discrete Jitter          (DJ):    0.119ns
    Phase Error              (PE):    0.097ns

    Location             Delay type                Incr(ns)  Path(ns)    Netlist Resource(s)
  -------------------------------------------------------------------    -------------------
                         (clock clk_out1_system_pll_0_0 rise edge)
                                                      0.000     0.000 r  
    U18                                               0.000     0.000 r  adc_clk_p_i (IN)
                         net (fo=0)                   0.000     0.000    system_i/pll_0/inst/clk_in1_p
    U18                  IBUFDS (Prop_ibufds_I_O)     0.940     0.940 r  system_i/pll_0/inst/clkin1_ibufgds/O
                         net (fo=1, routed)           1.181     2.121    system_i/pll_0/inst/clk_in1_system_pll_0_0
    PLLE2_ADV_X0Y0       PLLE2_ADV (Prop_plle2_adv_CLKIN1_CLKOUT0)
                                                     -7.650    -5.530 r  system_i/pll_0/inst/plle2_adv_inst/CLKOUT0
                         net (fo=1, routed)           1.594    -3.935    system_i/pll_0/inst/clk_out1_system_pll_0_0
    BUFGCTRL_X0Y0        BUFG (Prop_bufg_I_O)         0.091    -3.844 r  system_i/pll_0/inst/clkout1_buf/O
                         net (fo=5495, routed)        1.540    -2.304    system_i/dac/dac_0/inst/aclk
    OLOGIC_X0Y63         ODDR                                         r  system_i/dac/dac_0/inst/DAC_DAT[9].ODDR_inst/C
  -------------------------------------------------------------------    -------------------
    OLOGIC_X0Y63         ODDR (Prop_oddr_C_Q)         0.411    -1.893 r  system_i/dac/dac_0/inst/DAC_DAT[9].ODDR_inst/Q
                         net (fo=1, routed)           0.001    -1.892    dac_dat_o_OBUF[9]
    G20                  OBUF (Prop_obuf_I_O)         2.992     1.100 r  dac_dat_o_OBUF[9]_inst/O
                         net (fo=0)                   0.000     1.100    dac_dat_o[9]
    G20                                                               r  dac_dat_o[9] (OUT)
  -------------------------------------------------------------------    -------------------

Slack:                    inf
  Source:                 system_i/dac/dac_0/inst/DAC_DAT[8].ODDR_inst/C
                            (rising edge-triggered cell ODDR clocked by clk_out1_system_pll_0_0  {rise@0.000ns fall@4.000ns period=8.000ns})
  Destination:            dac_dat_o[8]
                            (output port)
  Path Group:             (none)
  Path Type:              Min at Slow Process Corner
  Data Path Delay:        3.407ns  (logic 3.406ns (99.971%)  route 0.001ns (0.029%))
  Logic Levels:           1  (OBUF=1)
  Clock Uncertainty:      0.162ns  ((TSJ^2 + DJ^2)^1/2) / 2 + PE
    Total System Jitter     (TSJ):    0.050ns
    Discrete Jitter          (DJ):    0.119ns
    Phase Error              (PE):    0.097ns

    Location             Delay type                Incr(ns)  Path(ns)    Netlist Resource(s)
  -------------------------------------------------------------------    -------------------
                         (clock clk_out1_system_pll_0_0 rise edge)
                                                      0.000     0.000 r  
    U18                                               0.000     0.000 r  adc_clk_p_i (IN)
                         net (fo=0)                   0.000     0.000    system_i/pll_0/inst/clk_in1_p
    U18                  IBUFDS (Prop_ibufds_I_O)     0.940     0.940 r  system_i/pll_0/inst/clkin1_ibufgds/O
                         net (fo=1, routed)           1.181     2.121    system_i/pll_0/inst/clk_in1_system_pll_0_0
    PLLE2_ADV_X0Y0       PLLE2_ADV (Prop_plle2_adv_CLKIN1_CLKOUT0)
                                                     -7.650    -5.530 r  system_i/pll_0/inst/plle2_adv_inst/CLKOUT0
                         net (fo=1, routed)           1.594    -3.935    system_i/pll_0/inst/clk_out1_system_pll_0_0
    BUFGCTRL_X0Y0        BUFG (Prop_bufg_I_O)         0.091    -3.844 r  system_i/pll_0/inst/clkout1_buf/O
                         net (fo=5495, routed)        1.540    -2.304    system_i/dac/dac_0/inst/aclk
    OLOGIC_X0Y64         ODDR                                         r  system_i/dac/dac_0/inst/DAC_DAT[8].ODDR_inst/C
  -------------------------------------------------------------------    -------------------
    OLOGIC_X0Y64         ODDR (Prop_oddr_C_Q)         0.411    -1.893 r  system_i/dac/dac_0/inst/DAC_DAT[8].ODDR_inst/Q
                         net (fo=1, routed)           0.001    -1.892    dac_dat_o_OBUF[8]
    G19                  OBUF (Prop_obuf_I_O)         2.995     1.103 r  dac_dat_o_OBUF[8]_inst/O
                         net (fo=0)                   0.000     1.103    dac_dat_o[8]
    G19                                                               r  dac_dat_o[8] (OUT)
  -------------------------------------------------------------------    -------------------

Slack:                    inf
  Source:                 system_i/dac/dac_0/inst/ODDR_sel/C
                            (rising edge-triggered cell ODDR clocked by clk_out1_system_pll_0_0  {rise@0.000ns fall@4.000ns period=8.000ns})
  Destination:            dac_sel_o
                            (output port)
  Path Group:             (none)
  Path Type:              Min at Slow Process Corner
  Data Path Delay:        3.413ns  (logic 3.412ns (99.971%)  route 0.001ns (0.029%))
  Logic Levels:           1  (OBUF=1)
  Clock Uncertainty:      0.162ns  ((TSJ^2 + DJ^2)^1/2) / 2 + PE
    Total System Jitter     (TSJ):    0.050ns
    Discrete Jitter          (DJ):    0.119ns
    Phase Error              (PE):    0.097ns

    Location             Delay type                Incr(ns)  Path(ns)    Netlist Resource(s)
  -------------------------------------------------------------------    -------------------
                         (clock clk_out1_system_pll_0_0 rise edge)
                                                      0.000     0.000 r  
    U18                                               0.000     0.000 r  adc_clk_p_i (IN)
                         net (fo=0)                   0.000     0.000    system_i/pll_0/inst/clk_in1_p
    U18                  IBUFDS (Prop_ibufds_I_O)     0.940     0.940 r  system_i/pll_0/inst/clkin1_ibufgds/O
                         net (fo=1, routed)           1.181     2.121    system_i/pll_0/inst/clk_in1_system_pll_0_0
    PLLE2_ADV_X0Y0       PLLE2_ADV (Prop_plle2_adv_CLKIN1_CLKOUT0)
                                                     -7.650    -5.530 r  system_i/pll_0/inst/plle2_adv_inst/CLKOUT0
                         net (fo=1, routed)           1.594    -3.935    system_i/pll_0/inst/clk_out1_system_pll_0_0
    BUFGCTRL_X0Y0        BUFG (Prop_bufg_I_O)         0.091    -3.844 r  system_i/pll_0/inst/clkout1_buf/O
                         net (fo=5495, routed)        1.544    -2.300    system_i/dac/dac_0/inst/aclk
    OLOGIC_X0Y57         ODDR                                         r  system_i/dac/dac_0/inst/ODDR_sel/C
  -------------------------------------------------------------------    -------------------
    OLOGIC_X0Y57         ODDR (Prop_oddr_C_Q)         0.411    -1.889 r  system_i/dac/dac_0/inst/ODDR_sel/Q
                         net (fo=1, routed)           0.001    -1.888    dac_sel_o_OBUF
    N16                  OBUF (Prop_obuf_I_O)         3.001     1.112 r  dac_sel_o_OBUF_inst/O
                         net (fo=0)                   0.000     1.112    dac_sel_o
    N16                                                               r  dac_sel_o (OUT)
  -------------------------------------------------------------------    -------------------

Slack:                    inf
  Source:                 system_i/dac/dac_0/inst/DAC_DAT[12].ODDR_inst/C
                            (rising edge-triggered cell ODDR clocked by clk_out1_system_pll_0_0  {rise@0.000ns fall@4.000ns period=8.000ns})
  Destination:            dac_dat_o[12]
                            (output port)
  Path Group:             (none)
  Path Type:              Min at Slow Process Corner
  Data Path Delay:        3.414ns  (logic 3.413ns (99.971%)  route 0.001ns (0.029%))
  Logic Levels:           1  (OBUF=1)
  Clock Uncertainty:      0.162ns  ((TSJ^2 + DJ^2)^1/2) / 2 + PE
    Total System Jitter     (TSJ):    0.050ns
    Discrete Jitter          (DJ):    0.119ns
    Phase Error              (PE):    0.097ns

    Location             Delay type                Incr(ns)  Path(ns)    Netlist Resource(s)
  -------------------------------------------------------------------    -------------------
                         (clock clk_out1_system_pll_0_0 rise edge)
                                                      0.000     0.000 r  
    U18                                               0.000     0.000 r  adc_clk_p_i (IN)
                         net (fo=0)                   0.000     0.000    system_i/pll_0/inst/clk_in1_p
    U18                  IBUFDS (Prop_ibufds_I_O)     0.940     0.940 r  system_i/pll_0/inst/clkin1_ibufgds/O
                         net (fo=1, routed)           1.181     2.121    system_i/pll_0/inst/clk_in1_system_pll_0_0
    PLLE2_ADV_X0Y0       PLLE2_ADV (Prop_plle2_adv_CLKIN1_CLKOUT0)
                                                     -7.650    -5.530 r  system_i/pll_0/inst/plle2_adv_inst/CLKOUT0
                         net (fo=1, routed)           1.594    -3.935    system_i/pll_0/inst/clk_out1_system_pll_0_0
    BUFGCTRL_X0Y0        BUFG (Prop_bufg_I_O)         0.091    -3.844 r  system_i/pll_0/inst/clkout1_buf/O
                         net (fo=5495, routed)        1.544    -2.300    system_i/dac/dac_0/inst/aclk
    OLOGIC_X0Y91         ODDR                                         r  system_i/dac/dac_0/inst/DAC_DAT[12].ODDR_inst/C
  -------------------------------------------------------------------    -------------------
    OLOGIC_X0Y91         ODDR (Prop_oddr_C_Q)         0.411    -1.889 r  system_i/dac/dac_0/inst/DAC_DAT[12].ODDR_inst/Q
                         net (fo=1, routed)           0.001    -1.888    dac_dat_o_OBUF[12]
    D20                  OBUF (Prop_obuf_I_O)         3.002     1.113 r  dac_dat_o_OBUF[12]_inst/O
                         net (fo=0)                   0.000     1.113    dac_dat_o[12]
    D20                                                               r  dac_dat_o[12] (OUT)
  -------------------------------------------------------------------    -------------------

Slack:                    inf
  Source:                 system_i/dac/dac_0/inst/ODDR_rst/C
                            (rising edge-triggered cell ODDR clocked by clk_out1_system_pll_0_0  {rise@0.000ns fall@4.000ns period=8.000ns})
  Destination:            dac_rst_o
                            (output port)
  Path Group:             (none)
  Path Type:              Min at Slow Process Corner
  Data Path Delay:        3.415ns  (logic 3.414ns (99.971%)  route 0.001ns (0.029%))
  Logic Levels:           1  (OBUF=1)
  Clock Uncertainty:      0.162ns  ((TSJ^2 + DJ^2)^1/2) / 2 + PE
    Total System Jitter     (TSJ):    0.050ns
    Discrete Jitter          (DJ):    0.119ns
    Phase Error              (PE):    0.097ns

    Location             Delay type                Incr(ns)  Path(ns)    Netlist Resource(s)
  -------------------------------------------------------------------    -------------------
                         (clock clk_out1_system_pll_0_0 rise edge)
                                                      0.000     0.000 r  
    U18                                               0.000     0.000 r  adc_clk_p_i (IN)
                         net (fo=0)                   0.000     0.000    system_i/pll_0/inst/clk_in1_p
    U18                  IBUFDS (Prop_ibufds_I_O)     0.940     0.940 r  system_i/pll_0/inst/clkin1_ibufgds/O
                         net (fo=1, routed)           1.181     2.121    system_i/pll_0/inst/clk_in1_system_pll_0_0
    PLLE2_ADV_X0Y0       PLLE2_ADV (Prop_plle2_adv_CLKIN1_CLKOUT0)
                                                     -7.650    -5.530 r  system_i/pll_0/inst/plle2_adv_inst/CLKOUT0
                         net (fo=1, routed)           1.594    -3.935    system_i/pll_0/inst/clk_out1_system_pll_0_0
    BUFGCTRL_X0Y0        BUFG (Prop_bufg_I_O)         0.091    -3.844 r  system_i/pll_0/inst/clkout1_buf/O
                         net (fo=5495, routed)        1.544    -2.300    system_i/dac/dac_0/inst/aclk
    OLOGIC_X0Y58         ODDR                                         r  system_i/dac/dac_0/inst/ODDR_rst/C
  -------------------------------------------------------------------    -------------------
    OLOGIC_X0Y58         ODDR (Prop_oddr_C_Q)         0.411    -1.889 r  system_i/dac/dac_0/inst/ODDR_rst/Q
                         net (fo=1, routed)           0.001    -1.888    dac_rst_o_OBUF
    N15                  OBUF (Prop_obuf_I_O)         3.003     1.115 r  dac_rst_o_OBUF_inst/O
                         net (fo=0)                   0.000     1.115    dac_rst_o
    N15                                                               r  dac_rst_o (OUT)
  -------------------------------------------------------------------    -------------------

Slack:                    inf
  Source:                 system_i/dac/dac_0/inst/DAC_DAT[13].ODDR_inst/C
                            (rising edge-triggered cell ODDR clocked by clk_out1_system_pll_0_0  {rise@0.000ns fall@4.000ns period=8.000ns})
  Destination:            dac_dat_o[13]
                            (output port)
  Path Group:             (none)
  Path Type:              Min at Slow Process Corner
  Data Path Delay:        3.416ns  (logic 3.415ns (99.971%)  route 0.001ns (0.029%))
  Logic Levels:           1  (OBUF=1)
  Clock Uncertainty:      0.162ns  ((TSJ^2 + DJ^2)^1/2) / 2 + PE
    Total System Jitter     (TSJ):    0.050ns
    Discrete Jitter          (DJ):    0.119ns
    Phase Error              (PE):    0.097ns

    Location             Delay type                Incr(ns)  Path(ns)    Netlist Resource(s)
  -------------------------------------------------------------------    -------------------
                         (clock clk_out1_system_pll_0_0 rise edge)
                                                      0.000     0.000 r  
    U18                                               0.000     0.000 r  adc_clk_p_i (IN)
                         net (fo=0)                   0.000     0.000    system_i/pll_0/inst/clk_in1_p
    U18                  IBUFDS (Prop_ibufds_I_O)     0.940     0.940 r  system_i/pll_0/inst/clkin1_ibufgds/O
                         net (fo=1, routed)           1.181     2.121    system_i/pll_0/inst/clk_in1_system_pll_0_0
    PLLE2_ADV_X0Y0       PLLE2_ADV (Prop_plle2_adv_CLKIN1_CLKOUT0)
                                                     -7.650    -5.530 r  system_i/pll_0/inst/plle2_adv_inst/CLKOUT0
                         net (fo=1, routed)           1.594    -3.935    system_i/pll_0/inst/clk_out1_system_pll_0_0
    BUFGCTRL_X0Y0        BUFG (Prop_bufg_I_O)         0.091    -3.844 r  system_i/pll_0/inst/clkout1_buf/O
                         net (fo=5495, routed)        1.544    -2.300    system_i/dac/dac_0/inst/aclk
    OLOGIC_X0Y92         ODDR                                         r  system_i/dac/dac_0/inst/DAC_DAT[13].ODDR_inst/C
  -------------------------------------------------------------------    -------------------
    OLOGIC_X0Y92         ODDR (Prop_oddr_C_Q)         0.411    -1.889 r  system_i/dac/dac_0/inst/DAC_DAT[13].ODDR_inst/Q
                         net (fo=1, routed)           0.001    -1.888    dac_dat_o_OBUF[13]
    D19                  OBUF (Prop_obuf_I_O)         3.004     1.115 r  dac_dat_o_OBUF[13]_inst/O
                         net (fo=0)                   0.000     1.115    dac_dat_o[13]
    D19                                                               r  dac_dat_o[13] (OUT)
  -------------------------------------------------------------------    -------------------





--------------------------------------------------------------------------------------
Path Group:  (none)
From Clock:  clk_out2_system_pll_0_0
  To Clock:  

Max Delay             1 Endpoint
Min Delay             1 Endpoint
--------------------------------------------------------------------------------------


Max Delay Paths
--------------------------------------------------------------------------------------
Slack:                    inf
  Source:                 system_i/dac/dac_0/inst/ODDR_clk/C
                            (falling edge-triggered cell ODDR clocked by clk_out2_system_pll_0_0  {rise@1.750ns fall@3.750ns period=4.000ns})
  Destination:            dac_clk_o
                            (output port)
  Path Group:             (none)
  Path Type:              Max at Fast Process Corner
  Data Path Delay:        1.833ns  (logic 1.832ns (99.945%)  route 0.001ns (0.055%))
  Logic Levels:           1  (OBUF=1)
  Clock Uncertainty:      0.155ns  ((TSJ^2 + DJ^2)^1/2) / 2 + PE
    Total System Jitter     (TSJ):    0.050ns
    Discrete Jitter          (DJ):    0.105ns
    Phase Error              (PE):    0.097ns

    Location             Delay type                Incr(ns)  Path(ns)    Netlist Resource(s)
  -------------------------------------------------------------------    -------------------
                         (clock clk_out2_system_pll_0_0 fall edge)
                                                      3.750     3.750 f  
    U18                                               0.000     3.750 f  adc_clk_p_i (IN)
                         net (fo=0)                   0.000     3.750    system_i/pll_0/inst/clk_in1_p
    U18                  IBUFDS (Prop_ibufds_I_O)     0.433     4.183 f  system_i/pll_0/inst/clkin1_ibufgds/O
                         net (fo=1, routed)           0.481     4.664    system_i/pll_0/inst/clk_in1_system_pll_0_0
    PLLE2_ADV_X0Y0       PLLE2_ADV (Prop_plle2_adv_CLKIN1_CLKOUT1)
                                                     -2.546     2.118 f  system_i/pll_0/inst/plle2_adv_inst/CLKOUT1
                         net (fo=1, routed)           0.544     2.662    system_i/pll_0/inst/clk_out2_system_pll_0_0
    BUFGCTRL_X0Y1        BUFG (Prop_bufg_I_O)         0.029     2.691 f  system_i/pll_0/inst/clkout2_buf/O
                         net (fo=1, routed)           0.851     3.542    system_i/dac/dac_0/inst/ddr_clk
    OLOGIC_X0Y83         ODDR                                         f  system_i/dac/dac_0/inst/ODDR_clk/C
  -------------------------------------------------------------------    -------------------
    OLOGIC_X0Y83         ODDR (Prop_oddr_C_Q)         0.204     3.746 r  system_i/dac/dac_0/inst/ODDR_clk/Q
                         net (fo=1, routed)           0.001     3.747    dac_clk_o_OBUF
    M18                  OBUF (Prop_obuf_I_O)         1.628     5.374 r  dac_clk_o_OBUF_inst/O
                         net (fo=0)                   0.000     5.374    dac_clk_o
    M18                                                               r  dac_clk_o (OUT)
  -------------------------------------------------------------------    -------------------





Min Delay Paths
--------------------------------------------------------------------------------------
Slack:                    inf
  Source:                 system_i/dac/dac_0/inst/ODDR_clk/C
                            (rising edge-triggered cell ODDR clocked by clk_out2_system_pll_0_0  {rise@1.750ns fall@3.750ns period=4.000ns})
  Destination:            dac_clk_o
                            (output port)
  Path Group:             (none)
  Path Type:              Min at Slow Process Corner
  Data Path Delay:        3.473ns  (logic 3.472ns (99.971%)  route 0.001ns (0.029%))
  Logic Levels:           1  (OBUF=1)
  Clock Uncertainty:      0.155ns  ((TSJ^2 + DJ^2)^1/2) / 2 + PE
    Total System Jitter     (TSJ):    0.050ns
    Discrete Jitter          (DJ):    0.105ns
    Phase Error              (PE):    0.097ns

    Location             Delay type                Incr(ns)  Path(ns)    Netlist Resource(s)
  -------------------------------------------------------------------    -------------------
                         (clock clk_out2_system_pll_0_0 rise edge)
                                                      1.750     1.750 r  
    U18                                               0.000     1.750 r  adc_clk_p_i (IN)
                         net (fo=0)                   0.000     1.750    system_i/pll_0/inst/clk_in1_p
    U18                  IBUFDS (Prop_ibufds_I_O)     0.940     2.690 r  system_i/pll_0/inst/clkin1_ibufgds/O
                         net (fo=1, routed)           1.181     3.871    system_i/pll_0/inst/clk_in1_system_pll_0_0
    PLLE2_ADV_X0Y0       PLLE2_ADV (Prop_plle2_adv_CLKIN1_CLKOUT1)
                                                     -7.650    -3.780 r  system_i/pll_0/inst/plle2_adv_inst/CLKOUT1
                         net (fo=1, routed)           1.594    -2.185    system_i/pll_0/inst/clk_out2_system_pll_0_0
    BUFGCTRL_X0Y1        BUFG (Prop_bufg_I_O)         0.091    -2.094 r  system_i/pll_0/inst/clkout2_buf/O
                         net (fo=1, routed)           1.539    -0.555    system_i/dac/dac_0/inst/ddr_clk
    OLOGIC_X0Y83         ODDR                                         r  system_i/dac/dac_0/inst/ODDR_clk/C
  -------------------------------------------------------------------    -------------------
    OLOGIC_X0Y83         ODDR (Prop_oddr_C_Q)         0.411    -0.144 r  system_i/dac/dac_0/inst/ODDR_clk/Q
                         net (fo=1, routed)           0.001    -0.143    dac_clk_o_OBUF
    M18                  OBUF (Prop_obuf_I_O)         3.061     2.917 r  dac_clk_o_OBUF_inst/O
                         net (fo=0)                   0.000     2.917    dac_clk_o
    M18                                                               r  dac_clk_o (OUT)
  -------------------------------------------------------------------    -------------------





--------------------------------------------------------------------------------------
Path Group:  (none)
From Clock:  clk_out3_system_pll_0_0
  To Clock:  

Max Delay             1 Endpoint
Min Delay             1 Endpoint
--------------------------------------------------------------------------------------


Max Delay Paths
--------------------------------------------------------------------------------------
Slack:                    inf
  Source:                 system_i/dac/dac_0/inst/ODDR_wrt/C
                            (rising edge-triggered cell ODDR clocked by clk_out3_system_pll_0_0  {rise@2.250ns fall@4.250ns period=4.000ns})
  Destination:            dac_wrt_o
                            (output port)
  Path Group:             (none)
  Path Type:              Max at Fast Process Corner
  Data Path Delay:        1.839ns  (logic 1.838ns (99.946%)  route 0.001ns (0.054%))
  Logic Levels:           1  (OBUF=1)
  Clock Uncertainty:      0.155ns  ((TSJ^2 + DJ^2)^1/2) / 2 + PE
    Total System Jitter     (TSJ):    0.050ns
    Discrete Jitter          (DJ):    0.105ns
    Phase Error              (PE):    0.097ns

    Location             Delay type                Incr(ns)  Path(ns)    Netlist Resource(s)
  -------------------------------------------------------------------    -------------------
                         (clock clk_out3_system_pll_0_0 rise edge)
                                                      2.250     2.250 r  
    U18                                               0.000     2.250 r  adc_clk_p_i (IN)
                         net (fo=0)                   0.000     2.250    system_i/pll_0/inst/clk_in1_p
    U18                  IBUFDS (Prop_ibufds_I_O)     0.433     2.683 r  system_i/pll_0/inst/clkin1_ibufgds/O
                         net (fo=1, routed)           0.481     3.164    system_i/pll_0/inst/clk_in1_system_pll_0_0
    PLLE2_ADV_X0Y0       PLLE2_ADV (Prop_plle2_adv_CLKIN1_CLKOUT2)
                                                     -2.546     0.618 r  system_i/pll_0/inst/plle2_adv_inst/CLKOUT2
                         net (fo=1, routed)           0.544     1.162    system_i/pll_0/inst/clk_out3_system_pll_0_0
    BUFGCTRL_X0Y2        BUFG (Prop_bufg_I_O)         0.029     1.191 r  system_i/pll_0/inst/clkout3_buf/O
                         net (fo=1, routed)           0.851     2.042    system_i/dac/dac_0/inst/wrt_clk
    OLOGIC_X0Y84         ODDR                                         r  system_i/dac/dac_0/inst/ODDR_wrt/C
  -------------------------------------------------------------------    -------------------
    OLOGIC_X0Y84         ODDR (Prop_oddr_C_Q)         0.204     2.246 r  system_i/dac/dac_0/inst/ODDR_wrt/Q
                         net (fo=1, routed)           0.001     2.247    dac_wrt_o_OBUF
    M17                  OBUF (Prop_obuf_I_O)         1.634     3.881 r  dac_wrt_o_OBUF_inst/O
                         net (fo=0)                   0.000     3.881    dac_wrt_o
    M17                                                               r  dac_wrt_o (OUT)
  -------------------------------------------------------------------    -------------------





Min Delay Paths
--------------------------------------------------------------------------------------
Slack:                    inf
  Source:                 system_i/dac/dac_0/inst/ODDR_wrt/C
                            (falling edge-triggered cell ODDR clocked by clk_out3_system_pll_0_0  {rise@2.250ns fall@4.250ns period=4.000ns})
  Destination:            dac_wrt_o
                            (output port)
  Path Group:             (none)
  Path Type:              Min at Slow Process Corner
  Data Path Delay:        3.479ns  (logic 3.478ns (99.971%)  route 0.001ns (0.029%))
  Logic Levels:           1  (OBUF=1)
  Clock Uncertainty:      0.155ns  ((TSJ^2 + DJ^2)^1/2) / 2 + PE
    Total System Jitter     (TSJ):    0.050ns
    Discrete Jitter          (DJ):    0.105ns
    Phase Error              (PE):    0.097ns

    Location             Delay type                Incr(ns)  Path(ns)    Netlist Resource(s)
  -------------------------------------------------------------------    -------------------
                         (clock clk_out3_system_pll_0_0 fall edge)
                                                      0.250     0.250 f  
    U18                                               0.000     0.250 f  adc_clk_p_i (IN)
                         net (fo=0)                   0.000     0.250    system_i/pll_0/inst/clk_in1_p
    U18                  IBUFDS (Prop_ibufds_I_O)     0.940     1.190 f  system_i/pll_0/inst/clkin1_ibufgds/O
                         net (fo=1, routed)           1.181     2.371    system_i/pll_0/inst/clk_in1_system_pll_0_0
    PLLE2_ADV_X0Y0       PLLE2_ADV (Prop_plle2_adv_CLKIN1_CLKOUT2)
                                                     -7.650    -5.280 f  system_i/pll_0/inst/plle2_adv_inst/CLKOUT2
                         net (fo=1, routed)           1.594    -3.685    system_i/pll_0/inst/clk_out3_system_pll_0_0
    BUFGCTRL_X0Y2        BUFG (Prop_bufg_I_O)         0.091    -3.594 f  system_i/pll_0/inst/clkout3_buf/O
                         net (fo=1, routed)           1.539    -2.055    system_i/dac/dac_0/inst/wrt_clk
    OLOGIC_X0Y84         ODDR                                         f  system_i/dac/dac_0/inst/ODDR_wrt/C
  -------------------------------------------------------------------    -------------------
    OLOGIC_X0Y84         ODDR (Prop_oddr_C_Q)         0.411    -1.644 r  system_i/dac/dac_0/inst/ODDR_wrt/Q
                         net (fo=1, routed)           0.001    -1.643    dac_wrt_o_OBUF
    M17                  OBUF (Prop_obuf_I_O)         3.067     1.424 r  dac_wrt_o_OBUF_inst/O
                         net (fo=0)                   0.000     1.424    dac_wrt_o
    M17                                                               r  dac_wrt_o (OUT)
  -------------------------------------------------------------------    -------------------





--------------------------------------------------------------------------------------
Path Group:  (none)
From Clock:  clkfbout_system_pll_0_0
  To Clock:  

Max Delay             1 Endpoint
Min Delay             1 Endpoint
--------------------------------------------------------------------------------------


Max Delay Paths
--------------------------------------------------------------------------------------
Slack:                    inf
  Source:                 system_i/pll_0/inst/plle2_adv_inst/CLKFBOUT
                            (clock source 'clkfbout_system_pll_0_0'  {rise@0.000ns fall@4.000ns period=8.000ns})
  Destination:            system_i/pll_0/inst/plle2_adv_inst/CLKFBIN
  Path Group:             (none)
  Path Type:              Max at Fast Process Corner
  Data Path Delay:        1.390ns  (logic 0.029ns (2.086%)  route 1.361ns (97.914%))
  Logic Levels:           1  (BUFG=1)
  Clock Uncertainty:      0.145ns  ((TSJ^2 + DJ^2)^1/2) / 2 + PE
    Total System Jitter     (TSJ):    0.050ns
    Discrete Jitter          (DJ):    0.081ns
    Phase Error              (PE):    0.097ns

    Location             Delay type                Incr(ns)  Path(ns)    Netlist Resource(s)
  -------------------------------------------------------------------    -------------------
                         (clock clkfbout_system_pll_0_0 fall edge)
                                                      4.000     4.000 f  
    U18                                               0.000     4.000 f  adc_clk_p_i (IN)
                         net (fo=0)                   0.000     4.000    system_i/pll_0/inst/clk_in1_p
    U18                  IBUFDS (Prop_ibufds_I_O)     0.433     4.433 f  system_i/pll_0/inst/clkin1_ibufgds/O
                         net (fo=1, routed)           0.481     4.914    system_i/pll_0/inst/clk_in1_system_pll_0_0
  -------------------------------------------------------------------    -------------------
    PLLE2_ADV_X0Y0       PLLE2_ADV (Prop_plle2_adv_CLKIN1_CLKFBOUT)
                                                     -2.546     2.368 f  system_i/pll_0/inst/plle2_adv_inst/CLKFBOUT
                         net (fo=1, routed)           0.544     2.912    system_i/pll_0/inst/clkfbout_system_pll_0_0
    BUFGCTRL_X0Y3        BUFG (Prop_bufg_I_O)         0.029     2.941 f  system_i/pll_0/inst/clkf_buf/O
                         net (fo=1, routed)           0.817     3.758    system_i/pll_0/inst/clkfbout_buf_system_pll_0_0
    PLLE2_ADV_X0Y0       PLLE2_ADV                                    f  system_i/pll_0/inst/plle2_adv_inst/CLKFBIN
  -------------------------------------------------------------------    -------------------





Min Delay Paths
--------------------------------------------------------------------------------------
Slack:                    inf
  Source:                 system_i/pll_0/inst/plle2_adv_inst/CLKFBOUT
                            (clock source 'clkfbout_system_pll_0_0'  {rise@0.000ns fall@4.000ns period=8.000ns})
  Destination:            system_i/pll_0/inst/plle2_adv_inst/CLKFBIN
  Path Group:             (none)
  Path Type:              Min at Slow Process Corner
  Data Path Delay:        3.194ns  (logic 0.091ns (2.849%)  route 3.103ns (97.151%))
  Logic Levels:           1  (BUFG=1)
  Clock Uncertainty:      0.145ns  ((TSJ^2 + DJ^2)^1/2) / 2 + PE
    Total System Jitter     (TSJ):    0.050ns
    Discrete Jitter          (DJ):    0.081ns
    Phase Error              (PE):    0.097ns

    Location             Delay type                Incr(ns)  Path(ns)    Netlist Resource(s)
  -------------------------------------------------------------------    -------------------
                         (clock clkfbout_system_pll_0_0 rise edge)
                                                      0.000     0.000 r  
    U18                                               0.000     0.000 r  adc_clk_p_i (IN)
                         net (fo=0)                   0.000     0.000    system_i/pll_0/inst/clk_in1_p
    U18                  IBUFDS (Prop_ibufds_I_O)     0.940     0.940 r  system_i/pll_0/inst/clkin1_ibufgds/O
                         net (fo=1, routed)           1.181     2.121    system_i/pll_0/inst/clk_in1_system_pll_0_0
  -------------------------------------------------------------------    -------------------
    PLLE2_ADV_X0Y0       PLLE2_ADV (Prop_plle2_adv_CLKIN1_CLKFBOUT)
                                                     -7.650    -5.530 r  system_i/pll_0/inst/plle2_adv_inst/CLKFBOUT
                         net (fo=1, routed)           1.594    -3.935    system_i/pll_0/inst/clkfbout_system_pll_0_0
    BUFGCTRL_X0Y3        BUFG (Prop_bufg_I_O)         0.091    -3.844 r  system_i/pll_0/inst/clkf_buf/O
                         net (fo=1, routed)           1.509    -2.335    system_i/pll_0/inst/clkfbout_buf_system_pll_0_0
    PLLE2_ADV_X0Y0       PLLE2_ADV                                    r  system_i/pll_0/inst/plle2_adv_inst/CLKFBIN
  -------------------------------------------------------------------    -------------------





