Copyright 1986-2022 Xilinx, Inc. All Rights Reserved. Copyright 2022-2024 Advanced Micro Devices, Inc. All Rights Reserved.
--------------------------------------------------------------------------------------------------------------------------------------------------------------------------------
| Tool Version : Vivado v.2024.1 (win64) Build 5076996 Wed May 22 18:37:14 MDT 2024
| Date         : Mon Mar 17 13:19:40 2025
| Host         : PHY-GXBK running 64-bit major release  (build 9200)
| Command      : report_methodology -file system_wrapper_methodology_drc_routed.rpt -pb system_wrapper_methodology_drc_routed.pb -rpx system_wrapper_methodology_drc_routed.rpx
| Design       : system_wrapper
| Device       : xc7z010clg400-1
| Speed File   : -1
| Design State : Fully Routed
--------------------------------------------------------------------------------------------------------------------------------------------------------------------------------

Report Methodology

Table of Contents
-----------------
1. REPORT SUMMARY
2. REPORT DETAILS

1. REPORT SUMMARY
-----------------
            Netlist: netlist
          Floorplan: design_1
      Design limits: <entire design considered>
             Max violations: <unlimited>
             Violations found: 215
+-----------+----------+-------------------------------+------------+
| Rule      | Severity | Description                   | Violations |
+-----------+----------+-------------------------------+------------+
| TIMING-16 | Warning  | Large setup violation         | 171        |
| TIMING-18 | Warning  | Missing input or output delay | 44         |
+-----------+----------+-------------------------------+------------+

2. REPORT DETAILS
-----------------
TIMING-16#1 Warning
Large setup violation  
There is a large setup violation of -1.010 ns between system_i/soc/ps_0/inst/PS7_i/MAXIGP0ACLK (clocked by clk_out1_system_pll_0_0) and system_i/soc/axi_interconnect_0/xbar/inst/gen_samd.crossbar_samd/gen_slave_slots[0].gen_si_read.si_transactor_ar/gen_multi_thread.gen_thread_loop[2].active_cnt_reg[17]/CE (clocked by clk_out1_system_pll_0_0). Large setup violations at the end of those stages might be difficult to fix during the post-placement implementation flow and could be the result of non-optimal XDC constraints or non-optimal design architecture
Related violations: <none>

TIMING-16#2 Warning
Large setup violation  
There is a large setup violation of -1.010 ns between system_i/soc/ps_0/inst/PS7_i/MAXIGP0ACLK (clocked by clk_out1_system_pll_0_0) and system_i/soc/axi_interconnect_0/xbar/inst/gen_samd.crossbar_samd/gen_slave_slots[0].gen_si_read.si_transactor_ar/gen_multi_thread.gen_thread_loop[2].active_cnt_reg[18]/CE (clocked by clk_out1_system_pll_0_0). Large setup violations at the end of those stages might be difficult to fix during the post-placement implementation flow and could be the result of non-optimal XDC constraints or non-optimal design architecture
Related violations: <none>

TIMING-16#3 Warning
Large setup violation  
There is a large setup violation of -1.010 ns between system_i/soc/ps_0/inst/PS7_i/MAXIGP0ACLK (clocked by clk_out1_system_pll_0_0) and system_i/soc/axi_interconnect_0/xbar/inst/gen_samd.crossbar_samd/gen_slave_slots[0].gen_si_read.si_transactor_ar/gen_multi_thread.gen_thread_loop[2].active_cnt_reg[19]/CE (clocked by clk_out1_system_pll_0_0). Large setup violations at the end of those stages might be difficult to fix during the post-placement implementation flow and could be the result of non-optimal XDC constraints or non-optimal design architecture
Related violations: <none>

TIMING-16#4 Warning
Large setup violation  
There is a large setup violation of -1.015 ns between system_i/soc/ps_0/inst/PS7_i/MAXIGP0ACLK (clocked by clk_out1_system_pll_0_0) and system_i/soc/axi_interconnect_0/xbar/inst/gen_samd.crossbar_samd/gen_slave_slots[0].gen_si_read.si_transactor_ar/gen_multi_thread.gen_thread_loop[2].active_cnt_reg[16]/CE (clocked by clk_out1_system_pll_0_0). Large setup violations at the end of those stages might be difficult to fix during the post-placement implementation flow and could be the result of non-optimal XDC constraints or non-optimal design architecture
Related violations: <none>

TIMING-16#5 Warning
Large setup violation  
There is a large setup violation of -1.025 ns between system_i/soc/ps_0/inst/PS7_i/MAXIGP0ACLK (clocked by clk_out1_system_pll_0_0) and system_i/soc/axi_interconnect_0/xbar/inst/gen_samd.crossbar_samd/gen_slave_slots[0].gen_si_read.si_transactor_ar/gen_multi_thread.gen_thread_loop[4].active_cnt_reg[32]/CE (clocked by clk_out1_system_pll_0_0). Large setup violations at the end of those stages might be difficult to fix during the post-placement implementation flow and could be the result of non-optimal XDC constraints or non-optimal design architecture
Related violations: <none>

TIMING-16#6 Warning
Large setup violation  
There is a large setup violation of -1.025 ns between system_i/soc/ps_0/inst/PS7_i/MAXIGP0ACLK (clocked by clk_out1_system_pll_0_0) and system_i/soc/axi_interconnect_0/xbar/inst/gen_samd.crossbar_samd/gen_slave_slots[0].gen_si_read.si_transactor_ar/gen_multi_thread.gen_thread_loop[4].active_cnt_reg[33]/CE (clocked by clk_out1_system_pll_0_0). Large setup violations at the end of those stages might be difficult to fix during the post-placement implementation flow and could be the result of non-optimal XDC constraints or non-optimal design architecture
Related violations: <none>

TIMING-16#7 Warning
Large setup violation  
There is a large setup violation of -1.044 ns between system_i/soc/ps_0/inst/PS7_i/MAXIGP0ACLK (clocked by clk_out1_system_pll_0_0) and system_i/soc/axi_interconnect_0/xbar/inst/gen_samd.crossbar_samd/gen_slave_slots[0].gen_si_read.si_transactor_ar/gen_multi_thread.gen_thread_loop[7].active_cnt_reg[58]/CE (clocked by clk_out1_system_pll_0_0). Large setup violations at the end of those stages might be difficult to fix during the post-placement implementation flow and could be the result of non-optimal XDC constraints or non-optimal design architecture
Related violations: <none>

TIMING-16#8 Warning
Large setup violation  
There is a large setup violation of -1.044 ns between system_i/soc/ps_0/inst/PS7_i/MAXIGP0ACLK (clocked by clk_out1_system_pll_0_0) and system_i/soc/axi_interconnect_0/xbar/inst/gen_samd.crossbar_samd/gen_slave_slots[0].gen_si_read.si_transactor_ar/gen_multi_thread.gen_thread_loop[7].active_cnt_reg[59]/CE (clocked by clk_out1_system_pll_0_0). Large setup violations at the end of those stages might be difficult to fix during the post-placement implementation flow and could be the result of non-optimal XDC constraints or non-optimal design architecture
Related violations: <none>

TIMING-16#9 Warning
Large setup violation  
There is a large setup violation of -1.113 ns between system_i/soc/ps_0/inst/PS7_i/MAXIGP0ACLK (clocked by clk_out1_system_pll_0_0) and system_i/soc/axi_interconnect_0/xbar/inst/gen_samd.crossbar_samd/gen_slave_slots[0].gen_si_read.si_transactor_ar/gen_multi_thread.gen_thread_loop[3].active_cnt_reg[24]/CE (clocked by clk_out1_system_pll_0_0). Large setup violations at the end of those stages might be difficult to fix during the post-placement implementation flow and could be the result of non-optimal XDC constraints or non-optimal design architecture
Related violations: <none>

TIMING-16#10 Warning
Large setup violation  
There is a large setup violation of -1.113 ns between system_i/soc/ps_0/inst/PS7_i/MAXIGP0ACLK (clocked by clk_out1_system_pll_0_0) and system_i/soc/axi_interconnect_0/xbar/inst/gen_samd.crossbar_samd/gen_slave_slots[0].gen_si_read.si_transactor_ar/gen_multi_thread.gen_thread_loop[3].active_cnt_reg[25]/CE (clocked by clk_out1_system_pll_0_0). Large setup violations at the end of those stages might be difficult to fix during the post-placement implementation flow and could be the result of non-optimal XDC constraints or non-optimal design architecture
Related violations: <none>

TIMING-16#11 Warning
Large setup violation  
There is a large setup violation of -1.113 ns between system_i/soc/ps_0/inst/PS7_i/MAXIGP0ACLK (clocked by clk_out1_system_pll_0_0) and system_i/soc/axi_interconnect_0/xbar/inst/gen_samd.crossbar_samd/gen_slave_slots[0].gen_si_read.si_transactor_ar/gen_multi_thread.gen_thread_loop[3].active_cnt_reg[26]/CE (clocked by clk_out1_system_pll_0_0). Large setup violations at the end of those stages might be difficult to fix during the post-placement implementation flow and could be the result of non-optimal XDC constraints or non-optimal design architecture
Related violations: <none>

TIMING-16#12 Warning
Large setup violation  
There is a large setup violation of -1.184 ns between system_i/soc/ps_0/inst/PS7_i/MAXIGP0ACLK (clocked by clk_out1_system_pll_0_0) and system_i/soc/axi_interconnect_0/xbar/inst/gen_samd.crossbar_samd/gen_slave_slots[0].gen_si_read.si_transactor_ar/gen_multi_thread.gen_thread_loop[7].active_cnt_reg[56]/CE (clocked by clk_out1_system_pll_0_0). Large setup violations at the end of those stages might be difficult to fix during the post-placement implementation flow and could be the result of non-optimal XDC constraints or non-optimal design architecture
Related violations: <none>

TIMING-16#13 Warning
Large setup violation  
There is a large setup violation of -1.184 ns between system_i/soc/ps_0/inst/PS7_i/MAXIGP0ACLK (clocked by clk_out1_system_pll_0_0) and system_i/soc/axi_interconnect_0/xbar/inst/gen_samd.crossbar_samd/gen_slave_slots[0].gen_si_read.si_transactor_ar/gen_multi_thread.gen_thread_loop[7].active_cnt_reg[57]/CE (clocked by clk_out1_system_pll_0_0). Large setup violations at the end of those stages might be difficult to fix during the post-placement implementation flow and could be the result of non-optimal XDC constraints or non-optimal design architecture
Related violations: <none>

TIMING-16#14 Warning
Large setup violation  
There is a large setup violation of -1.209 ns between system_i/soc/ps_0/inst/PS7_i/MAXIGP0ACLK (clocked by clk_out1_system_pll_0_0) and system_i/soc/axi_interconnect_0/xbar/inst/gen_samd.crossbar_samd/addr_arbiter_ar/gen_no_arbiter.m_target_hot_i_reg[0]/CE (clocked by clk_out1_system_pll_0_0). Large setup violations at the end of those stages might be difficult to fix during the post-placement implementation flow and could be the result of non-optimal XDC constraints or non-optimal design architecture
Related violations: <none>

TIMING-16#15 Warning
Large setup violation  
There is a large setup violation of -1.254 ns between system_i/soc/ps_0/inst/PS7_i/MAXIGP0ACLK (clocked by clk_out1_system_pll_0_0) and system_i/soc/axi_interconnect_0/xbar/inst/gen_samd.crossbar_samd/addr_arbiter_ar/gen_no_arbiter.m_target_hot_i_reg[1]/CE (clocked by clk_out1_system_pll_0_0). Large setup violations at the end of those stages might be difficult to fix during the post-placement implementation flow and could be the result of non-optimal XDC constraints or non-optimal design architecture
Related violations: <none>

TIMING-16#16 Warning
Large setup violation  
There is a large setup violation of -1.254 ns between system_i/soc/ps_0/inst/PS7_i/MAXIGP0ACLK (clocked by clk_out1_system_pll_0_0) and system_i/soc/axi_interconnect_0/xbar/inst/gen_samd.crossbar_samd/addr_arbiter_ar/gen_no_arbiter.m_target_hot_i_reg[2]/CE (clocked by clk_out1_system_pll_0_0). Large setup violations at the end of those stages might be difficult to fix during the post-placement implementation flow and could be the result of non-optimal XDC constraints or non-optimal design architecture
Related violations: <none>

TIMING-16#17 Warning
Large setup violation  
There is a large setup violation of -1.254 ns between system_i/soc/ps_0/inst/PS7_i/MAXIGP0ACLK (clocked by clk_out1_system_pll_0_0) and system_i/soc/axi_interconnect_0/xbar/inst/gen_samd.crossbar_samd/addr_arbiter_ar/gen_no_arbiter.m_target_hot_i_reg[3]/CE (clocked by clk_out1_system_pll_0_0). Large setup violations at the end of those stages might be difficult to fix during the post-placement implementation flow and could be the result of non-optimal XDC constraints or non-optimal design architecture
Related violations: <none>

TIMING-16#18 Warning
Large setup violation  
There is a large setup violation of -1.254 ns between system_i/soc/ps_0/inst/PS7_i/MAXIGP0ACLK (clocked by clk_out1_system_pll_0_0) and system_i/soc/axi_interconnect_0/xbar/inst/gen_samd.crossbar_samd/addr_arbiter_ar/gen_no_arbiter.m_target_hot_i_reg[8]/CE (clocked by clk_out1_system_pll_0_0). Large setup violations at the end of those stages might be difficult to fix during the post-placement implementation flow and could be the result of non-optimal XDC constraints or non-optimal design architecture
Related violations: <none>

TIMING-16#19 Warning
Large setup violation  
There is a large setup violation of -3.908 ns between system_i/iir2nd/iir_filter_2nd_order_0/inst/a2_y2__1/CLK (clocked by clk_out1_system_pll_0_0) and system_i/iir2nd/iir_filter_2nd_order_0/inst/a2_y2__18/D (clocked by clk_out1_system_pll_0_0). Large setup violations at the end of those stages might be difficult to fix during the post-placement implementation flow and could be the result of non-optimal XDC constraints or non-optimal design architecture
Related violations: <none>

TIMING-16#20 Warning
Large setup violation  
There is a large setup violation of -3.983 ns between system_i/iir2nd/iir_filter_2nd_order_0/inst/a2_y2__1/CLK (clocked by clk_out1_system_pll_0_0) and system_i/iir2nd/iir_filter_2nd_order_0/inst/a2_y2__17/D (clocked by clk_out1_system_pll_0_0). Large setup violations at the end of those stages might be difficult to fix during the post-placement implementation flow and could be the result of non-optimal XDC constraints or non-optimal design architecture
Related violations: <none>

TIMING-16#21 Warning
Large setup violation  
There is a large setup violation of -4.075 ns between system_i/iir2nd/iir_filter_2nd_order_0/inst/a2_y2__1/CLK (clocked by clk_out1_system_pll_0_0) and system_i/iir2nd/iir_filter_2nd_order_0/inst/a2_y2__16/D (clocked by clk_out1_system_pll_0_0). Large setup violations at the end of those stages might be difficult to fix during the post-placement implementation flow and could be the result of non-optimal XDC constraints or non-optimal design architecture
Related violations: <none>

TIMING-16#22 Warning
Large setup violation  
There is a large setup violation of -4.145 ns between system_i/iir2nd/iir_filter_2nd_order_0/inst/a2_y2__1/CLK (clocked by clk_out1_system_pll_0_0) and system_i/iir2nd/iir_filter_2nd_order_0/inst/a2_y2__14/D (clocked by clk_out1_system_pll_0_0). Large setup violations at the end of those stages might be difficult to fix during the post-placement implementation flow and could be the result of non-optimal XDC constraints or non-optimal design architecture
Related violations: <none>

TIMING-16#23 Warning
Large setup violation  
There is a large setup violation of -4.180 ns between system_i/iir2nd/iir_filter_2nd_order_0/inst/a2_y2__1/CLK (clocked by clk_out1_system_pll_0_0) and system_i/iir2nd/iir_filter_2nd_order_0/inst/a2_y2__15/D (clocked by clk_out1_system_pll_0_0). Large setup violations at the end of those stages might be difficult to fix during the post-placement implementation flow and could be the result of non-optimal XDC constraints or non-optimal design architecture
Related violations: <none>

TIMING-16#24 Warning
Large setup violation  
There is a large setup violation of -4.236 ns between system_i/iir2nd/iir_filter_2nd_order_0/inst/a2_y2__1/CLK (clocked by clk_out1_system_pll_0_0) and system_i/iir2nd/iir_filter_2nd_order_0/inst/a2_y2__13/D (clocked by clk_out1_system_pll_0_0). Large setup violations at the end of those stages might be difficult to fix during the post-placement implementation flow and could be the result of non-optimal XDC constraints or non-optimal design architecture
Related violations: <none>

TIMING-16#25 Warning
Large setup violation  
There is a large setup violation of -4.408 ns between system_i/iir2nd/iir_filter_2nd_order_0/inst/a2_y2__1/CLK (clocked by clk_out1_system_pll_0_0) and system_i/iir2nd/iir_filter_2nd_order_0/inst/a2_y2__12/D (clocked by clk_out1_system_pll_0_0). Large setup violations at the end of those stages might be difficult to fix during the post-placement implementation flow and could be the result of non-optimal XDC constraints or non-optimal design architecture
Related violations: <none>

TIMING-16#26 Warning
Large setup violation  
There is a large setup violation of -4.432 ns between system_i/iir2nd/iir_filter_2nd_order_0/inst/a2_y2__1/CLK (clocked by clk_out1_system_pll_0_0) and system_i/iir2nd/iir_filter_2nd_order_0/inst/a2_y2__10/D (clocked by clk_out1_system_pll_0_0). Large setup violations at the end of those stages might be difficult to fix during the post-placement implementation flow and could be the result of non-optimal XDC constraints or non-optimal design architecture
Related violations: <none>

TIMING-16#27 Warning
Large setup violation  
There is a large setup violation of -4.513 ns between system_i/iir2nd/iir_filter_2nd_order_0/inst/a2_y2__1/CLK (clocked by clk_out1_system_pll_0_0) and system_i/iir2nd/iir_filter_2nd_order_0/inst/a2_y2__11/D (clocked by clk_out1_system_pll_0_0). Large setup violations at the end of those stages might be difficult to fix during the post-placement implementation flow and could be the result of non-optimal XDC constraints or non-optimal design architecture
Related violations: <none>

TIMING-16#28 Warning
Large setup violation  
There is a large setup violation of -4.518 ns between system_i/iir2nd/iir_filter_2nd_order_0/inst/a2_y2__1/CLK (clocked by clk_out1_system_pll_0_0) and system_i/iir2nd/iir_filter_2nd_order_0/inst/a2_y2__27/D (clocked by clk_out1_system_pll_0_0). Large setup violations at the end of those stages might be difficult to fix during the post-placement implementation flow and could be the result of non-optimal XDC constraints or non-optimal design architecture
Related violations: <none>

TIMING-16#29 Warning
Large setup violation  
There is a large setup violation of -4.571 ns between system_i/iir2nd/iir_filter_2nd_order_0/inst/a2_y2__1/CLK (clocked by clk_out1_system_pll_0_0) and system_i/iir2nd/iir_filter_2nd_order_0/inst/a2_y2__35/D (clocked by clk_out1_system_pll_0_0). Large setup violations at the end of those stages might be difficult to fix during the post-placement implementation flow and could be the result of non-optimal XDC constraints or non-optimal design architecture
Related violations: <none>

TIMING-16#30 Warning
Large setup violation  
There is a large setup violation of -4.689 ns between system_i/iir2nd/iir_filter_2nd_order_0/inst/a2_y2__1/CLK (clocked by clk_out1_system_pll_0_0) and system_i/iir2nd/iir_filter_2nd_order_0/inst/a2_y2__26/D (clocked by clk_out1_system_pll_0_0). Large setup violations at the end of those stages might be difficult to fix during the post-placement implementation flow and could be the result of non-optimal XDC constraints or non-optimal design architecture
Related violations: <none>

TIMING-16#31 Warning
Large setup violation  
There is a large setup violation of -4.713 ns between system_i/iir2nd/iir_filter_2nd_order_0/inst/a2_y2__1/CLK (clocked by clk_out1_system_pll_0_0) and system_i/iir2nd/iir_filter_2nd_order_0/inst/a2_y2__24/D (clocked by clk_out1_system_pll_0_0). Large setup violations at the end of those stages might be difficult to fix during the post-placement implementation flow and could be the result of non-optimal XDC constraints or non-optimal design architecture
Related violations: <none>

TIMING-16#32 Warning
Large setup violation  
There is a large setup violation of -4.747 ns between system_i/iir2nd/iir_filter_2nd_order_0/inst/a2_y2__1/CLK (clocked by clk_out1_system_pll_0_0) and system_i/iir2nd/iir_filter_2nd_order_0/inst/a1_y1_carry__10_i_1_psdsp_28/D (clocked by clk_out1_system_pll_0_0). Large setup violations at the end of those stages might be difficult to fix during the post-placement implementation flow and could be the result of non-optimal XDC constraints or non-optimal design architecture
Related violations: <none>

TIMING-16#33 Warning
Large setup violation  
There is a large setup violation of -4.751 ns between system_i/iir2nd/iir_filter_2nd_order_0/inst/a2_y2__1/CLK (clocked by clk_out1_system_pll_0_0) and system_i/iir2nd/iir_filter_2nd_order_0/inst/a1_y1_carry__10_i_1_psdsp_31/D (clocked by clk_out1_system_pll_0_0). Large setup violations at the end of those stages might be difficult to fix during the post-placement implementation flow and could be the result of non-optimal XDC constraints or non-optimal design architecture
Related violations: <none>

TIMING-16#34 Warning
Large setup violation  
There is a large setup violation of -4.756 ns between system_i/iir2nd/iir_filter_2nd_order_0/inst/a2_y2__1/CLK (clocked by clk_out1_system_pll_0_0) and system_i/iir2nd/iir_filter_2nd_order_0/inst/a2_y2__34/D (clocked by clk_out1_system_pll_0_0). Large setup violations at the end of those stages might be difficult to fix during the post-placement implementation flow and could be the result of non-optimal XDC constraints or non-optimal design architecture
Related violations: <none>

TIMING-16#35 Warning
Large setup violation  
There is a large setup violation of -4.788 ns between system_i/iir2nd/iir_filter_2nd_order_0/inst/a2_y2__1/CLK (clocked by clk_out1_system_pll_0_0) and system_i/iir2nd/iir_filter_2nd_order_0/inst/a2_y2__23/D (clocked by clk_out1_system_pll_0_0). Large setup violations at the end of those stages might be difficult to fix during the post-placement implementation flow and could be the result of non-optimal XDC constraints or non-optimal design architecture
Related violations: <none>

TIMING-16#36 Warning
Large setup violation  
There is a large setup violation of -4.794 ns between system_i/iir2nd/iir_filter_2nd_order_0/inst/a2_y2__1/CLK (clocked by clk_out1_system_pll_0_0) and system_i/iir2nd/iir_filter_2nd_order_0/inst/a2_y2__25/D (clocked by clk_out1_system_pll_0_0). Large setup violations at the end of those stages might be difficult to fix during the post-placement implementation flow and could be the result of non-optimal XDC constraints or non-optimal design architecture
Related violations: <none>

TIMING-16#37 Warning
Large setup violation  
There is a large setup violation of -4.805 ns between system_i/iir2nd/iir_filter_2nd_order_0/inst/a2_y2__1/CLK (clocked by clk_out1_system_pll_0_0) and system_i/iir2nd/iir_filter_2nd_order_0/inst/a2_y2__22/D (clocked by clk_out1_system_pll_0_0). Large setup violations at the end of those stages might be difficult to fix during the post-placement implementation flow and could be the result of non-optimal XDC constraints or non-optimal design architecture
Related violations: <none>

TIMING-16#38 Warning
Large setup violation  
There is a large setup violation of -4.829 ns between system_i/iir2nd/iir_filter_2nd_order_0/inst/a2_y2__1/CLK (clocked by clk_out1_system_pll_0_0) and system_i/iir2nd/iir_filter_2nd_order_0/inst/a2_y2__2/D (clocked by clk_out1_system_pll_0_0). Large setup violations at the end of those stages might be difficult to fix during the post-placement implementation flow and could be the result of non-optimal XDC constraints or non-optimal design architecture
Related violations: <none>

TIMING-16#39 Warning
Large setup violation  
There is a large setup violation of -4.831 ns between system_i/iir2nd/iir_filter_2nd_order_0/inst/a2_y2__1/CLK (clocked by clk_out1_system_pll_0_0) and system_i/iir2nd/iir_filter_2nd_order_0/inst/a1_y1_carry__10_i_1_psdsp_30/D (clocked by clk_out1_system_pll_0_0). Large setup violations at the end of those stages might be difficult to fix during the post-placement implementation flow and could be the result of non-optimal XDC constraints or non-optimal design architecture
Related violations: <none>

TIMING-16#40 Warning
Large setup violation  
There is a large setup violation of -4.879 ns between system_i/iir2nd/iir_filter_2nd_order_0/inst/a2_y2__1/CLK (clocked by clk_out1_system_pll_0_0) and system_i/iir2nd/iir_filter_2nd_order_0/inst/a2_y2__36/D (clocked by clk_out1_system_pll_0_0). Large setup violations at the end of those stages might be difficult to fix during the post-placement implementation flow and could be the result of non-optimal XDC constraints or non-optimal design architecture
Related violations: <none>

TIMING-16#41 Warning
Large setup violation  
There is a large setup violation of -4.904 ns between system_i/iir2nd/iir_filter_2nd_order_0/inst/a2_y2__1/CLK (clocked by clk_out1_system_pll_0_0) and system_i/iir2nd/iir_filter_2nd_order_0/inst/y1_reg__13/D (clocked by clk_out1_system_pll_0_0). Large setup violations at the end of those stages might be difficult to fix during the post-placement implementation flow and could be the result of non-optimal XDC constraints or non-optimal design architecture
Related violations: <none>

TIMING-16#42 Warning
Large setup violation  
There is a large setup violation of -4.910 ns between system_i/iir2nd/iir_filter_2nd_order_0/inst/a2_y2__1/CLK (clocked by clk_out1_system_pll_0_0) and system_i/iir2nd/iir_filter_2nd_order_0/inst/a2_y2__21/D (clocked by clk_out1_system_pll_0_0). Large setup violations at the end of those stages might be difficult to fix during the post-placement implementation flow and could be the result of non-optimal XDC constraints or non-optimal design architecture
Related violations: <none>

TIMING-16#43 Warning
Large setup violation  
There is a large setup violation of -4.921 ns between system_i/iir2nd/iir_filter_2nd_order_0/inst/a2_y2__1/CLK (clocked by clk_out1_system_pll_0_0) and system_i/iir2nd/iir_filter_2nd_order_0/inst/y1_reg__12/D (clocked by clk_out1_system_pll_0_0). Large setup violations at the end of those stages might be difficult to fix during the post-placement implementation flow and could be the result of non-optimal XDC constraints or non-optimal design architecture
Related violations: <none>

TIMING-16#44 Warning
Large setup violation  
There is a large setup violation of -4.945 ns between system_i/iir2nd/iir_filter_2nd_order_0/inst/a2_y2__1/CLK (clocked by clk_out1_system_pll_0_0) and system_i/iir2nd/iir_filter_2nd_order_0/inst/a1_y1_carry__10_i_1_psdsp_11/D (clocked by clk_out1_system_pll_0_0). Large setup violations at the end of those stages might be difficult to fix during the post-placement implementation flow and could be the result of non-optimal XDC constraints or non-optimal design architecture
Related violations: <none>

TIMING-16#45 Warning
Large setup violation  
There is a large setup violation of -4.985 ns between system_i/iir2nd/iir_filter_2nd_order_0/inst/a2_y2__1/CLK (clocked by clk_out1_system_pll_0_0) and system_i/iir2nd/iir_filter_2nd_order_0/inst/a1_y1_carry__10_i_1_psdsp_29/D (clocked by clk_out1_system_pll_0_0). Large setup violations at the end of those stages might be difficult to fix during the post-placement implementation flow and could be the result of non-optimal XDC constraints or non-optimal design architecture
Related violations: <none>

TIMING-16#46 Warning
Large setup violation  
There is a large setup violation of -5.020 ns between system_i/iir2nd/iir_filter_2nd_order_0/inst/a2_y2__1/CLK (clocked by clk_out1_system_pll_0_0) and system_i/iir2nd/iir_filter_2nd_order_0/inst/y1_reg__24/D (clocked by clk_out1_system_pll_0_0). Large setup violations at the end of those stages might be difficult to fix during the post-placement implementation flow and could be the result of non-optimal XDC constraints or non-optimal design architecture
Related violations: <none>

TIMING-16#47 Warning
Large setup violation  
There is a large setup violation of -5.026 ns between system_i/iir2nd/iir_filter_2nd_order_0/inst/a2_y2__1/CLK (clocked by clk_out1_system_pll_0_0) and system_i/iir2nd/iir_filter_2nd_order_0/inst/y1_reg__11/D (clocked by clk_out1_system_pll_0_0). Large setup violations at the end of those stages might be difficult to fix during the post-placement implementation flow and could be the result of non-optimal XDC constraints or non-optimal design architecture
Related violations: <none>

TIMING-16#48 Warning
Large setup violation  
There is a large setup violation of -5.037 ns between system_i/iir2nd/iir_filter_2nd_order_0/inst/a2_y2__1/CLK (clocked by clk_out1_system_pll_0_0) and system_i/iir2nd/iir_filter_2nd_order_0/inst/y1_reg__23/D (clocked by clk_out1_system_pll_0_0). Large setup violations at the end of those stages might be difficult to fix during the post-placement implementation flow and could be the result of non-optimal XDC constraints or non-optimal design architecture
Related violations: <none>

TIMING-16#49 Warning
Large setup violation  
There is a large setup violation of -5.038 ns between system_i/iir2nd/iir_filter_2nd_order_0/inst/a2_y2__1/CLK (clocked by clk_out1_system_pll_0_0) and system_i/iir2nd/iir_filter_2nd_order_0/inst/a2_y2__33/D (clocked by clk_out1_system_pll_0_0). Large setup violations at the end of those stages might be difficult to fix during the post-placement implementation flow and could be the result of non-optimal XDC constraints or non-optimal design architecture
Related violations: <none>

TIMING-16#50 Warning
Large setup violation  
There is a large setup violation of -5.057 ns between system_i/iir2nd/iir_filter_2nd_order_0/inst/a2_y2__1/CLK (clocked by clk_out1_system_pll_0_0) and system_i/iir2nd/iir_filter_2nd_order_0/inst/a2_y2__32/D (clocked by clk_out1_system_pll_0_0). Large setup violations at the end of those stages might be difficult to fix during the post-placement implementation flow and could be the result of non-optimal XDC constraints or non-optimal design architecture
Related violations: <none>

TIMING-16#51 Warning
Large setup violation  
There is a large setup violation of -5.061 ns between system_i/iir2nd/iir_filter_2nd_order_0/inst/a2_y2__1/CLK (clocked by clk_out1_system_pll_0_0) and system_i/iir2nd/iir_filter_2nd_order_0/inst/y1_reg__6/D (clocked by clk_out1_system_pll_0_0). Large setup violations at the end of those stages might be difficult to fix during the post-placement implementation flow and could be the result of non-optimal XDC constraints or non-optimal design architecture
Related violations: <none>

TIMING-16#52 Warning
Large setup violation  
There is a large setup violation of -5.118 ns between system_i/iir2nd/iir_filter_2nd_order_0/inst/a2_y2__1/CLK (clocked by clk_out1_system_pll_0_0) and system_i/iir2nd/iir_filter_2nd_order_0/inst/a2_y2__28/D (clocked by clk_out1_system_pll_0_0). Large setup violations at the end of those stages might be difficult to fix during the post-placement implementation flow and could be the result of non-optimal XDC constraints or non-optimal design architecture
Related violations: <none>

TIMING-16#53 Warning
Large setup violation  
There is a large setup violation of -5.125 ns between system_i/iir2nd/iir_filter_2nd_order_0/inst/a2_y2__1/CLK (clocked by clk_out1_system_pll_0_0) and system_i/iir2nd/iir_filter_2nd_order_0/inst/a1_y1_carry__10_i_1_psdsp_27/D (clocked by clk_out1_system_pll_0_0). Large setup violations at the end of those stages might be difficult to fix during the post-placement implementation flow and could be the result of non-optimal XDC constraints or non-optimal design architecture
Related violations: <none>

TIMING-16#54 Warning
Large setup violation  
There is a large setup violation of -5.136 ns between system_i/iir2nd/iir_filter_2nd_order_0/inst/a2_y2__1/CLK (clocked by clk_out1_system_pll_0_0) and system_i/iir2nd/iir_filter_2nd_order_0/inst/y1_reg__20/D (clocked by clk_out1_system_pll_0_0). Large setup violations at the end of those stages might be difficult to fix during the post-placement implementation flow and could be the result of non-optimal XDC constraints or non-optimal design architecture
Related violations: <none>

TIMING-16#55 Warning
Large setup violation  
There is a large setup violation of -5.139 ns between system_i/iir2nd/iir_filter_2nd_order_0/inst/a2_y2__1/CLK (clocked by clk_out1_system_pll_0_0) and system_i/iir2nd/iir_filter_2nd_order_0/inst/a1_y1_carry__10_i_1_psdsp_26/D (clocked by clk_out1_system_pll_0_0). Large setup violations at the end of those stages might be difficult to fix during the post-placement implementation flow and could be the result of non-optimal XDC constraints or non-optimal design architecture
Related violations: <none>

TIMING-16#56 Warning
Large setup violation  
There is a large setup violation of -5.142 ns between system_i/iir2nd/iir_filter_2nd_order_0/inst/a2_y2__1/CLK (clocked by clk_out1_system_pll_0_0) and system_i/iir2nd/iir_filter_2nd_order_0/inst/y1_reg__7/D (clocked by clk_out1_system_pll_0_0). Large setup violations at the end of those stages might be difficult to fix during the post-placement implementation flow and could be the result of non-optimal XDC constraints or non-optimal design architecture
Related violations: <none>

TIMING-16#57 Warning
Large setup violation  
There is a large setup violation of -5.154 ns between system_i/iir2nd/iir_filter_2nd_order_0/inst/a2_y2__1/CLK (clocked by clk_out1_system_pll_0_0) and system_i/iir2nd/iir_filter_2nd_order_0/inst/y1_reg__4/D (clocked by clk_out1_system_pll_0_0). Large setup violations at the end of those stages might be difficult to fix during the post-placement implementation flow and could be the result of non-optimal XDC constraints or non-optimal design architecture
Related violations: <none>

TIMING-16#58 Warning
Large setup violation  
There is a large setup violation of -5.184 ns between system_i/iir2nd/iir_filter_2nd_order_0/inst/a2_y2__1/CLK (clocked by clk_out1_system_pll_0_0) and system_i/iir2nd/iir_filter_2nd_order_0/inst/a1_y1__1/A[0] (clocked by clk_out1_system_pll_0_0). Large setup violations at the end of those stages might be difficult to fix during the post-placement implementation flow and could be the result of non-optimal XDC constraints or non-optimal design architecture
Related violations: <none>

TIMING-16#59 Warning
Large setup violation  
There is a large setup violation of -5.216 ns between system_i/iir2nd/iir_filter_2nd_order_0/inst/a2_y2__1/CLK (clocked by clk_out1_system_pll_0_0) and system_i/iir2nd/iir_filter_2nd_order_0/inst/a2_y2__31/D (clocked by clk_out1_system_pll_0_0). Large setup violations at the end of those stages might be difficult to fix during the post-placement implementation flow and could be the result of non-optimal XDC constraints or non-optimal design architecture
Related violations: <none>

TIMING-16#60 Warning
Large setup violation  
There is a large setup violation of -5.236 ns between system_i/iir2nd/iir_filter_2nd_order_0/inst/a2_y2__1/CLK (clocked by clk_out1_system_pll_0_0) and system_i/iir2nd/iir_filter_2nd_order_0/inst/a2_y2__9/D (clocked by clk_out1_system_pll_0_0). Large setup violations at the end of those stages might be difficult to fix during the post-placement implementation flow and could be the result of non-optimal XDC constraints or non-optimal design architecture
Related violations: <none>

TIMING-16#61 Warning
Large setup violation  
There is a large setup violation of -5.253 ns between system_i/iir2nd/iir_filter_2nd_order_0/inst/a2_y2__1/CLK (clocked by clk_out1_system_pll_0_0) and system_i/iir2nd/iir_filter_2nd_order_0/inst/y1_reg__1/D (clocked by clk_out1_system_pll_0_0). Large setup violations at the end of those stages might be difficult to fix during the post-placement implementation flow and could be the result of non-optimal XDC constraints or non-optimal design architecture
Related violations: <none>

TIMING-16#62 Warning
Large setup violation  
There is a large setup violation of -5.258 ns between system_i/iir2nd/iir_filter_2nd_order_0/inst/a2_y2__1/CLK (clocked by clk_out1_system_pll_0_0) and system_i/iir2nd/iir_filter_2nd_order_0/inst/a1_y1__1/A[2] (clocked by clk_out1_system_pll_0_0). Large setup violations at the end of those stages might be difficult to fix during the post-placement implementation flow and could be the result of non-optimal XDC constraints or non-optimal design architecture
Related violations: <none>

TIMING-16#63 Warning
Large setup violation  
There is a large setup violation of -5.259 ns between system_i/iir2nd/iir_filter_2nd_order_0/inst/a2_y2__1/CLK (clocked by clk_out1_system_pll_0_0) and system_i/iir2nd/iir_filter_2nd_order_0/inst/y1_reg__18/D (clocked by clk_out1_system_pll_0_0). Large setup violations at the end of those stages might be difficult to fix during the post-placement implementation flow and could be the result of non-optimal XDC constraints or non-optimal design architecture
Related violations: <none>

TIMING-16#64 Warning
Large setup violation  
There is a large setup violation of -5.270 ns between system_i/iir2nd/iir_filter_2nd_order_0/inst/a2_y2__1/CLK (clocked by clk_out1_system_pll_0_0) and system_i/iir2nd/iir_filter_2nd_order_0/inst/a1_y1_carry__10_i_1_psdsp_1/D (clocked by clk_out1_system_pll_0_0). Large setup violations at the end of those stages might be difficult to fix during the post-placement implementation flow and could be the result of non-optimal XDC constraints or non-optimal design architecture
Related violations: <none>

TIMING-16#65 Warning
Large setup violation  
There is a large setup violation of -5.272 ns between system_i/iir2nd/iir_filter_2nd_order_0/inst/a2_y2__1/CLK (clocked by clk_out1_system_pll_0_0) and system_i/iir2nd/iir_filter_2nd_order_0/inst/a1_y1__1/A[1] (clocked by clk_out1_system_pll_0_0). Large setup violations at the end of those stages might be difficult to fix during the post-placement implementation flow and could be the result of non-optimal XDC constraints or non-optimal design architecture
Related violations: <none>

TIMING-16#66 Warning
Large setup violation  
There is a large setup violation of -5.290 ns between system_i/iir2nd/iir_filter_2nd_order_0/inst/a2_y2__1/CLK (clocked by clk_out1_system_pll_0_0) and system_i/iir2nd/iir_filter_2nd_order_0/inst/a1_y1_carry__10_i_1_psdsp_24/D (clocked by clk_out1_system_pll_0_0). Large setup violations at the end of those stages might be difficult to fix during the post-placement implementation flow and could be the result of non-optimal XDC constraints or non-optimal design architecture
Related violations: <none>

TIMING-16#67 Warning
Large setup violation  
There is a large setup violation of -5.375 ns between system_i/iir2nd/iir_filter_2nd_order_0/inst/a2_y2__1/CLK (clocked by clk_out1_system_pll_0_0) and system_i/iir2nd/iir_filter_2nd_order_0/inst/y1_reg__14/D (clocked by clk_out1_system_pll_0_0). Large setup violations at the end of those stages might be difficult to fix during the post-placement implementation flow and could be the result of non-optimal XDC constraints or non-optimal design architecture
Related violations: <none>

TIMING-16#68 Warning
Large setup violation  
There is a large setup violation of -5.392 ns between system_i/iir2nd/iir_filter_2nd_order_0/inst/a2_y2__1/CLK (clocked by clk_out1_system_pll_0_0) and system_i/iir2nd/iir_filter_2nd_order_0/inst/a1_y1_carry__10_i_1_psdsp_21/D (clocked by clk_out1_system_pll_0_0). Large setup violations at the end of those stages might be difficult to fix during the post-placement implementation flow and could be the result of non-optimal XDC constraints or non-optimal design architecture
Related violations: <none>

TIMING-16#69 Warning
Large setup violation  
There is a large setup violation of -5.395 ns between system_i/iir2nd/iir_filter_2nd_order_0/inst/a2_y2__1/CLK (clocked by clk_out1_system_pll_0_0) and system_i/iir2nd/iir_filter_2nd_order_0/inst/a1_y1_carry__10_i_1_psdsp_25/D (clocked by clk_out1_system_pll_0_0). Large setup violations at the end of those stages might be difficult to fix during the post-placement implementation flow and could be the result of non-optimal XDC constraints or non-optimal design architecture
Related violations: <none>

TIMING-16#70 Warning
Large setup violation  
There is a large setup violation of -5.404 ns between system_i/iir2nd/iir_filter_2nd_order_0/inst/a2_y2__1/CLK (clocked by clk_out1_system_pll_0_0) and system_i/iir2nd/iir_filter_2nd_order_0/inst/a2_y2__6/D (clocked by clk_out1_system_pll_0_0). Large setup violations at the end of those stages might be difficult to fix during the post-placement implementation flow and could be the result of non-optimal XDC constraints or non-optimal design architecture
Related violations: <none>

TIMING-16#71 Warning
Large setup violation  
There is a large setup violation of -5.422 ns between system_i/iir2nd/iir_filter_2nd_order_0/inst/a2_y2__1/CLK (clocked by clk_out1_system_pll_0_0) and system_i/iir2nd/iir_filter_2nd_order_0/inst/a1_y1__1/A[4] (clocked by clk_out1_system_pll_0_0). Large setup violations at the end of those stages might be difficult to fix during the post-placement implementation flow and could be the result of non-optimal XDC constraints or non-optimal design architecture
Related violations: <none>

TIMING-16#72 Warning
Large setup violation  
There is a large setup violation of -5.486 ns between system_i/iir2nd/iir_filter_2nd_order_0/inst/a2_y2__1/CLK (clocked by clk_out1_system_pll_0_0) and system_i/iir2nd/iir_filter_2nd_order_0/inst/a1_y1_carry__10_i_1_psdsp_23/D (clocked by clk_out1_system_pll_0_0). Large setup violations at the end of those stages might be difficult to fix during the post-placement implementation flow and could be the result of non-optimal XDC constraints or non-optimal design architecture
Related violations: <none>

TIMING-16#73 Warning
Large setup violation  
There is a large setup violation of -5.497 ns between system_i/iir2nd/iir_filter_2nd_order_0/inst/a2_y2__1/CLK (clocked by clk_out1_system_pll_0_0) and system_i/iir2nd/iir_filter_2nd_order_0/inst/a2_y2__4/D (clocked by clk_out1_system_pll_0_0). Large setup violations at the end of those stages might be difficult to fix during the post-placement implementation flow and could be the result of non-optimal XDC constraints or non-optimal design architecture
Related violations: <none>

TIMING-16#74 Warning
Large setup violation  
There is a large setup violation of -5.501 ns between system_i/iir2nd/iir_filter_2nd_order_0/inst/a2_y2__1/CLK (clocked by clk_out1_system_pll_0_0) and system_i/iir2nd/iir_filter_2nd_order_0/inst/a2_y2__5/D (clocked by clk_out1_system_pll_0_0). Large setup violations at the end of those stages might be difficult to fix during the post-placement implementation flow and could be the result of non-optimal XDC constraints or non-optimal design architecture
Related violations: <none>

TIMING-16#75 Warning
Large setup violation  
There is a large setup violation of -5.507 ns between system_i/iir2nd/iir_filter_2nd_order_0/inst/a2_y2__1/CLK (clocked by clk_out1_system_pll_0_0) and system_i/iir2nd/iir_filter_2nd_order_0/inst/a1_y1_carry__10_i_1_psdsp_18/D (clocked by clk_out1_system_pll_0_0). Large setup violations at the end of those stages might be difficult to fix during the post-placement implementation flow and could be the result of non-optimal XDC constraints or non-optimal design architecture
Related violations: <none>

TIMING-16#76 Warning
Large setup violation  
There is a large setup violation of -5.516 ns between system_i/iir2nd/iir_filter_2nd_order_0/inst/a2_y2__1/CLK (clocked by clk_out1_system_pll_0_0) and system_i/iir2nd/iir_filter_2nd_order_0/inst/a1_y1__1/A[3] (clocked by clk_out1_system_pll_0_0). Large setup violations at the end of those stages might be difficult to fix during the post-placement implementation flow and could be the result of non-optimal XDC constraints or non-optimal design architecture
Related violations: <none>

TIMING-16#77 Warning
Large setup violation  
There is a large setup violation of -5.519 ns between system_i/iir2nd/iir_filter_2nd_order_0/inst/a2_y2__1/CLK (clocked by clk_out1_system_pll_0_0) and system_i/iir2nd/iir_filter_2nd_order_0/inst/a1_y1__1/A[5] (clocked by clk_out1_system_pll_0_0). Large setup violations at the end of those stages might be difficult to fix during the post-placement implementation flow and could be the result of non-optimal XDC constraints or non-optimal design architecture
Related violations: <none>

TIMING-16#78 Warning
Large setup violation  
There is a large setup violation of -5.529 ns between system_i/iir2nd/iir_filter_2nd_order_0/inst/a2_y2__1/CLK (clocked by clk_out1_system_pll_0_0) and system_i/iir2nd/iir_filter_2nd_order_0/inst/a1_y1_carry__10_i_1_psdsp_22/D (clocked by clk_out1_system_pll_0_0). Large setup violations at the end of those stages might be difficult to fix during the post-placement implementation flow and could be the result of non-optimal XDC constraints or non-optimal design architecture
Related violations: <none>

TIMING-16#79 Warning
Large setup violation  
There is a large setup violation of -5.564 ns between system_i/iir2nd/iir_filter_2nd_order_0/inst/a2_y2__1/CLK (clocked by clk_out1_system_pll_0_0) and system_i/iir2nd/iir_filter_2nd_order_0/inst/y_out_reg[13]_psdsp_20/D (clocked by clk_out1_system_pll_0_0). Large setup violations at the end of those stages might be difficult to fix during the post-placement implementation flow and could be the result of non-optimal XDC constraints or non-optimal design architecture
Related violations: <none>

TIMING-16#80 Warning
Large setup violation  
There is a large setup violation of -5.576 ns between system_i/iir2nd/iir_filter_2nd_order_0/inst/a2_y2__1/CLK (clocked by clk_out1_system_pll_0_0) and system_i/iir2nd/iir_filter_2nd_order_0/inst/a1_y1__1/A[6] (clocked by clk_out1_system_pll_0_0). Large setup violations at the end of those stages might be difficult to fix during the post-placement implementation flow and could be the result of non-optimal XDC constraints or non-optimal design architecture
Related violations: <none>

TIMING-16#81 Warning
Large setup violation  
There is a large setup violation of -5.583 ns between system_i/iir2nd/iir_filter_2nd_order_0/inst/a2_y2__1/CLK (clocked by clk_out1_system_pll_0_0) and system_i/iir2nd/iir_filter_2nd_order_0/inst/y_out_reg[13]_psdsp_24/D (clocked by clk_out1_system_pll_0_0). Large setup violations at the end of those stages might be difficult to fix during the post-placement implementation flow and could be the result of non-optimal XDC constraints or non-optimal design architecture
Related violations: <none>

TIMING-16#82 Warning
Large setup violation  
There is a large setup violation of -5.591 ns between system_i/iir2nd/iir_filter_2nd_order_0/inst/a2_y2__1/CLK (clocked by clk_out1_system_pll_0_0) and system_i/iir2nd/iir_filter_2nd_order_0/inst/a2_y2__29/D (clocked by clk_out1_system_pll_0_0). Large setup violations at the end of those stages might be difficult to fix during the post-placement implementation flow and could be the result of non-optimal XDC constraints or non-optimal design architecture
Related violations: <none>

TIMING-16#83 Warning
Large setup violation  
There is a large setup violation of -5.619 ns between system_i/iir2nd/iir_filter_2nd_order_0/inst/a2_y2__1/CLK (clocked by clk_out1_system_pll_0_0) and system_i/iir2nd/iir_filter_2nd_order_0/inst/a2_y2__3/D (clocked by clk_out1_system_pll_0_0). Large setup violations at the end of those stages might be difficult to fix during the post-placement implementation flow and could be the result of non-optimal XDC constraints or non-optimal design architecture
Related violations: <none>

TIMING-16#84 Warning
Large setup violation  
There is a large setup violation of -5.619 ns between system_i/iir2nd/iir_filter_2nd_order_0/inst/a2_y2__1/CLK (clocked by clk_out1_system_pll_0_0) and system_i/iir2nd/iir_filter_2nd_order_0/inst/y_out_reg[13]_psdsp_17/D (clocked by clk_out1_system_pll_0_0). Large setup violations at the end of those stages might be difficult to fix during the post-placement implementation flow and could be the result of non-optimal XDC constraints or non-optimal design architecture
Related violations: <none>

TIMING-16#85 Warning
Large setup violation  
There is a large setup violation of -5.622 ns between system_i/iir2nd/iir_filter_2nd_order_0/inst/a2_y2__1/CLK (clocked by clk_out1_system_pll_0_0) and system_i/iir2nd/iir_filter_2nd_order_0/inst/y_out_reg[13]_psdsp_23/D (clocked by clk_out1_system_pll_0_0). Large setup violations at the end of those stages might be difficult to fix during the post-placement implementation flow and could be the result of non-optimal XDC constraints or non-optimal design architecture
Related violations: <none>

TIMING-16#86 Warning
Large setup violation  
There is a large setup violation of -5.627 ns between system_i/iir2nd/iir_filter_2nd_order_0/inst/a2_y2__1/CLK (clocked by clk_out1_system_pll_0_0) and system_i/iir2nd/iir_filter_2nd_order_0/inst/a2_y2__30/D (clocked by clk_out1_system_pll_0_0). Large setup violations at the end of those stages might be difficult to fix during the post-placement implementation flow and could be the result of non-optimal XDC constraints or non-optimal design architecture
Related violations: <none>

TIMING-16#87 Warning
Large setup violation  
There is a large setup violation of -5.631 ns between system_i/iir2nd/iir_filter_2nd_order_0/inst/a2_y2__1/CLK (clocked by clk_out1_system_pll_0_0) and system_i/iir2nd/iir_filter_2nd_order_0/inst/a1_y1_carry__10_i_1_psdsp_16/D (clocked by clk_out1_system_pll_0_0). Large setup violations at the end of those stages might be difficult to fix during the post-placement implementation flow and could be the result of non-optimal XDC constraints or non-optimal design architecture
Related violations: <none>

TIMING-16#88 Warning
Large setup violation  
There is a large setup violation of -5.634 ns between system_i/iir2nd/iir_filter_2nd_order_0/inst/a2_y2__1/CLK (clocked by clk_out1_system_pll_0_0) and system_i/iir2nd/iir_filter_2nd_order_0/inst/a2_y2__7/D (clocked by clk_out1_system_pll_0_0). Large setup violations at the end of those stages might be difficult to fix during the post-placement implementation flow and could be the result of non-optimal XDC constraints or non-optimal design architecture
Related violations: <none>

TIMING-16#89 Warning
Large setup violation  
There is a large setup violation of -5.639 ns between system_i/iir2nd/iir_filter_2nd_order_0/inst/a2_y2__1/CLK (clocked by clk_out1_system_pll_0_0) and system_i/iir2nd/iir_filter_2nd_order_0/inst/y_out_reg[13]_psdsp_11/D (clocked by clk_out1_system_pll_0_0). Large setup violations at the end of those stages might be difficult to fix during the post-placement implementation flow and could be the result of non-optimal XDC constraints or non-optimal design architecture
Related violations: <none>

TIMING-16#90 Warning
Large setup violation  
There is a large setup violation of -5.695 ns between system_i/iir2nd/iir_filter_2nd_order_0/inst/a2_y2__1/CLK (clocked by clk_out1_system_pll_0_0) and system_i/iir2nd/iir_filter_2nd_order_0/inst/a1_y1_carry__10_i_1_psdsp_17/D (clocked by clk_out1_system_pll_0_0). Large setup violations at the end of those stages might be difficult to fix during the post-placement implementation flow and could be the result of non-optimal XDC constraints or non-optimal design architecture
Related violations: <none>

TIMING-16#91 Warning
Large setup violation  
There is a large setup violation of -5.702 ns between system_i/iir2nd/iir_filter_2nd_order_0/inst/a2_y2__1/CLK (clocked by clk_out1_system_pll_0_0) and system_i/iir2nd/iir_filter_2nd_order_0/inst/y_out_reg[13]_psdsp_19/D (clocked by clk_out1_system_pll_0_0). Large setup violations at the end of those stages might be difficult to fix during the post-placement implementation flow and could be the result of non-optimal XDC constraints or non-optimal design architecture
Related violations: <none>

TIMING-16#92 Warning
Large setup violation  
There is a large setup violation of -5.703 ns between system_i/iir2nd/iir_filter_2nd_order_0/inst/a2_y2__1/CLK (clocked by clk_out1_system_pll_0_0) and system_i/iir2nd/iir_filter_2nd_order_0/inst/a1_y1_carry__10_i_1_psdsp_8/D (clocked by clk_out1_system_pll_0_0). Large setup violations at the end of those stages might be difficult to fix during the post-placement implementation flow and could be the result of non-optimal XDC constraints or non-optimal design architecture
Related violations: <none>

TIMING-16#93 Warning
Large setup violation  
There is a large setup violation of -5.707 ns between system_i/iir2nd/iir_filter_2nd_order_0/inst/a2_y2__1/CLK (clocked by clk_out1_system_pll_0_0) and system_i/iir2nd/iir_filter_2nd_order_0/inst/a1_y1_carry__10_i_1_psdsp_5/D (clocked by clk_out1_system_pll_0_0). Large setup violations at the end of those stages might be difficult to fix during the post-placement implementation flow and could be the result of non-optimal XDC constraints or non-optimal design architecture
Related violations: <none>

TIMING-16#94 Warning
Large setup violation  
There is a large setup violation of -5.715 ns between system_i/iir2nd/iir_filter_2nd_order_0/inst/a2_y2__1/CLK (clocked by clk_out1_system_pll_0_0) and system_i/iir2nd/iir_filter_2nd_order_0/inst/y1_reg__22/D (clocked by clk_out1_system_pll_0_0). Large setup violations at the end of those stages might be difficult to fix during the post-placement implementation flow and could be the result of non-optimal XDC constraints or non-optimal design architecture
Related violations: <none>

TIMING-16#95 Warning
Large setup violation  
There is a large setup violation of -5.720 ns between system_i/iir2nd/iir_filter_2nd_order_0/inst/a2_y2__1/CLK (clocked by clk_out1_system_pll_0_0) and system_i/iir2nd/iir_filter_2nd_order_0/inst/a1_y1__1/A[8] (clocked by clk_out1_system_pll_0_0). Large setup violations at the end of those stages might be difficult to fix during the post-placement implementation flow and could be the result of non-optimal XDC constraints or non-optimal design architecture
Related violations: <none>

TIMING-16#96 Warning
Large setup violation  
There is a large setup violation of -5.732 ns between system_i/iir2nd/iir_filter_2nd_order_0/inst/a2_y2__1/CLK (clocked by clk_out1_system_pll_0_0) and system_i/iir2nd/iir_filter_2nd_order_0/inst/a1_y1_carry__10_i_1_psdsp_12/D (clocked by clk_out1_system_pll_0_0). Large setup violations at the end of those stages might be difficult to fix during the post-placement implementation flow and could be the result of non-optimal XDC constraints or non-optimal design architecture
Related violations: <none>

TIMING-16#97 Warning
Large setup violation  
There is a large setup violation of -5.733 ns between system_i/iir2nd/iir_filter_2nd_order_0/inst/a2_y2__1/CLK (clocked by clk_out1_system_pll_0_0) and system_i/iir2nd/iir_filter_2nd_order_0/inst/y_out_reg[13]_psdsp_10/D (clocked by clk_out1_system_pll_0_0). Large setup violations at the end of those stages might be difficult to fix during the post-placement implementation flow and could be the result of non-optimal XDC constraints or non-optimal design architecture
Related violations: <none>

TIMING-16#98 Warning
Large setup violation  
There is a large setup violation of -5.734 ns between system_i/iir2nd/iir_filter_2nd_order_0/inst/a2_y2__1/CLK (clocked by clk_out1_system_pll_0_0) and system_i/iir2nd/iir_filter_2nd_order_0/inst/y1_reg__8/D (clocked by clk_out1_system_pll_0_0). Large setup violations at the end of those stages might be difficult to fix during the post-placement implementation flow and could be the result of non-optimal XDC constraints or non-optimal design architecture
Related violations: <none>

TIMING-16#99 Warning
Large setup violation  
There is a large setup violation of -5.744 ns between system_i/iir2nd/iir_filter_2nd_order_0/inst/a2_y2__1/CLK (clocked by clk_out1_system_pll_0_0) and system_i/iir2nd/iir_filter_2nd_order_0/inst/y_out_reg[13]_psdsp_9/D (clocked by clk_out1_system_pll_0_0). Large setup violations at the end of those stages might be difficult to fix during the post-placement implementation flow and could be the result of non-optimal XDC constraints or non-optimal design architecture
Related violations: <none>

TIMING-16#100 Warning
Large setup violation  
There is a large setup violation of -5.745 ns between system_i/iir2nd/iir_filter_2nd_order_0/inst/a2_y2__1/CLK (clocked by clk_out1_system_pll_0_0) and system_i/iir2nd/iir_filter_2nd_order_0/inst/y_out_reg[13]_psdsp_22/D (clocked by clk_out1_system_pll_0_0). Large setup violations at the end of those stages might be difficult to fix during the post-placement implementation flow and could be the result of non-optimal XDC constraints or non-optimal design architecture
Related violations: <none>

TIMING-16#101 Warning
Large setup violation  
There is a large setup violation of -5.746 ns between system_i/iir2nd/iir_filter_2nd_order_0/inst/a2_y2__1/CLK (clocked by clk_out1_system_pll_0_0) and system_i/iir2nd/iir_filter_2nd_order_0/inst/a2_y2__20/D (clocked by clk_out1_system_pll_0_0). Large setup violations at the end of those stages might be difficult to fix during the post-placement implementation flow and could be the result of non-optimal XDC constraints or non-optimal design architecture
Related violations: <none>

TIMING-16#102 Warning
Large setup violation  
There is a large setup violation of -5.756 ns between system_i/iir2nd/iir_filter_2nd_order_0/inst/a2_y2__1/CLK (clocked by clk_out1_system_pll_0_0) and system_i/iir2nd/iir_filter_2nd_order_0/inst/y_out_reg[13]_psdsp_13/D (clocked by clk_out1_system_pll_0_0). Large setup violations at the end of those stages might be difficult to fix during the post-placement implementation flow and could be the result of non-optimal XDC constraints or non-optimal design architecture
Related violations: <none>

TIMING-16#103 Warning
Large setup violation  
There is a large setup violation of -5.759 ns between system_i/iir2nd/iir_filter_2nd_order_0/inst/a2_y2__1/CLK (clocked by clk_out1_system_pll_0_0) and system_i/iir2nd/iir_filter_2nd_order_0/inst/y_out_reg[13]_psdsp_18/D (clocked by clk_out1_system_pll_0_0). Large setup violations at the end of those stages might be difficult to fix during the post-placement implementation flow and could be the result of non-optimal XDC constraints or non-optimal design architecture
Related violations: <none>

TIMING-16#104 Warning
Large setup violation  
There is a large setup violation of -5.761 ns between system_i/iir2nd/iir_filter_2nd_order_0/inst/a2_y2__1/CLK (clocked by clk_out1_system_pll_0_0) and system_i/iir2nd/iir_filter_2nd_order_0/inst/y_out_reg[13]_psdsp_21/D (clocked by clk_out1_system_pll_0_0). Large setup violations at the end of those stages might be difficult to fix during the post-placement implementation flow and could be the result of non-optimal XDC constraints or non-optimal design architecture
Related violations: <none>

TIMING-16#105 Warning
Large setup violation  
There is a large setup violation of -5.763 ns between system_i/iir2nd/iir_filter_2nd_order_0/inst/a2_y2__1/CLK (clocked by clk_out1_system_pll_0_0) and system_i/iir2nd/iir_filter_2nd_order_0/inst/y_out_reg[13]_psdsp_7/D (clocked by clk_out1_system_pll_0_0). Large setup violations at the end of those stages might be difficult to fix during the post-placement implementation flow and could be the result of non-optimal XDC constraints or non-optimal design architecture
Related violations: <none>

TIMING-16#106 Warning
Large setup violation  
There is a large setup violation of -5.794 ns between system_i/iir2nd/iir_filter_2nd_order_0/inst/a2_y2__1/CLK (clocked by clk_out1_system_pll_0_0) and system_i/iir2nd/iir_filter_2nd_order_0/inst/a1_y1_carry__3_i_3_psdsp_13/D (clocked by clk_out1_system_pll_0_0). Large setup violations at the end of those stages might be difficult to fix during the post-placement implementation flow and could be the result of non-optimal XDC constraints or non-optimal design architecture
Related violations: <none>

TIMING-16#107 Warning
Large setup violation  
There is a large setup violation of -5.806 ns between system_i/iir2nd/iir_filter_2nd_order_0/inst/a2_y2__1/CLK (clocked by clk_out1_system_pll_0_0) and system_i/iir2nd/iir_filter_2nd_order_0/inst/y1_reg__16/D (clocked by clk_out1_system_pll_0_0). Large setup violations at the end of those stages might be difficult to fix during the post-placement implementation flow and could be the result of non-optimal XDC constraints or non-optimal design architecture
Related violations: <none>

TIMING-16#108 Warning
Large setup violation  
There is a large setup violation of -5.812 ns between system_i/iir2nd/iir_filter_2nd_order_0/inst/a2_y2__1/CLK (clocked by clk_out1_system_pll_0_0) and system_i/iir2nd/iir_filter_2nd_order_0/inst/y_out_reg[13]_psdsp_16/D (clocked by clk_out1_system_pll_0_0). Large setup violations at the end of those stages might be difficult to fix during the post-placement implementation flow and could be the result of non-optimal XDC constraints or non-optimal design architecture
Related violations: <none>

TIMING-16#109 Warning
Large setup violation  
There is a large setup violation of -5.814 ns between system_i/iir2nd/iir_filter_2nd_order_0/inst/a2_y2__1/CLK (clocked by clk_out1_system_pll_0_0) and system_i/iir2nd/iir_filter_2nd_order_0/inst/a2_y2__8/D (clocked by clk_out1_system_pll_0_0). Large setup violations at the end of those stages might be difficult to fix during the post-placement implementation flow and could be the result of non-optimal XDC constraints or non-optimal design architecture
Related violations: <none>

TIMING-16#110 Warning
Large setup violation  
There is a large setup violation of -5.821 ns between system_i/iir2nd/iir_filter_2nd_order_0/inst/a2_y2__1/CLK (clocked by clk_out1_system_pll_0_0) and system_i/iir2nd/iir_filter_2nd_order_0/inst/a1_y1_carry__10_i_1_psdsp_19/D (clocked by clk_out1_system_pll_0_0). Large setup violations at the end of those stages might be difficult to fix during the post-placement implementation flow and could be the result of non-optimal XDC constraints or non-optimal design architecture
Related violations: <none>

TIMING-16#111 Warning
Large setup violation  
There is a large setup violation of -5.822 ns between system_i/iir2nd/iir_filter_2nd_order_0/inst/a2_y2__1/CLK (clocked by clk_out1_system_pll_0_0) and system_i/iir2nd/iir_filter_2nd_order_0/inst/y1_reg__3/D (clocked by clk_out1_system_pll_0_0). Large setup violations at the end of those stages might be difficult to fix during the post-placement implementation flow and could be the result of non-optimal XDC constraints or non-optimal design architecture
Related violations: <none>

TIMING-16#112 Warning
Large setup violation  
There is a large setup violation of -5.830 ns between system_i/iir2nd/iir_filter_2nd_order_0/inst/a2_y2__1/CLK (clocked by clk_out1_system_pll_0_0) and system_i/iir2nd/iir_filter_2nd_order_0/inst/a1_y1__1/A[9] (clocked by clk_out1_system_pll_0_0). Large setup violations at the end of those stages might be difficult to fix during the post-placement implementation flow and could be the result of non-optimal XDC constraints or non-optimal design architecture
Related violations: <none>

TIMING-16#113 Warning
Large setup violation  
There is a large setup violation of -5.834 ns between system_i/iir2nd/iir_filter_2nd_order_0/inst/a2_y2__1/CLK (clocked by clk_out1_system_pll_0_0) and system_i/iir2nd/iir_filter_2nd_order_0/inst/a1_y1_carry__10_i_1_psdsp_4/D (clocked by clk_out1_system_pll_0_0). Large setup violations at the end of those stages might be difficult to fix during the post-placement implementation flow and could be the result of non-optimal XDC constraints or non-optimal design architecture
Related violations: <none>

TIMING-16#114 Warning
Large setup violation  
There is a large setup violation of -5.840 ns between system_i/iir2nd/iir_filter_2nd_order_0/inst/a2_y2__1/CLK (clocked by clk_out1_system_pll_0_0) and system_i/iir2nd/iir_filter_2nd_order_0/inst/a1_y1_carry__10_i_1_psdsp_20/D (clocked by clk_out1_system_pll_0_0). Large setup violations at the end of those stages might be difficult to fix during the post-placement implementation flow and could be the result of non-optimal XDC constraints or non-optimal design architecture
Related violations: <none>

TIMING-16#115 Warning
Large setup violation  
There is a large setup violation of -5.846 ns between system_i/iir2nd/iir_filter_2nd_order_0/inst/a2_y2__1/CLK (clocked by clk_out1_system_pll_0_0) and system_i/iir2nd/iir_filter_2nd_order_0/inst/a1_y1_carry__10_i_1_psdsp_6/D (clocked by clk_out1_system_pll_0_0). Large setup violations at the end of those stages might be difficult to fix during the post-placement implementation flow and could be the result of non-optimal XDC constraints or non-optimal design architecture
Related violations: <none>

TIMING-16#116 Warning
Large setup violation  
There is a large setup violation of -5.846 ns between system_i/iir2nd/iir_filter_2nd_order_0/inst/a2_y2__1/CLK (clocked by clk_out1_system_pll_0_0) and system_i/iir2nd/iir_filter_2nd_order_0/inst/y_out_reg[13]_psdsp_5/D (clocked by clk_out1_system_pll_0_0). Large setup violations at the end of those stages might be difficult to fix during the post-placement implementation flow and could be the result of non-optimal XDC constraints or non-optimal design architecture
Related violations: <none>

TIMING-16#117 Warning
Large setup violation  
There is a large setup violation of -5.854 ns between system_i/iir2nd/iir_filter_2nd_order_0/inst/a2_y2__1/CLK (clocked by clk_out1_system_pll_0_0) and system_i/iir2nd/iir_filter_2nd_order_0/inst/y1_reg__5/D (clocked by clk_out1_system_pll_0_0). Large setup violations at the end of those stages might be difficult to fix during the post-placement implementation flow and could be the result of non-optimal XDC constraints or non-optimal design architecture
Related violations: <none>

TIMING-16#118 Warning
Large setup violation  
There is a large setup violation of -5.864 ns between system_i/iir2nd/iir_filter_2nd_order_0/inst/a2_y2__1/CLK (clocked by clk_out1_system_pll_0_0) and system_i/iir2nd/iir_filter_2nd_order_0/inst/y1_reg__17/D (clocked by clk_out1_system_pll_0_0). Large setup violations at the end of those stages might be difficult to fix during the post-placement implementation flow and could be the result of non-optimal XDC constraints or non-optimal design architecture
Related violations: <none>

TIMING-16#119 Warning
Large setup violation  
There is a large setup violation of -5.866 ns between system_i/iir2nd/iir_filter_2nd_order_0/inst/a2_y2__1/CLK (clocked by clk_out1_system_pll_0_0) and system_i/iir2nd/iir_filter_2nd_order_0/inst/a1_y1__1/A[7] (clocked by clk_out1_system_pll_0_0). Large setup violations at the end of those stages might be difficult to fix during the post-placement implementation flow and could be the result of non-optimal XDC constraints or non-optimal design architecture
Related violations: <none>

TIMING-16#120 Warning
Large setup violation  
There is a large setup violation of -5.867 ns between system_i/iir2nd/iir_filter_2nd_order_0/inst/a2_y2__1/CLK (clocked by clk_out1_system_pll_0_0) and system_i/iir2nd/iir_filter_2nd_order_0/inst/a1_y1_carry__10_i_1_psdsp_3/D (clocked by clk_out1_system_pll_0_0). Large setup violations at the end of those stages might be difficult to fix during the post-placement implementation flow and could be the result of non-optimal XDC constraints or non-optimal design architecture
Related violations: <none>

TIMING-16#121 Warning
Large setup violation  
There is a large setup violation of -5.870 ns between system_i/iir2nd/iir_filter_2nd_order_0/inst/a2_y2__1/CLK (clocked by clk_out1_system_pll_0_0) and system_i/iir2nd/iir_filter_2nd_order_0/inst/y_out_reg[13]_psdsp_6/D (clocked by clk_out1_system_pll_0_0). Large setup violations at the end of those stages might be difficult to fix during the post-placement implementation flow and could be the result of non-optimal XDC constraints or non-optimal design architecture
Related violations: <none>

TIMING-16#122 Warning
Large setup violation  
There is a large setup violation of -5.874 ns between system_i/iir2nd/iir_filter_2nd_order_0/inst/a2_y2__1/CLK (clocked by clk_out1_system_pll_0_0) and system_i/iir2nd/iir_filter_2nd_order_0/inst/a1_y1__1/A[10] (clocked by clk_out1_system_pll_0_0). Large setup violations at the end of those stages might be difficult to fix during the post-placement implementation flow and could be the result of non-optimal XDC constraints or non-optimal design architecture
Related violations: <none>

TIMING-16#123 Warning
Large setup violation  
There is a large setup violation of -5.877 ns between system_i/iir2nd/iir_filter_2nd_order_0/inst/a2_y2__1/CLK (clocked by clk_out1_system_pll_0_0) and system_i/iir2nd/iir_filter_2nd_order_0/inst/y1_reg__2/D (clocked by clk_out1_system_pll_0_0). Large setup violations at the end of those stages might be difficult to fix during the post-placement implementation flow and could be the result of non-optimal XDC constraints or non-optimal design architecture
Related violations: <none>

TIMING-16#124 Warning
Large setup violation  
There is a large setup violation of -5.877 ns between system_i/iir2nd/iir_filter_2nd_order_0/inst/a2_y2__1/CLK (clocked by clk_out1_system_pll_0_0) and system_i/iir2nd/iir_filter_2nd_order_0/inst/y_out_reg[13]_psdsp_14/D (clocked by clk_out1_system_pll_0_0). Large setup violations at the end of those stages might be difficult to fix during the post-placement implementation flow and could be the result of non-optimal XDC constraints or non-optimal design architecture
Related violations: <none>

TIMING-16#125 Warning
Large setup violation  
There is a large setup violation of -5.886 ns between system_i/iir2nd/iir_filter_2nd_order_0/inst/a2_y2__1/CLK (clocked by clk_out1_system_pll_0_0) and system_i/iir2nd/iir_filter_2nd_order_0/inst/y1_reg__28/D (clocked by clk_out1_system_pll_0_0). Large setup violations at the end of those stages might be difficult to fix during the post-placement implementation flow and could be the result of non-optimal XDC constraints or non-optimal design architecture
Related violations: <none>

TIMING-16#126 Warning
Large setup violation  
There is a large setup violation of -5.888 ns between system_i/iir2nd/iir_filter_2nd_order_0/inst/a2_y2__1/CLK (clocked by clk_out1_system_pll_0_0) and system_i/iir2nd/iir_filter_2nd_order_0/inst/a1_y1_carry__10_i_1_psdsp_10/D (clocked by clk_out1_system_pll_0_0). Large setup violations at the end of those stages might be difficult to fix during the post-placement implementation flow and could be the result of non-optimal XDC constraints or non-optimal design architecture
Related violations: <none>

TIMING-16#127 Warning
Large setup violation  
There is a large setup violation of -5.898 ns between system_i/iir2nd/iir_filter_2nd_order_0/inst/a2_y2__1/CLK (clocked by clk_out1_system_pll_0_0) and system_i/iir2nd/iir_filter_2nd_order_0/inst/a1_y1_carry__10_i_1_psdsp_13/D (clocked by clk_out1_system_pll_0_0). Large setup violations at the end of those stages might be difficult to fix during the post-placement implementation flow and could be the result of non-optimal XDC constraints or non-optimal design architecture
Related violations: <none>

TIMING-16#128 Warning
Large setup violation  
There is a large setup violation of -5.898 ns between system_i/iir2nd/iir_filter_2nd_order_0/inst/a2_y2__1/CLK (clocked by clk_out1_system_pll_0_0) and system_i/iir2nd/iir_filter_2nd_order_0/inst/a1_y1_carry__10_i_1_psdsp_14/D (clocked by clk_out1_system_pll_0_0). Large setup violations at the end of those stages might be difficult to fix during the post-placement implementation flow and could be the result of non-optimal XDC constraints or non-optimal design architecture
Related violations: <none>

TIMING-16#129 Warning
Large setup violation  
There is a large setup violation of -5.900 ns between system_i/iir2nd/iir_filter_2nd_order_0/inst/a2_y2__1/CLK (clocked by clk_out1_system_pll_0_0) and system_i/iir2nd/iir_filter_2nd_order_0/inst/y1_reg__9/D (clocked by clk_out1_system_pll_0_0). Large setup violations at the end of those stages might be difficult to fix during the post-placement implementation flow and could be the result of non-optimal XDC constraints or non-optimal design architecture
Related violations: <none>

TIMING-16#130 Warning
Large setup violation  
There is a large setup violation of -5.909 ns between system_i/iir2nd/iir_filter_2nd_order_0/inst/a2_y2__1/CLK (clocked by clk_out1_system_pll_0_0) and system_i/iir2nd/iir_filter_2nd_order_0/inst/a1_y1_carry__10_i_1_psdsp_2/D (clocked by clk_out1_system_pll_0_0). Large setup violations at the end of those stages might be difficult to fix during the post-placement implementation flow and could be the result of non-optimal XDC constraints or non-optimal design architecture
Related violations: <none>

TIMING-16#131 Warning
Large setup violation  
There is a large setup violation of -5.914 ns between system_i/iir2nd/iir_filter_2nd_order_0/inst/a2_y2__1/CLK (clocked by clk_out1_system_pll_0_0) and system_i/iir2nd/iir_filter_2nd_order_0/inst/a1_y1_carry__3_i_3_psdsp_10/D (clocked by clk_out1_system_pll_0_0). Large setup violations at the end of those stages might be difficult to fix during the post-placement implementation flow and could be the result of non-optimal XDC constraints or non-optimal design architecture
Related violations: <none>

TIMING-16#132 Warning
Large setup violation  
There is a large setup violation of -5.922 ns between system_i/iir2nd/iir_filter_2nd_order_0/inst/a2_y2__1/CLK (clocked by clk_out1_system_pll_0_0) and system_i/iir2nd/iir_filter_2nd_order_0/inst/a1_y1_carry__3_i_3_psdsp_12/D (clocked by clk_out1_system_pll_0_0). Large setup violations at the end of those stages might be difficult to fix during the post-placement implementation flow and could be the result of non-optimal XDC constraints or non-optimal design architecture
Related violations: <none>

TIMING-16#133 Warning
Large setup violation  
There is a large setup violation of -5.927 ns between system_i/iir2nd/iir_filter_2nd_order_0/inst/a2_y2__1/CLK (clocked by clk_out1_system_pll_0_0) and system_i/iir2nd/iir_filter_2nd_order_0/inst/y1_reg__0/D (clocked by clk_out1_system_pll_0_0). Large setup violations at the end of those stages might be difficult to fix during the post-placement implementation flow and could be the result of non-optimal XDC constraints or non-optimal design architecture
Related violations: <none>

TIMING-16#134 Warning
Large setup violation  
There is a large setup violation of -5.928 ns between system_i/iir2nd/iir_filter_2nd_order_0/inst/a2_y2__1/CLK (clocked by clk_out1_system_pll_0_0) and system_i/iir2nd/iir_filter_2nd_order_0/inst/a1_y1_carry__3_i_3_psdsp_9/D (clocked by clk_out1_system_pll_0_0). Large setup violations at the end of those stages might be difficult to fix during the post-placement implementation flow and could be the result of non-optimal XDC constraints or non-optimal design architecture
Related violations: <none>

TIMING-16#135 Warning
Large setup violation  
There is a large setup violation of -5.928 ns between system_i/iir2nd/iir_filter_2nd_order_0/inst/a2_y2__1/CLK (clocked by clk_out1_system_pll_0_0) and system_i/iir2nd/iir_filter_2nd_order_0/inst/y_out_reg[13]_psdsp_12/D (clocked by clk_out1_system_pll_0_0). Large setup violations at the end of those stages might be difficult to fix during the post-placement implementation flow and could be the result of non-optimal XDC constraints or non-optimal design architecture
Related violations: <none>

TIMING-16#136 Warning
Large setup violation  
There is a large setup violation of -5.931 ns between system_i/iir2nd/iir_filter_2nd_order_0/inst/a2_y2__1/CLK (clocked by clk_out1_system_pll_0_0) and system_i/iir2nd/iir_filter_2nd_order_0/inst/a1_y1_carry__3_i_3_psdsp_14/D (clocked by clk_out1_system_pll_0_0). Large setup violations at the end of those stages might be difficult to fix during the post-placement implementation flow and could be the result of non-optimal XDC constraints or non-optimal design architecture
Related violations: <none>

TIMING-16#137 Warning
Large setup violation  
There is a large setup violation of -5.932 ns between system_i/iir2nd/iir_filter_2nd_order_0/inst/a2_y2__1/CLK (clocked by clk_out1_system_pll_0_0) and system_i/iir2nd/iir_filter_2nd_order_0/inst/a1_y1_carry__3_i_3_psdsp_2/D (clocked by clk_out1_system_pll_0_0). Large setup violations at the end of those stages might be difficult to fix during the post-placement implementation flow and could be the result of non-optimal XDC constraints or non-optimal design architecture
Related violations: <none>

TIMING-16#138 Warning
Large setup violation  
There is a large setup violation of -5.933 ns between system_i/iir2nd/iir_filter_2nd_order_0/inst/a2_y2__1/CLK (clocked by clk_out1_system_pll_0_0) and system_i/iir2nd/iir_filter_2nd_order_0/inst/y1_reg__26/D (clocked by clk_out1_system_pll_0_0). Large setup violations at the end of those stages might be difficult to fix during the post-placement implementation flow and could be the result of non-optimal XDC constraints or non-optimal design architecture
Related violations: <none>

TIMING-16#139 Warning
Large setup violation  
There is a large setup violation of -5.934 ns between system_i/iir2nd/iir_filter_2nd_order_0/inst/a2_y2__1/CLK (clocked by clk_out1_system_pll_0_0) and system_i/iir2nd/iir_filter_2nd_order_0/inst/y1_reg__15/D (clocked by clk_out1_system_pll_0_0). Large setup violations at the end of those stages might be difficult to fix during the post-placement implementation flow and could be the result of non-optimal XDC constraints or non-optimal design architecture
Related violations: <none>

TIMING-16#140 Warning
Large setup violation  
There is a large setup violation of -5.939 ns between system_i/iir2nd/iir_filter_2nd_order_0/inst/a2_y2__1/CLK (clocked by clk_out1_system_pll_0_0) and system_i/iir2nd/iir_filter_2nd_order_0/inst/y1_reg__27/D (clocked by clk_out1_system_pll_0_0). Large setup violations at the end of those stages might be difficult to fix during the post-placement implementation flow and could be the result of non-optimal XDC constraints or non-optimal design architecture
Related violations: <none>

TIMING-16#141 Warning
Large setup violation  
There is a large setup violation of -5.940 ns between system_i/iir2nd/iir_filter_2nd_order_0/inst/a2_y2__1/CLK (clocked by clk_out1_system_pll_0_0) and system_i/iir2nd/iir_filter_2nd_order_0/inst/a1_y1_carry__3_i_3_psdsp_7/D (clocked by clk_out1_system_pll_0_0). Large setup violations at the end of those stages might be difficult to fix during the post-placement implementation flow and could be the result of non-optimal XDC constraints or non-optimal design architecture
Related violations: <none>

TIMING-16#142 Warning
Large setup violation  
There is a large setup violation of -5.945 ns between system_i/iir2nd/iir_filter_2nd_order_0/inst/a2_y2__1/CLK (clocked by clk_out1_system_pll_0_0) and system_i/iir2nd/iir_filter_2nd_order_0/inst/y1_reg__10/D (clocked by clk_out1_system_pll_0_0). Large setup violations at the end of those stages might be difficult to fix during the post-placement implementation flow and could be the result of non-optimal XDC constraints or non-optimal design architecture
Related violations: <none>

TIMING-16#143 Warning
Large setup violation  
There is a large setup violation of -5.947 ns between system_i/iir2nd/iir_filter_2nd_order_0/inst/a2_y2__1/CLK (clocked by clk_out1_system_pll_0_0) and system_i/iir2nd/iir_filter_2nd_order_0/inst/y_out_reg[13]_psdsp_4/D (clocked by clk_out1_system_pll_0_0). Large setup violations at the end of those stages might be difficult to fix during the post-placement implementation flow and could be the result of non-optimal XDC constraints or non-optimal design architecture
Related violations: <none>

TIMING-16#144 Warning
Large setup violation  
There is a large setup violation of -5.957 ns between system_i/iir2nd/iir_filter_2nd_order_0/inst/a2_y2__1/CLK (clocked by clk_out1_system_pll_0_0) and system_i/iir2nd/iir_filter_2nd_order_0/inst/y1_reg__25/D (clocked by clk_out1_system_pll_0_0). Large setup violations at the end of those stages might be difficult to fix during the post-placement implementation flow and could be the result of non-optimal XDC constraints or non-optimal design architecture
Related violations: <none>

TIMING-16#145 Warning
Large setup violation  
There is a large setup violation of -5.962 ns between system_i/iir2nd/iir_filter_2nd_order_0/inst/a2_y2__1/CLK (clocked by clk_out1_system_pll_0_0) and system_i/iir2nd/iir_filter_2nd_order_0/inst/y_out_reg[13]_psdsp_1/D (clocked by clk_out1_system_pll_0_0). Large setup violations at the end of those stages might be difficult to fix during the post-placement implementation flow and could be the result of non-optimal XDC constraints or non-optimal design architecture
Related violations: <none>

TIMING-16#146 Warning
Large setup violation  
There is a large setup violation of -5.965 ns between system_i/iir2nd/iir_filter_2nd_order_0/inst/a2_y2__1/CLK (clocked by clk_out1_system_pll_0_0) and system_i/iir2nd/iir_filter_2nd_order_0/inst/y_out_reg[13]_psdsp_15/D (clocked by clk_out1_system_pll_0_0). Large setup violations at the end of those stages might be difficult to fix during the post-placement implementation flow and could be the result of non-optimal XDC constraints or non-optimal design architecture
Related violations: <none>

TIMING-16#147 Warning
Large setup violation  
There is a large setup violation of -5.968 ns between system_i/iir2nd/iir_filter_2nd_order_0/inst/a2_y2__1/CLK (clocked by clk_out1_system_pll_0_0) and system_i/iir2nd/iir_filter_2nd_order_0/inst/a1_y1_carry__3_i_3_psdsp_11/D (clocked by clk_out1_system_pll_0_0). Large setup violations at the end of those stages might be difficult to fix during the post-placement implementation flow and could be the result of non-optimal XDC constraints or non-optimal design architecture
Related violations: <none>

TIMING-16#148 Warning
Large setup violation  
There is a large setup violation of -5.970 ns between system_i/iir2nd/iir_filter_2nd_order_0/inst/a2_y2__1/CLK (clocked by clk_out1_system_pll_0_0) and system_i/iir2nd/iir_filter_2nd_order_0/inst/a1_y1_carry__10_i_1_psdsp_7/D (clocked by clk_out1_system_pll_0_0). Large setup violations at the end of those stages might be difficult to fix during the post-placement implementation flow and could be the result of non-optimal XDC constraints or non-optimal design architecture
Related violations: <none>

TIMING-16#149 Warning
Large setup violation  
There is a large setup violation of -5.973 ns between system_i/iir2nd/iir_filter_2nd_order_0/inst/a2_y2__1/CLK (clocked by clk_out1_system_pll_0_0) and system_i/iir2nd/iir_filter_2nd_order_0/inst/a1_y1_carry__3_i_3_psdsp_1/D (clocked by clk_out1_system_pll_0_0). Large setup violations at the end of those stages might be difficult to fix during the post-placement implementation flow and could be the result of non-optimal XDC constraints or non-optimal design architecture
Related violations: <none>

TIMING-16#150 Warning
Large setup violation  
There is a large setup violation of -5.979 ns between system_i/iir2nd/iir_filter_2nd_order_0/inst/a2_y2__1/CLK (clocked by clk_out1_system_pll_0_0) and system_i/iir2nd/iir_filter_2nd_order_0/inst/a1_y1_carry__10_i_1_psdsp_15/D (clocked by clk_out1_system_pll_0_0). Large setup violations at the end of those stages might be difficult to fix during the post-placement implementation flow and could be the result of non-optimal XDC constraints or non-optimal design architecture
Related violations: <none>

TIMING-16#151 Warning
Large setup violation  
There is a large setup violation of -5.994 ns between system_i/iir2nd/iir_filter_2nd_order_0/inst/a2_y2__1/CLK (clocked by clk_out1_system_pll_0_0) and system_i/iir2nd/iir_filter_2nd_order_0/inst/a1_y1__1/A[12] (clocked by clk_out1_system_pll_0_0). Large setup violations at the end of those stages might be difficult to fix during the post-placement implementation flow and could be the result of non-optimal XDC constraints or non-optimal design architecture
Related violations: <none>

TIMING-16#152 Warning
Large setup violation  
There is a large setup violation of -6.001 ns between system_i/iir2nd/iir_filter_2nd_order_0/inst/a2_y2__1/CLK (clocked by clk_out1_system_pll_0_0) and system_i/iir2nd/iir_filter_2nd_order_0/inst/a1_y1_carry__10_i_1_psdsp/D (clocked by clk_out1_system_pll_0_0). Large setup violations at the end of those stages might be difficult to fix during the post-placement implementation flow and could be the result of non-optimal XDC constraints or non-optimal design architecture
Related violations: <none>

TIMING-16#153 Warning
Large setup violation  
There is a large setup violation of -6.028 ns between system_i/iir2nd/iir_filter_2nd_order_0/inst/a2_y2__1/CLK (clocked by clk_out1_system_pll_0_0) and system_i/iir2nd/iir_filter_2nd_order_0/inst/y_out_reg[13]_psdsp_3/D (clocked by clk_out1_system_pll_0_0). Large setup violations at the end of those stages might be difficult to fix during the post-placement implementation flow and could be the result of non-optimal XDC constraints or non-optimal design architecture
Related violations: <none>

TIMING-16#154 Warning
Large setup violation  
There is a large setup violation of -6.031 ns between system_i/iir2nd/iir_filter_2nd_order_0/inst/a2_y2__1/CLK (clocked by clk_out1_system_pll_0_0) and system_i/iir2nd/iir_filter_2nd_order_0/inst/a1_y1_carry__10_i_1_psdsp_9/D (clocked by clk_out1_system_pll_0_0). Large setup violations at the end of those stages might be difficult to fix during the post-placement implementation flow and could be the result of non-optimal XDC constraints or non-optimal design architecture
Related violations: <none>

TIMING-16#155 Warning
Large setup violation  
There is a large setup violation of -6.031 ns between system_i/iir2nd/iir_filter_2nd_order_0/inst/a2_y2__1/CLK (clocked by clk_out1_system_pll_0_0) and system_i/iir2nd/iir_filter_2nd_order_0/inst/a1_y1_carry__3_i_3_psdsp_5/D (clocked by clk_out1_system_pll_0_0). Large setup violations at the end of those stages might be difficult to fix during the post-placement implementation flow and could be the result of non-optimal XDC constraints or non-optimal design architecture
Related violations: <none>

TIMING-16#156 Warning
Large setup violation  
There is a large setup violation of -6.034 ns between system_i/iir2nd/iir_filter_2nd_order_0/inst/a2_y2__1/CLK (clocked by clk_out1_system_pll_0_0) and system_i/iir2nd/iir_filter_2nd_order_0/inst/y1_reg__21/D (clocked by clk_out1_system_pll_0_0). Large setup violations at the end of those stages might be difficult to fix during the post-placement implementation flow and could be the result of non-optimal XDC constraints or non-optimal design architecture
Related violations: <none>

TIMING-16#157 Warning
Large setup violation  
There is a large setup violation of -6.043 ns between system_i/iir2nd/iir_filter_2nd_order_0/inst/a2_y2__1/CLK (clocked by clk_out1_system_pll_0_0) and system_i/iir2nd/iir_filter_2nd_order_0/inst/y1_reg/D (clocked by clk_out1_system_pll_0_0). Large setup violations at the end of those stages might be difficult to fix during the post-placement implementation flow and could be the result of non-optimal XDC constraints or non-optimal design architecture
Related violations: <none>

TIMING-16#158 Warning
Large setup violation  
There is a large setup violation of -6.070 ns between system_i/iir2nd/iir_filter_2nd_order_0/inst/a2_y2__1/CLK (clocked by clk_out1_system_pll_0_0) and system_i/iir2nd/iir_filter_2nd_order_0/inst/a1_y1_carry__3_i_3_psdsp_3/D (clocked by clk_out1_system_pll_0_0). Large setup violations at the end of those stages might be difficult to fix during the post-placement implementation flow and could be the result of non-optimal XDC constraints or non-optimal design architecture
Related violations: <none>

TIMING-16#159 Warning
Large setup violation  
There is a large setup violation of -6.088 ns between system_i/iir2nd/iir_filter_2nd_order_0/inst/a2_y2__1/CLK (clocked by clk_out1_system_pll_0_0) and system_i/iir2nd/iir_filter_2nd_order_0/inst/a1_y1_carry__3_i_3_psdsp/D (clocked by clk_out1_system_pll_0_0). Large setup violations at the end of those stages might be difficult to fix during the post-placement implementation flow and could be the result of non-optimal XDC constraints or non-optimal design architecture
Related violations: <none>

TIMING-16#160 Warning
Large setup violation  
There is a large setup violation of -6.097 ns between system_i/iir2nd/iir_filter_2nd_order_0/inst/a2_y2__1/CLK (clocked by clk_out1_system_pll_0_0) and system_i/iir2nd/iir_filter_2nd_order_0/inst/y_out_reg[13]_psdsp_2/D (clocked by clk_out1_system_pll_0_0). Large setup violations at the end of those stages might be difficult to fix during the post-placement implementation flow and could be the result of non-optimal XDC constraints or non-optimal design architecture
Related violations: <none>

TIMING-16#161 Warning
Large setup violation  
There is a large setup violation of -6.101 ns between system_i/iir2nd/iir_filter_2nd_order_0/inst/a2_y2__1/CLK (clocked by clk_out1_system_pll_0_0) and system_i/iir2nd/iir_filter_2nd_order_0/inst/y_out_reg[13]_psdsp_8/D (clocked by clk_out1_system_pll_0_0). Large setup violations at the end of those stages might be difficult to fix during the post-placement implementation flow and could be the result of non-optimal XDC constraints or non-optimal design architecture
Related violations: <none>

TIMING-16#162 Warning
Large setup violation  
There is a large setup violation of -6.110 ns between system_i/iir2nd/iir_filter_2nd_order_0/inst/a2_y2__1/CLK (clocked by clk_out1_system_pll_0_0) and system_i/iir2nd/iir_filter_2nd_order_0/inst/a1_y1__1/A[15] (clocked by clk_out1_system_pll_0_0). Large setup violations at the end of those stages might be difficult to fix during the post-placement implementation flow and could be the result of non-optimal XDC constraints or non-optimal design architecture
Related violations: <none>

TIMING-16#163 Warning
Large setup violation  
There is a large setup violation of -6.114 ns between system_i/iir2nd/iir_filter_2nd_order_0/inst/a2_y2__1/CLK (clocked by clk_out1_system_pll_0_0) and system_i/iir2nd/iir_filter_2nd_order_0/inst/a1_y1__1/A[16] (clocked by clk_out1_system_pll_0_0). Large setup violations at the end of those stages might be difficult to fix during the post-placement implementation flow and could be the result of non-optimal XDC constraints or non-optimal design architecture
Related violations: <none>

TIMING-16#164 Warning
Large setup violation  
There is a large setup violation of -6.123 ns between system_i/iir2nd/iir_filter_2nd_order_0/inst/a2_y2__1/CLK (clocked by clk_out1_system_pll_0_0) and system_i/iir2nd/iir_filter_2nd_order_0/inst/y_out_reg[13]_psdsp/D (clocked by clk_out1_system_pll_0_0). Large setup violations at the end of those stages might be difficult to fix during the post-placement implementation flow and could be the result of non-optimal XDC constraints or non-optimal design architecture
Related violations: <none>

TIMING-16#165 Warning
Large setup violation  
There is a large setup violation of -6.126 ns between system_i/iir2nd/iir_filter_2nd_order_0/inst/a2_y2__1/CLK (clocked by clk_out1_system_pll_0_0) and system_i/iir2nd/iir_filter_2nd_order_0/inst/y1_reg__19/D (clocked by clk_out1_system_pll_0_0). Large setup violations at the end of those stages might be difficult to fix during the post-placement implementation flow and could be the result of non-optimal XDC constraints or non-optimal design architecture
Related violations: <none>

TIMING-16#166 Warning
Large setup violation  
There is a large setup violation of -6.129 ns between system_i/iir2nd/iir_filter_2nd_order_0/inst/a2_y2__1/CLK (clocked by clk_out1_system_pll_0_0) and system_i/iir2nd/iir_filter_2nd_order_0/inst/a1_y1__1/A[14] (clocked by clk_out1_system_pll_0_0). Large setup violations at the end of those stages might be difficult to fix during the post-placement implementation flow and could be the result of non-optimal XDC constraints or non-optimal design architecture
Related violations: <none>

TIMING-16#167 Warning
Large setup violation  
There is a large setup violation of -6.139 ns between system_i/iir2nd/iir_filter_2nd_order_0/inst/a2_y2__1/CLK (clocked by clk_out1_system_pll_0_0) and system_i/iir2nd/iir_filter_2nd_order_0/inst/a1_y1_carry__3_i_3_psdsp_6/D (clocked by clk_out1_system_pll_0_0). Large setup violations at the end of those stages might be difficult to fix during the post-placement implementation flow and could be the result of non-optimal XDC constraints or non-optimal design architecture
Related violations: <none>

TIMING-16#168 Warning
Large setup violation  
There is a large setup violation of -6.149 ns between system_i/iir2nd/iir_filter_2nd_order_0/inst/a2_y2__1/CLK (clocked by clk_out1_system_pll_0_0) and system_i/iir2nd/iir_filter_2nd_order_0/inst/a1_y1__1/A[11] (clocked by clk_out1_system_pll_0_0). Large setup violations at the end of those stages might be difficult to fix during the post-placement implementation flow and could be the result of non-optimal XDC constraints or non-optimal design architecture
Related violations: <none>

TIMING-16#169 Warning
Large setup violation  
There is a large setup violation of -6.165 ns between system_i/iir2nd/iir_filter_2nd_order_0/inst/a2_y2__1/CLK (clocked by clk_out1_system_pll_0_0) and system_i/iir2nd/iir_filter_2nd_order_0/inst/a1_y1_carry__3_i_3_psdsp_4/D (clocked by clk_out1_system_pll_0_0). Large setup violations at the end of those stages might be difficult to fix during the post-placement implementation flow and could be the result of non-optimal XDC constraints or non-optimal design architecture
Related violations: <none>

TIMING-16#170 Warning
Large setup violation  
There is a large setup violation of -6.172 ns between system_i/iir2nd/iir_filter_2nd_order_0/inst/a2_y2__1/CLK (clocked by clk_out1_system_pll_0_0) and system_i/iir2nd/iir_filter_2nd_order_0/inst/a1_y1_carry__3_i_3_psdsp_8/D (clocked by clk_out1_system_pll_0_0). Large setup violations at the end of those stages might be difficult to fix during the post-placement implementation flow and could be the result of non-optimal XDC constraints or non-optimal design architecture
Related violations: <none>

TIMING-16#171 Warning
Large setup violation  
There is a large setup violation of -6.214 ns between system_i/iir2nd/iir_filter_2nd_order_0/inst/a2_y2__1/CLK (clocked by clk_out1_system_pll_0_0) and system_i/iir2nd/iir_filter_2nd_order_0/inst/a1_y1__1/A[13] (clocked by clk_out1_system_pll_0_0). Large setup violations at the end of those stages might be difficult to fix during the post-placement implementation flow and could be the result of non-optimal XDC constraints or non-optimal design architecture
Related violations: <none>

TIMING-18#1 Warning
Missing input or output delay  
An input delay is missing on adc_dat_a_i[10] relative to the rising and/or falling clock edge(s) of adc_clk_p_i.
Related violations: <none>

TIMING-18#2 Warning
Missing input or output delay  
An input delay is missing on adc_dat_a_i[11] relative to the rising and/or falling clock edge(s) of adc_clk_p_i.
Related violations: <none>

TIMING-18#3 Warning
Missing input or output delay  
An input delay is missing on adc_dat_a_i[12] relative to the rising and/or falling clock edge(s) of adc_clk_p_i.
Related violations: <none>

TIMING-18#4 Warning
Missing input or output delay  
An input delay is missing on adc_dat_a_i[13] relative to the rising and/or falling clock edge(s) of adc_clk_p_i.
Related violations: <none>

TIMING-18#5 Warning
Missing input or output delay  
An input delay is missing on adc_dat_a_i[14] relative to the rising and/or falling clock edge(s) of adc_clk_p_i.
Related violations: <none>

TIMING-18#6 Warning
Missing input or output delay  
An input delay is missing on adc_dat_a_i[15] relative to the rising and/or falling clock edge(s) of adc_clk_p_i.
Related violations: <none>

TIMING-18#7 Warning
Missing input or output delay  
An input delay is missing on adc_dat_a_i[2] relative to the rising and/or falling clock edge(s) of adc_clk_p_i.
Related violations: <none>

TIMING-18#8 Warning
Missing input or output delay  
An input delay is missing on adc_dat_a_i[3] relative to the rising and/or falling clock edge(s) of adc_clk_p_i.
Related violations: <none>

TIMING-18#9 Warning
Missing input or output delay  
An input delay is missing on adc_dat_a_i[4] relative to the rising and/or falling clock edge(s) of adc_clk_p_i.
Related violations: <none>

TIMING-18#10 Warning
Missing input or output delay  
An input delay is missing on adc_dat_a_i[5] relative to the rising and/or falling clock edge(s) of adc_clk_p_i.
Related violations: <none>

TIMING-18#11 Warning
Missing input or output delay  
An input delay is missing on adc_dat_a_i[6] relative to the rising and/or falling clock edge(s) of adc_clk_p_i.
Related violations: <none>

TIMING-18#12 Warning
Missing input or output delay  
An input delay is missing on adc_dat_a_i[7] relative to the rising and/or falling clock edge(s) of adc_clk_p_i.
Related violations: <none>

TIMING-18#13 Warning
Missing input or output delay  
An input delay is missing on adc_dat_a_i[8] relative to the rising and/or falling clock edge(s) of adc_clk_p_i.
Related violations: <none>

TIMING-18#14 Warning
Missing input or output delay  
An input delay is missing on adc_dat_a_i[9] relative to the rising and/or falling clock edge(s) of adc_clk_p_i.
Related violations: <none>

TIMING-18#15 Warning
Missing input or output delay  
An input delay is missing on adc_dat_b_i[10] relative to the rising and/or falling clock edge(s) of adc_clk_p_i.
Related violations: <none>

TIMING-18#16 Warning
Missing input or output delay  
An input delay is missing on adc_dat_b_i[11] relative to the rising and/or falling clock edge(s) of adc_clk_p_i.
Related violations: <none>

TIMING-18#17 Warning
Missing input or output delay  
An input delay is missing on adc_dat_b_i[12] relative to the rising and/or falling clock edge(s) of adc_clk_p_i.
Related violations: <none>

TIMING-18#18 Warning
Missing input or output delay  
An input delay is missing on adc_dat_b_i[13] relative to the rising and/or falling clock edge(s) of adc_clk_p_i.
Related violations: <none>

TIMING-18#19 Warning
Missing input or output delay  
An input delay is missing on adc_dat_b_i[14] relative to the rising and/or falling clock edge(s) of adc_clk_p_i.
Related violations: <none>

TIMING-18#20 Warning
Missing input or output delay  
An input delay is missing on adc_dat_b_i[15] relative to the rising and/or falling clock edge(s) of adc_clk_p_i.
Related violations: <none>

TIMING-18#21 Warning
Missing input or output delay  
An input delay is missing on adc_dat_b_i[2] relative to the rising and/or falling clock edge(s) of adc_clk_p_i.
Related violations: <none>

TIMING-18#22 Warning
Missing input or output delay  
An input delay is missing on adc_dat_b_i[3] relative to the rising and/or falling clock edge(s) of adc_clk_p_i.
Related violations: <none>

TIMING-18#23 Warning
Missing input or output delay  
An input delay is missing on adc_dat_b_i[4] relative to the rising and/or falling clock edge(s) of adc_clk_p_i.
Related violations: <none>

TIMING-18#24 Warning
Missing input or output delay  
An input delay is missing on adc_dat_b_i[5] relative to the rising and/or falling clock edge(s) of adc_clk_p_i.
Related violations: <none>

TIMING-18#25 Warning
Missing input or output delay  
An input delay is missing on adc_dat_b_i[6] relative to the rising and/or falling clock edge(s) of adc_clk_p_i.
Related violations: <none>

TIMING-18#26 Warning
Missing input or output delay  
An input delay is missing on adc_dat_b_i[7] relative to the rising and/or falling clock edge(s) of adc_clk_p_i.
Related violations: <none>

TIMING-18#27 Warning
Missing input or output delay  
An input delay is missing on adc_dat_b_i[8] relative to the rising and/or falling clock edge(s) of adc_clk_p_i.
Related violations: <none>

TIMING-18#28 Warning
Missing input or output delay  
An input delay is missing on adc_dat_b_i[9] relative to the rising and/or falling clock edge(s) of adc_clk_p_i.
Related violations: <none>

TIMING-18#29 Warning
Missing input or output delay  
An output delay is missing on dac_dat_o[0] relative to the rising and/or falling clock edge(s) of adc_clk_p_i.
Related violations: <none>

TIMING-18#30 Warning
Missing input or output delay  
An output delay is missing on dac_dat_o[10] relative to the rising and/or falling clock edge(s) of adc_clk_p_i.
Related violations: <none>

TIMING-18#31 Warning
Missing input or output delay  
An output delay is missing on dac_dat_o[11] relative to the rising and/or falling clock edge(s) of adc_clk_p_i.
Related violations: <none>

TIMING-18#32 Warning
Missing input or output delay  
An output delay is missing on dac_dat_o[12] relative to the rising and/or falling clock edge(s) of adc_clk_p_i.
Related violations: <none>

TIMING-18#33 Warning
Missing input or output delay  
An output delay is missing on dac_dat_o[13] relative to the rising and/or falling clock edge(s) of adc_clk_p_i.
Related violations: <none>

TIMING-18#34 Warning
Missing input or output delay  
An output delay is missing on dac_dat_o[1] relative to the rising and/or falling clock edge(s) of adc_clk_p_i.
Related violations: <none>

TIMING-18#35 Warning
Missing input or output delay  
An output delay is missing on dac_dat_o[2] relative to the rising and/or falling clock edge(s) of adc_clk_p_i.
Related violations: <none>

TIMING-18#36 Warning
Missing input or output delay  
An output delay is missing on dac_dat_o[3] relative to the rising and/or falling clock edge(s) of adc_clk_p_i.
Related violations: <none>

TIMING-18#37 Warning
Missing input or output delay  
An output delay is missing on dac_dat_o[4] relative to the rising and/or falling clock edge(s) of adc_clk_p_i.
Related violations: <none>

TIMING-18#38 Warning
Missing input or output delay  
An output delay is missing on dac_dat_o[5] relative to the rising and/or falling clock edge(s) of adc_clk_p_i.
Related violations: <none>

TIMING-18#39 Warning
Missing input or output delay  
An output delay is missing on dac_dat_o[6] relative to the rising and/or falling clock edge(s) of adc_clk_p_i.
Related violations: <none>

TIMING-18#40 Warning
Missing input or output delay  
An output delay is missing on dac_dat_o[7] relative to the rising and/or falling clock edge(s) of adc_clk_p_i.
Related violations: <none>

TIMING-18#41 Warning
Missing input or output delay  
An output delay is missing on dac_dat_o[8] relative to the rising and/or falling clock edge(s) of adc_clk_p_i.
Related violations: <none>

TIMING-18#42 Warning
Missing input or output delay  
An output delay is missing on dac_dat_o[9] relative to the rising and/or falling clock edge(s) of adc_clk_p_i.
Related violations: <none>

TIMING-18#43 Warning
Missing input or output delay  
An output delay is missing on dac_rst_o relative to the rising and/or falling clock edge(s) of adc_clk_p_i.
Related violations: <none>

TIMING-18#44 Warning
Missing input or output delay  
An output delay is missing on dac_sel_o relative to the rising and/or falling clock edge(s) of adc_clk_p_i.
Related violations: <none>


