Copyright 1986-2022 Xilinx, Inc. All Rights Reserved. Copyright 2022-2024 Advanced Micro Devices, Inc. All Rights Reserved.
--------------------------------------------------------------------------------------------------------------------------------------------------------------------------------------------------------------------
| Tool Version : Vivado v.2024.1 (win64) Build 5076996 Wed May 22 18:37:14 MDT 2024
| Date         : Mon Mar 17 13:19:41 2025
| Host         : PHY-GXBK running 64-bit major release  (build 9200)
| Command      : report_timing_summary -max_paths 10 -report_unconstrained -file system_wrapper_timing_summary_routed.rpt -pb system_wrapper_timing_summary_routed.pb -rpx system_wrapper_timing_summary_routed.rpx
| Design       : system_wrapper
| Device       : 7z010-clg400
| Speed File   : -1  PRODUCTION 1.12 2019-11-22
| Design State : Routed
--------------------------------------------------------------------------------------------------------------------------------------------------------------------------------------------------------------------

Timing Summary Report

------------------------------------------------------------------------------------------------
| Timer Settings
| --------------
------------------------------------------------------------------------------------------------

  Enable Multi Corner Analysis               :  Yes
  Enable Pessimism Removal                   :  Yes
  Pessimism Removal Resolution               :  Nearest Common Node
  Enable Input Delay Default Clock           :  No
  Enable Preset / Clear Arcs                 :  No
  Disable Flight Delays                      :  No
  Ignore I/O Paths                           :  No
  Timing Early Launch at Borrowing Latches   :  No
  Borrow Time for Max Delay Exceptions       :  Yes
  Merge Timing Exceptions                    :  Yes
  Inter-SLR Compensation                     :  Conservative

  Corner  Analyze    Analyze    
  Name    Max Paths  Min Paths  
  ------  ---------  ---------  
  Slow    Yes        Yes        
  Fast    Yes        Yes        


------------------------------------------------------------------------------------------------
| Report Methodology
| ------------------
------------------------------------------------------------------------------------------------

Rule       Severity  Description                    Violations  
---------  --------  -----------------------------  ----------  
TIMING-16  Warning   Large setup violation          171         
TIMING-18  Warning   Missing input or output delay  44          

Note: This report is based on the most recent report_methodology run and may not be up-to-date. Run report_methodology on the current design for the latest report.



check_timing report

Table of Contents
-----------------
1. checking no_clock (0)
2. checking constant_clock (0)
3. checking pulse_width_clock (0)
4. checking unconstrained_internal_endpoints (0)
5. checking no_input_delay (0)
6. checking no_output_delay (18)
7. checking multiple_clock (0)
8. checking generated_clocks (0)
9. checking loops (0)
10. checking partial_input_delay (32)
11. checking partial_output_delay (0)
12. checking latch_loops (0)

1. checking no_clock (0)
------------------------
 There are 0 register/latch pins with no clock.


2. checking constant_clock (0)
------------------------------
 There are 0 register/latch pins with constant_clock.


3. checking pulse_width_clock (0)
---------------------------------
 There are 0 register/latch pins which need pulse_width check


4. checking unconstrained_internal_endpoints (0)
------------------------------------------------
 There are 0 pins that are not constrained for maximum delay.

 There are 0 pins that are not constrained for maximum delay due to constant clock.


5. checking no_input_delay (0)
------------------------------
 There are 0 input ports with no input delay specified.

 There are 0 input ports with no input delay but user has a false path constraint.


6. checking no_output_delay (18)
--------------------------------
 There are 18 ports with no output delay specified. (HIGH)

 There are 0 ports with no output delay but user has a false path constraint

 There are 0 ports with no output delay but with a timing clock defined on it or propagating through it


7. checking multiple_clock (0)
------------------------------
 There are 0 register/latch pins with multiple clocks.


8. checking generated_clocks (0)
--------------------------------
 There are 0 generated clocks that are not connected to a clock source.


9. checking loops (0)
---------------------
 There are 0 combinational loops in the design.


10. checking partial_input_delay (32)
-------------------------------------
 There are 32 input ports with partial input delay specified. (HIGH)


11. checking partial_output_delay (0)
-------------------------------------
 There are 0 ports with partial output delay specified.


12. checking latch_loops (0)
----------------------------
 There are 0 combinational latch loops in the design through latch input



------------------------------------------------------------------------------------------------
| Design Timing Summary
| ---------------------
------------------------------------------------------------------------------------------------

    WNS(ns)      TNS(ns)  TNS Failing Endpoints  TNS Total Endpoints      WHS(ns)      THS(ns)  THS Failing Endpoints  THS Total Endpoints     WPWS(ns)     TPWS(ns)  TPWS Failing Endpoints  TPWS Total Endpoints  
    -------      -------  ---------------------  -------------------      -------      -------  ---------------------  -------------------     --------     --------  ----------------------  --------------------  
     -6.214     -926.965                    390                11589        0.002        0.000                      0                11561        1.845        0.000                       0                  5703  


Timing constraints are not met.


------------------------------------------------------------------------------------------------
| Clock Summary
| -------------
------------------------------------------------------------------------------------------------

Clock                      Waveform(ns)         Period(ns)      Frequency(MHz)
-----                      ------------         ----------      --------------
adc_clk_p_i                {0.000 4.000}        8.000           125.000         
  clk_out1_system_pll_0_0  {0.000 4.000}        8.000           125.000         
  clk_out2_system_pll_0_0  {1.750 3.750}        4.000           250.000         
  clk_out3_system_pll_0_0  {2.250 4.250}        4.000           250.000         
  clkfbout_system_pll_0_0  {0.000 4.000}        8.000           125.000         
clk_fpga_0                 {0.000 10.000}       20.000          50.000          


------------------------------------------------------------------------------------------------
| Intra Clock Table
| -----------------
------------------------------------------------------------------------------------------------

Clock                          WNS(ns)      TNS(ns)  TNS Failing Endpoints  TNS Total Endpoints      WHS(ns)      THS(ns)  THS Failing Endpoints  THS Total Endpoints     WPWS(ns)     TPWS(ns)  TPWS Failing Endpoints  TPWS Total Endpoints  
-----                          -------      -------  ---------------------  -------------------      -------      -------  ---------------------  -------------------     --------     --------  ----------------------  --------------------  
adc_clk_p_i                                                                                                                                                                  2.000        0.000                       0                     1  
  clk_out1_system_pll_0_0       -6.214     -926.965                    390                11561        0.002        0.000                      0                11561        3.020        0.000                       0                  5693  
  clk_out2_system_pll_0_0                                                                                                                                                    1.845        0.000                       0                     3  
  clk_out3_system_pll_0_0                                                                                                                                                    1.845        0.000                       0                     3  
  clkfbout_system_pll_0_0                                                                                                                                                    5.845        0.000                       0                     3  


------------------------------------------------------------------------------------------------
| Inter Clock Table
| -----------------
------------------------------------------------------------------------------------------------

From Clock               To Clock                     WNS(ns)      TNS(ns)  TNS Failing Endpoints  TNS Total Endpoints      WHS(ns)      THS(ns)  THS Failing Endpoints  THS Total Endpoints  
----------               --------                     -------      -------  ---------------------  -------------------      -------      -------  ---------------------  -------------------  
adc_clk_p_i              clk_out1_system_pll_0_0        3.447        0.000                      0                   28                                                                        


------------------------------------------------------------------------------------------------
| Other Path Groups Table
| -----------------------
------------------------------------------------------------------------------------------------

Path Group    From Clock    To Clock          WNS(ns)      TNS(ns)  TNS Failing Endpoints  TNS Total Endpoints      WHS(ns)      THS(ns)  THS Failing Endpoints  THS Total Endpoints  
----------    ----------    --------          -------      -------  ---------------------  -------------------      -------      -------  ---------------------  -------------------  


------------------------------------------------------------------------------------------------
| User Ignored Path Table
| -----------------------
------------------------------------------------------------------------------------------------

Path Group               From Clock               To Clock               
----------               ----------               --------               
(none)                   clk_out1_system_pll_0_0  clk_out1_system_pll_0_0  


------------------------------------------------------------------------------------------------
| Unconstrained Path Table
| ------------------------
------------------------------------------------------------------------------------------------

Path Group               From Clock               To Clock               
----------               ----------               --------               
(none)                   clk_out1_system_pll_0_0                           
(none)                   clk_out2_system_pll_0_0                           
(none)                   clk_out3_system_pll_0_0                           
(none)                   clkfbout_system_pll_0_0                           


------------------------------------------------------------------------------------------------
| Timing Details
| --------------
------------------------------------------------------------------------------------------------


---------------------------------------------------------------------------------------------------
From Clock:  adc_clk_p_i
  To Clock:  adc_clk_p_i

Setup :           NA  Failing Endpoints,  Worst Slack           NA  ,  Total Violation           NA
Hold  :           NA  Failing Endpoints,  Worst Slack           NA  ,  Total Violation           NA
PW    :            0  Failing Endpoints,  Worst Slack        2.000ns,  Total Violation        0.000ns
---------------------------------------------------------------------------------------------------


Pulse Width Checks
--------------------------------------------------------------------------------------
Clock Name:         adc_clk_p_i
Waveform(ns):       { 0.000 4.000 }
Period(ns):         8.000
Sources:            { adc_clk_p_i }

Check Type        Corner  Lib Pin           Reference Pin  Required(ns)  Actual(ns)  Slack(ns)  Location        Pin
Min Period        n/a     PLLE2_ADV/CLKIN1  n/a            1.249         8.000       6.751      PLLE2_ADV_X0Y0  system_i/pll_0/inst/plle2_adv_inst/CLKIN1
Max Period        n/a     PLLE2_ADV/CLKIN1  n/a            52.633        8.000       44.633     PLLE2_ADV_X0Y0  system_i/pll_0/inst/plle2_adv_inst/CLKIN1
Low Pulse Width   Slow    PLLE2_ADV/CLKIN1  n/a            2.000         4.000       2.000      PLLE2_ADV_X0Y0  system_i/pll_0/inst/plle2_adv_inst/CLKIN1
Low Pulse Width   Fast    PLLE2_ADV/CLKIN1  n/a            2.000         4.000       2.000      PLLE2_ADV_X0Y0  system_i/pll_0/inst/plle2_adv_inst/CLKIN1
High Pulse Width  Slow    PLLE2_ADV/CLKIN1  n/a            2.000         4.000       2.000      PLLE2_ADV_X0Y0  system_i/pll_0/inst/plle2_adv_inst/CLKIN1
High Pulse Width  Fast    PLLE2_ADV/CLKIN1  n/a            2.000         4.000       2.000      PLLE2_ADV_X0Y0  system_i/pll_0/inst/plle2_adv_inst/CLKIN1



---------------------------------------------------------------------------------------------------
From Clock:  clk_out1_system_pll_0_0
  To Clock:  clk_out1_system_pll_0_0

Setup :          390  Failing Endpoints,  Worst Slack       -6.214ns,  Total Violation     -926.965ns
Hold  :            0  Failing Endpoints,  Worst Slack        0.002ns,  Total Violation        0.000ns
PW    :            0  Failing Endpoints,  Worst Slack        3.020ns,  Total Violation        0.000ns
---------------------------------------------------------------------------------------------------


Max Delay Paths
--------------------------------------------------------------------------------------
Slack (VIOLATED) :        -6.214ns  (required time - arrival time)
  Source:                 system_i/iir2nd/iir_filter_2nd_order_0/inst/a2_y2__1/CLK
                            (rising edge-triggered cell DSP48E1 clocked by clk_out1_system_pll_0_0  {rise@0.000ns fall@4.000ns period=8.000ns})
  Destination:            system_i/iir2nd/iir_filter_2nd_order_0/inst/a1_y1__1/A[13]
                            (rising edge-triggered cell DSP48E1 clocked by clk_out1_system_pll_0_0  {rise@0.000ns fall@4.000ns period=8.000ns})
  Path Group:             clk_out1_system_pll_0_0
  Path Type:              Setup (Max at Slow Process Corner)
  Requirement:            8.000ns  (clk_out1_system_pll_0_0 rise@8.000ns - clk_out1_system_pll_0_0 rise@0.000ns)
  Data Path Delay:        13.443ns  (logic 9.033ns (67.193%)  route 4.410ns (32.807%))
  Logic Levels:           12  (CARRY4=8 DSP48E1=1 LUT2=1 LUT3=2)
  Clock Path Skew:        -0.157ns (DCD - SCD + CPR)
    Destination Clock Delay (DCD):    -2.263ns = ( 5.737 - 8.000 ) 
    Source Clock Delay      (SCD):    -2.636ns
    Clock Pessimism Removal (CPR):    -0.530ns
  Clock Uncertainty:      0.069ns  ((TSJ^2 + DJ^2)^1/2) / 2 + PE
    Total System Jitter     (TSJ):    0.071ns
    Discrete Jitter          (DJ):    0.119ns
    Phase Error              (PE):    0.000ns

    Location             Delay type                Incr(ns)  Path(ns)    Netlist Resource(s)
  -------------------------------------------------------------------    -------------------
                         (clock clk_out1_system_pll_0_0 rise edge)
                                                      0.000     0.000 r  
    U18                                               0.000     0.000 r  adc_clk_p_i (IN)
                         net (fo=0)                   0.000     0.000    system_i/pll_0/inst/clk_in1_p
    U18                  IBUFDS (Prop_ibufds_I_O)     0.983     0.983 r  system_i/pll_0/inst/clkin1_ibufgds/O
                         net (fo=1, routed)           1.306     2.289    system_i/pll_0/inst/clk_in1_system_pll_0_0
    PLLE2_ADV_X0Y0       PLLE2_ADV (Prop_plle2_adv_CLKIN1_CLKOUT0)
                                                     -8.533    -6.244 r  system_i/pll_0/inst/plle2_adv_inst/CLKOUT0
                         net (fo=1, routed)           1.754    -4.490    system_i/pll_0/inst/clk_out1_system_pll_0_0
    BUFGCTRL_X0Y0        BUFG (Prop_bufg_I_O)         0.101    -4.389 r  system_i/pll_0/inst/clkout1_buf/O
                         net (fo=5704, routed)        1.753    -2.636    system_i/iir2nd/iir_filter_2nd_order_0/inst/clk
    DSP48_X1Y12          DSP48E1                                      r  system_i/iir2nd/iir_filter_2nd_order_0/inst/a2_y2__1/CLK
  -------------------------------------------------------------------    -------------------
    DSP48_X1Y12          DSP48E1 (Prop_dsp48e1_CLK_PCOUT[47])
                                                      4.206     1.570 r  system_i/iir2nd/iir_filter_2nd_order_0/inst/a2_y2__1/PCOUT[47]
                         net (fo=1, routed)           0.002     1.572    system_i/iir2nd/iir_filter_2nd_order_0/inst/a2_y2__1_n_106
    DSP48_X1Y13          DSP48E1 (Prop_dsp48e1_PCIN[47]_P[4])
                                                      1.518     3.090 r  system_i/iir2nd/iir_filter_2nd_order_0/inst/a2_y2__19/P[4]
                         net (fo=2, routed)           1.039     4.129    system_i/iir2nd/iir_filter_2nd_order_0/inst/a2_y2__19_n_101
    SLICE_X25Y30         LUT2 (Prop_lut2_I0_O)        0.124     4.253 r  system_i/iir2nd/iir_filter_2nd_order_0/inst/a2_y2_carry__0_i_3/O
                         net (fo=1, routed)           0.000     4.253    system_i/iir2nd/iir_filter_2nd_order_0/inst/a2_y2_carry__0_i_3_n_0
    SLICE_X25Y30         CARRY4 (Prop_carry4_S[1]_CO[3])
                                                      0.550     4.803 r  system_i/iir2nd/iir_filter_2nd_order_0/inst/a2_y2_carry__0/CO[3]
                         net (fo=1, routed)           0.000     4.803    system_i/iir2nd/iir_filter_2nd_order_0/inst/a2_y2_carry__0_n_0
    SLICE_X25Y31         CARRY4 (Prop_carry4_CI_CO[3])
                                                      0.114     4.917 r  system_i/iir2nd/iir_filter_2nd_order_0/inst/a2_y2_carry__1/CO[3]
                         net (fo=1, routed)           0.000     4.917    system_i/iir2nd/iir_filter_2nd_order_0/inst/a2_y2_carry__1_n_0
    SLICE_X25Y32         CARRY4 (Prop_carry4_CI_CO[3])
                                                      0.114     5.031 r  system_i/iir2nd/iir_filter_2nd_order_0/inst/a2_y2_carry__2/CO[3]
                         net (fo=1, routed)           0.000     5.031    system_i/iir2nd/iir_filter_2nd_order_0/inst/a2_y2_carry__2_n_0
    SLICE_X25Y33         CARRY4 (Prop_carry4_CI_O[1])
                                                      0.334     5.365 f  system_i/iir2nd/iir_filter_2nd_order_0/inst/a2_y2_carry__3/O[1]
                         net (fo=3, routed)           0.830     6.195    system_i/iir2nd/iir_filter_2nd_order_0/inst/a2_y2__37[33]
    SLICE_X19Y33         LUT3 (Prop_lut3_I1_O)        0.303     6.498 r  system_i/iir2nd/iir_filter_2nd_order_0/inst/acc__0_carry__7_i_2/O
                         net (fo=1, routed)           0.472     6.969    system_i/iir2nd/iir_filter_2nd_order_0/inst/acc__0_carry__7_i_2_n_0
    SLICE_X14Y33         CARRY4 (Prop_carry4_DI[2]_CO[3])
                                                      0.398     7.367 r  system_i/iir2nd/iir_filter_2nd_order_0/inst/acc__0_carry__7/CO[3]
                         net (fo=1, routed)           0.000     7.367    system_i/iir2nd/iir_filter_2nd_order_0/inst/acc__0_carry__7_n_0
    SLICE_X14Y34         CARRY4 (Prop_carry4_CI_O[1])
                                                      0.334     7.701 r  system_i/iir2nd/iir_filter_2nd_order_0/inst/acc__0_carry__8/O[1]
                         net (fo=3, routed)           0.731     8.432    system_i/iir2nd/iir_filter_2nd_order_0/inst/acc__0_carry__8_n_6
    SLICE_X13Y32         LUT3 (Prop_lut3_I0_O)        0.303     8.735 r  system_i/iir2nd/iir_filter_2nd_order_0/inst/acc__184_carry__8_i_2/O
                         net (fo=1, routed)           0.472     9.207    system_i/iir2nd/iir_filter_2nd_order_0/inst/acc__184_carry__8_i_2_n_0
    SLICE_X12Y31         CARRY4 (Prop_carry4_DI[2]_CO[3])
                                                      0.404     9.611 r  system_i/iir2nd/iir_filter_2nd_order_0/inst/acc__184_carry__8/CO[3]
                         net (fo=1, routed)           0.000     9.611    system_i/iir2nd/iir_filter_2nd_order_0/inst/acc__184_carry__8_n_0
    SLICE_X12Y32         CARRY4 (Prop_carry4_CI_O[3])
                                                      0.331     9.942 r  system_i/iir2nd/iir_filter_2nd_order_0/inst/acc__184_carry__9/O[3]
                         net (fo=5, routed)           0.865    10.807    system_i/iir2nd/iir_filter_2nd_order_0/inst/y[13]
    DSP48_X0Y10          DSP48E1                                      r  system_i/iir2nd/iir_filter_2nd_order_0/inst/a1_y1__1/A[13]
  -------------------------------------------------------------------    -------------------

                         (clock clk_out1_system_pll_0_0 rise edge)
                                                      8.000     8.000 r  
    U18                                               0.000     8.000 r  adc_clk_p_i (IN)
                         net (fo=0)                   0.000     8.000    system_i/pll_0/inst/clk_in1_p
    U18                  IBUFDS (Prop_ibufds_I_O)     0.940     8.940 r  system_i/pll_0/inst/clkin1_ibufgds/O
                         net (fo=1, routed)           1.181    10.121    system_i/pll_0/inst/clk_in1_system_pll_0_0
    PLLE2_ADV_X0Y0       PLLE2_ADV (Prop_plle2_adv_CLKIN1_CLKOUT0)
                                                     -7.650     2.470 r  system_i/pll_0/inst/plle2_adv_inst/CLKOUT0
                         net (fo=1, routed)           1.594     4.065    system_i/pll_0/inst/clk_out1_system_pll_0_0
    BUFGCTRL_X0Y0        BUFG (Prop_bufg_I_O)         0.091     4.156 r  system_i/pll_0/inst/clkout1_buf/O
                         net (fo=5704, routed)        1.582     5.737    system_i/iir2nd/iir_filter_2nd_order_0/inst/clk
    DSP48_X0Y10          DSP48E1                                      r  system_i/iir2nd/iir_filter_2nd_order_0/inst/a1_y1__1/CLK
                         clock pessimism             -0.530     5.207    
                         clock uncertainty           -0.069     5.138    
    DSP48_X0Y10          DSP48E1 (Setup_dsp48e1_CLK_A[13])
                                                     -0.545     4.593    system_i/iir2nd/iir_filter_2nd_order_0/inst/a1_y1__1
  -------------------------------------------------------------------
                         required time                          4.593    
                         arrival time                         -10.807    
  -------------------------------------------------------------------
                         slack                                 -6.214    

Slack (VIOLATED) :        -6.172ns  (required time - arrival time)
  Source:                 system_i/iir2nd/iir_filter_2nd_order_0/inst/a2_y2__1/CLK
                            (rising edge-triggered cell DSP48E1 clocked by clk_out1_system_pll_0_0  {rise@0.000ns fall@4.000ns period=8.000ns})
  Destination:            system_i/iir2nd/iir_filter_2nd_order_0/inst/a1_y1_carry__3_i_3_psdsp_8/D
                            (rising edge-triggered cell FDRE clocked by clk_out1_system_pll_0_0  {rise@0.000ns fall@4.000ns period=8.000ns})
  Path Group:             clk_out1_system_pll_0_0
  Path Type:              Setup (Max at Slow Process Corner)
  Requirement:            8.000ns  (clk_out1_system_pll_0_0 rise@8.000ns - clk_out1_system_pll_0_0 rise@0.000ns)
  Data Path Delay:        13.603ns  (logic 9.390ns (69.028%)  route 4.213ns (30.972%))
  Logic Levels:           15  (CARRY4=11 DSP48E1=1 LUT2=1 LUT3=2)
  Clock Path Skew:        -0.236ns (DCD - SCD + CPR)
    Destination Clock Delay (DCD):    -2.342ns = ( 5.658 - 8.000 ) 
    Source Clock Delay      (SCD):    -2.636ns
    Clock Pessimism Removal (CPR):    -0.530ns
  Clock Uncertainty:      0.069ns  ((TSJ^2 + DJ^2)^1/2) / 2 + PE
    Total System Jitter     (TSJ):    0.071ns
    Discrete Jitter          (DJ):    0.119ns
    Phase Error              (PE):    0.000ns

    Location             Delay type                Incr(ns)  Path(ns)    Netlist Resource(s)
  -------------------------------------------------------------------    -------------------
                         (clock clk_out1_system_pll_0_0 rise edge)
                                                      0.000     0.000 r  
    U18                                               0.000     0.000 r  adc_clk_p_i (IN)
                         net (fo=0)                   0.000     0.000    system_i/pll_0/inst/clk_in1_p
    U18                  IBUFDS (Prop_ibufds_I_O)     0.983     0.983 r  system_i/pll_0/inst/clkin1_ibufgds/O
                         net (fo=1, routed)           1.306     2.289    system_i/pll_0/inst/clk_in1_system_pll_0_0
    PLLE2_ADV_X0Y0       PLLE2_ADV (Prop_plle2_adv_CLKIN1_CLKOUT0)
                                                     -8.533    -6.244 r  system_i/pll_0/inst/plle2_adv_inst/CLKOUT0
                         net (fo=1, routed)           1.754    -4.490    system_i/pll_0/inst/clk_out1_system_pll_0_0
    BUFGCTRL_X0Y0        BUFG (Prop_bufg_I_O)         0.101    -4.389 r  system_i/pll_0/inst/clkout1_buf/O
                         net (fo=5704, routed)        1.753    -2.636    system_i/iir2nd/iir_filter_2nd_order_0/inst/clk
    DSP48_X1Y12          DSP48E1                                      r  system_i/iir2nd/iir_filter_2nd_order_0/inst/a2_y2__1/CLK
  -------------------------------------------------------------------    -------------------
    DSP48_X1Y12          DSP48E1 (Prop_dsp48e1_CLK_PCOUT[47])
                                                      4.206     1.570 r  system_i/iir2nd/iir_filter_2nd_order_0/inst/a2_y2__1/PCOUT[47]
                         net (fo=1, routed)           0.002     1.572    system_i/iir2nd/iir_filter_2nd_order_0/inst/a2_y2__1_n_106
    DSP48_X1Y13          DSP48E1 (Prop_dsp48e1_PCIN[47]_P[4])
                                                      1.518     3.090 r  system_i/iir2nd/iir_filter_2nd_order_0/inst/a2_y2__19/P[4]
                         net (fo=2, routed)           1.039     4.129    system_i/iir2nd/iir_filter_2nd_order_0/inst/a2_y2__19_n_101
    SLICE_X25Y30         LUT2 (Prop_lut2_I0_O)        0.124     4.253 r  system_i/iir2nd/iir_filter_2nd_order_0/inst/a2_y2_carry__0_i_3/O
                         net (fo=1, routed)           0.000     4.253    system_i/iir2nd/iir_filter_2nd_order_0/inst/a2_y2_carry__0_i_3_n_0
    SLICE_X25Y30         CARRY4 (Prop_carry4_S[1]_CO[3])
                                                      0.550     4.803 r  system_i/iir2nd/iir_filter_2nd_order_0/inst/a2_y2_carry__0/CO[3]
                         net (fo=1, routed)           0.000     4.803    system_i/iir2nd/iir_filter_2nd_order_0/inst/a2_y2_carry__0_n_0
    SLICE_X25Y31         CARRY4 (Prop_carry4_CI_CO[3])
                                                      0.114     4.917 r  system_i/iir2nd/iir_filter_2nd_order_0/inst/a2_y2_carry__1/CO[3]
                         net (fo=1, routed)           0.000     4.917    system_i/iir2nd/iir_filter_2nd_order_0/inst/a2_y2_carry__1_n_0
    SLICE_X25Y32         CARRY4 (Prop_carry4_CI_CO[3])
                                                      0.114     5.031 r  system_i/iir2nd/iir_filter_2nd_order_0/inst/a2_y2_carry__2/CO[3]
                         net (fo=1, routed)           0.000     5.031    system_i/iir2nd/iir_filter_2nd_order_0/inst/a2_y2_carry__2_n_0
    SLICE_X25Y33         CARRY4 (Prop_carry4_CI_O[1])
                                                      0.334     5.365 f  system_i/iir2nd/iir_filter_2nd_order_0/inst/a2_y2_carry__3/O[1]
                         net (fo=3, routed)           0.830     6.195    system_i/iir2nd/iir_filter_2nd_order_0/inst/a2_y2__37[33]
    SLICE_X19Y33         LUT3 (Prop_lut3_I1_O)        0.303     6.498 r  system_i/iir2nd/iir_filter_2nd_order_0/inst/acc__0_carry__7_i_2/O
                         net (fo=1, routed)           0.472     6.969    system_i/iir2nd/iir_filter_2nd_order_0/inst/acc__0_carry__7_i_2_n_0
    SLICE_X14Y33         CARRY4 (Prop_carry4_DI[2]_CO[3])
                                                      0.398     7.367 r  system_i/iir2nd/iir_filter_2nd_order_0/inst/acc__0_carry__7/CO[3]
                         net (fo=1, routed)           0.000     7.367    system_i/iir2nd/iir_filter_2nd_order_0/inst/acc__0_carry__7_n_0
    SLICE_X14Y34         CARRY4 (Prop_carry4_CI_O[1])
                                                      0.334     7.701 r  system_i/iir2nd/iir_filter_2nd_order_0/inst/acc__0_carry__8/O[1]
                         net (fo=3, routed)           0.731     8.432    system_i/iir2nd/iir_filter_2nd_order_0/inst/acc__0_carry__8_n_6
    SLICE_X13Y32         LUT3 (Prop_lut3_I0_O)        0.303     8.735 r  system_i/iir2nd/iir_filter_2nd_order_0/inst/acc__184_carry__8_i_2/O
                         net (fo=1, routed)           0.472     9.207    system_i/iir2nd/iir_filter_2nd_order_0/inst/acc__184_carry__8_i_2_n_0
    SLICE_X12Y31         CARRY4 (Prop_carry4_DI[2]_CO[3])
                                                      0.404     9.611 r  system_i/iir2nd/iir_filter_2nd_order_0/inst/acc__184_carry__8/CO[3]
                         net (fo=1, routed)           0.000     9.611    system_i/iir2nd/iir_filter_2nd_order_0/inst/acc__184_carry__8_n_0
    SLICE_X12Y32         CARRY4 (Prop_carry4_CI_CO[3])
                                                      0.117     9.728 r  system_i/iir2nd/iir_filter_2nd_order_0/inst/acc__184_carry__9/CO[3]
                         net (fo=1, routed)           0.000     9.728    system_i/iir2nd/iir_filter_2nd_order_0/inst/acc__184_carry__9_n_0
    SLICE_X12Y33         CARRY4 (Prop_carry4_CI_CO[3])
                                                      0.117     9.845 r  system_i/iir2nd/iir_filter_2nd_order_0/inst/acc__184_carry__10/CO[3]
                         net (fo=1, routed)           0.000     9.845    system_i/iir2nd/iir_filter_2nd_order_0/inst/acc__184_carry__10_n_0
    SLICE_X12Y34         CARRY4 (Prop_carry4_CI_CO[3])
                                                      0.117     9.962 r  system_i/iir2nd/iir_filter_2nd_order_0/inst/acc__184_carry__11/CO[3]
                         net (fo=1, routed)           0.000     9.962    system_i/iir2nd/iir_filter_2nd_order_0/inst/acc__184_carry__11_n_0
    SLICE_X12Y35         CARRY4 (Prop_carry4_CI_O[1])
                                                      0.337    10.299 r  system_i/iir2nd/iir_filter_2nd_order_0/inst/acc__184_carry__12/O[1]
                         net (fo=5, routed)           0.667    10.967    system_i/iir2nd/iir_filter_2nd_order_0/inst/y[23]
    SLICE_X9Y36          FDRE                                         r  system_i/iir2nd/iir_filter_2nd_order_0/inst/a1_y1_carry__3_i_3_psdsp_8/D
  -------------------------------------------------------------------    -------------------

                         (clock clk_out1_system_pll_0_0 rise edge)
                                                      8.000     8.000 r  
    U18                                               0.000     8.000 r  adc_clk_p_i (IN)
                         net (fo=0)                   0.000     8.000    system_i/pll_0/inst/clk_in1_p
    U18                  IBUFDS (Prop_ibufds_I_O)     0.940     8.940 r  system_i/pll_0/inst/clkin1_ibufgds/O
                         net (fo=1, routed)           1.181    10.121    system_i/pll_0/inst/clk_in1_system_pll_0_0
    PLLE2_ADV_X0Y0       PLLE2_ADV (Prop_plle2_adv_CLKIN1_CLKOUT0)
                                                     -7.650     2.470 r  system_i/pll_0/inst/plle2_adv_inst/CLKOUT0
                         net (fo=1, routed)           1.594     4.065    system_i/pll_0/inst/clk_out1_system_pll_0_0
    BUFGCTRL_X0Y0        BUFG (Prop_bufg_I_O)         0.091     4.156 r  system_i/pll_0/inst/clkout1_buf/O
                         net (fo=5704, routed)        1.502     5.658    system_i/iir2nd/iir_filter_2nd_order_0/inst/clk
    SLICE_X9Y36          FDRE                                         r  system_i/iir2nd/iir_filter_2nd_order_0/inst/a1_y1_carry__3_i_3_psdsp_8/C
                         clock pessimism             -0.530     5.128    
                         clock uncertainty           -0.069     5.058    
    SLICE_X9Y36          FDRE (Setup_fdre_C_D)       -0.263     4.795    system_i/iir2nd/iir_filter_2nd_order_0/inst/a1_y1_carry__3_i_3_psdsp_8
  -------------------------------------------------------------------
                         required time                          4.795    
                         arrival time                         -10.967    
  -------------------------------------------------------------------
                         slack                                 -6.172    

Slack (VIOLATED) :        -6.165ns  (required time - arrival time)
  Source:                 system_i/iir2nd/iir_filter_2nd_order_0/inst/a2_y2__1/CLK
                            (rising edge-triggered cell DSP48E1 clocked by clk_out1_system_pll_0_0  {rise@0.000ns fall@4.000ns period=8.000ns})
  Destination:            system_i/iir2nd/iir_filter_2nd_order_0/inst/a1_y1_carry__3_i_3_psdsp_4/D
                            (rising edge-triggered cell FDRE clocked by clk_out1_system_pll_0_0  {rise@0.000ns fall@4.000ns period=8.000ns})
  Path Group:             clk_out1_system_pll_0_0
  Path Type:              Setup (Max at Slow Process Corner)
  Requirement:            8.000ns  (clk_out1_system_pll_0_0 rise@8.000ns - clk_out1_system_pll_0_0 rise@0.000ns)
  Data Path Delay:        13.620ns  (logic 9.507ns (69.802%)  route 4.113ns (30.198%))
  Logic Levels:           16  (CARRY4=12 DSP48E1=1 LUT2=1 LUT3=2)
  Clock Path Skew:        -0.236ns (DCD - SCD + CPR)
    Destination Clock Delay (DCD):    -2.342ns = ( 5.658 - 8.000 ) 
    Source Clock Delay      (SCD):    -2.636ns
    Clock Pessimism Removal (CPR):    -0.530ns
  Clock Uncertainty:      0.069ns  ((TSJ^2 + DJ^2)^1/2) / 2 + PE
    Total System Jitter     (TSJ):    0.071ns
    Discrete Jitter          (DJ):    0.119ns
    Phase Error              (PE):    0.000ns

    Location             Delay type                Incr(ns)  Path(ns)    Netlist Resource(s)
  -------------------------------------------------------------------    -------------------
                         (clock clk_out1_system_pll_0_0 rise edge)
                                                      0.000     0.000 r  
    U18                                               0.000     0.000 r  adc_clk_p_i (IN)
                         net (fo=0)                   0.000     0.000    system_i/pll_0/inst/clk_in1_p
    U18                  IBUFDS (Prop_ibufds_I_O)     0.983     0.983 r  system_i/pll_0/inst/clkin1_ibufgds/O
                         net (fo=1, routed)           1.306     2.289    system_i/pll_0/inst/clk_in1_system_pll_0_0
    PLLE2_ADV_X0Y0       PLLE2_ADV (Prop_plle2_adv_CLKIN1_CLKOUT0)
                                                     -8.533    -6.244 r  system_i/pll_0/inst/plle2_adv_inst/CLKOUT0
                         net (fo=1, routed)           1.754    -4.490    system_i/pll_0/inst/clk_out1_system_pll_0_0
    BUFGCTRL_X0Y0        BUFG (Prop_bufg_I_O)         0.101    -4.389 r  system_i/pll_0/inst/clkout1_buf/O
                         net (fo=5704, routed)        1.753    -2.636    system_i/iir2nd/iir_filter_2nd_order_0/inst/clk
    DSP48_X1Y12          DSP48E1                                      r  system_i/iir2nd/iir_filter_2nd_order_0/inst/a2_y2__1/CLK
  -------------------------------------------------------------------    -------------------
    DSP48_X1Y12          DSP48E1 (Prop_dsp48e1_CLK_PCOUT[47])
                                                      4.206     1.570 r  system_i/iir2nd/iir_filter_2nd_order_0/inst/a2_y2__1/PCOUT[47]
                         net (fo=1, routed)           0.002     1.572    system_i/iir2nd/iir_filter_2nd_order_0/inst/a2_y2__1_n_106
    DSP48_X1Y13          DSP48E1 (Prop_dsp48e1_PCIN[47]_P[4])
                                                      1.518     3.090 r  system_i/iir2nd/iir_filter_2nd_order_0/inst/a2_y2__19/P[4]
                         net (fo=2, routed)           1.039     4.129    system_i/iir2nd/iir_filter_2nd_order_0/inst/a2_y2__19_n_101
    SLICE_X25Y30         LUT2 (Prop_lut2_I0_O)        0.124     4.253 r  system_i/iir2nd/iir_filter_2nd_order_0/inst/a2_y2_carry__0_i_3/O
                         net (fo=1, routed)           0.000     4.253    system_i/iir2nd/iir_filter_2nd_order_0/inst/a2_y2_carry__0_i_3_n_0
    SLICE_X25Y30         CARRY4 (Prop_carry4_S[1]_CO[3])
                                                      0.550     4.803 r  system_i/iir2nd/iir_filter_2nd_order_0/inst/a2_y2_carry__0/CO[3]
                         net (fo=1, routed)           0.000     4.803    system_i/iir2nd/iir_filter_2nd_order_0/inst/a2_y2_carry__0_n_0
    SLICE_X25Y31         CARRY4 (Prop_carry4_CI_CO[3])
                                                      0.114     4.917 r  system_i/iir2nd/iir_filter_2nd_order_0/inst/a2_y2_carry__1/CO[3]
                         net (fo=1, routed)           0.000     4.917    system_i/iir2nd/iir_filter_2nd_order_0/inst/a2_y2_carry__1_n_0
    SLICE_X25Y32         CARRY4 (Prop_carry4_CI_CO[3])
                                                      0.114     5.031 r  system_i/iir2nd/iir_filter_2nd_order_0/inst/a2_y2_carry__2/CO[3]
                         net (fo=1, routed)           0.000     5.031    system_i/iir2nd/iir_filter_2nd_order_0/inst/a2_y2_carry__2_n_0
    SLICE_X25Y33         CARRY4 (Prop_carry4_CI_O[1])
                                                      0.334     5.365 f  system_i/iir2nd/iir_filter_2nd_order_0/inst/a2_y2_carry__3/O[1]
                         net (fo=3, routed)           0.830     6.195    system_i/iir2nd/iir_filter_2nd_order_0/inst/a2_y2__37[33]
    SLICE_X19Y33         LUT3 (Prop_lut3_I1_O)        0.303     6.498 r  system_i/iir2nd/iir_filter_2nd_order_0/inst/acc__0_carry__7_i_2/O
                         net (fo=1, routed)           0.472     6.969    system_i/iir2nd/iir_filter_2nd_order_0/inst/acc__0_carry__7_i_2_n_0
    SLICE_X14Y33         CARRY4 (Prop_carry4_DI[2]_CO[3])
                                                      0.398     7.367 r  system_i/iir2nd/iir_filter_2nd_order_0/inst/acc__0_carry__7/CO[3]
                         net (fo=1, routed)           0.000     7.367    system_i/iir2nd/iir_filter_2nd_order_0/inst/acc__0_carry__7_n_0
    SLICE_X14Y34         CARRY4 (Prop_carry4_CI_O[1])
                                                      0.334     7.701 r  system_i/iir2nd/iir_filter_2nd_order_0/inst/acc__0_carry__8/O[1]
                         net (fo=3, routed)           0.731     8.432    system_i/iir2nd/iir_filter_2nd_order_0/inst/acc__0_carry__8_n_6
    SLICE_X13Y32         LUT3 (Prop_lut3_I0_O)        0.303     8.735 r  system_i/iir2nd/iir_filter_2nd_order_0/inst/acc__184_carry__8_i_2/O
                         net (fo=1, routed)           0.472     9.207    system_i/iir2nd/iir_filter_2nd_order_0/inst/acc__184_carry__8_i_2_n_0
    SLICE_X12Y31         CARRY4 (Prop_carry4_DI[2]_CO[3])
                                                      0.404     9.611 r  system_i/iir2nd/iir_filter_2nd_order_0/inst/acc__184_carry__8/CO[3]
                         net (fo=1, routed)           0.000     9.611    system_i/iir2nd/iir_filter_2nd_order_0/inst/acc__184_carry__8_n_0
    SLICE_X12Y32         CARRY4 (Prop_carry4_CI_CO[3])
                                                      0.117     9.728 r  system_i/iir2nd/iir_filter_2nd_order_0/inst/acc__184_carry__9/CO[3]
                         net (fo=1, routed)           0.000     9.728    system_i/iir2nd/iir_filter_2nd_order_0/inst/acc__184_carry__9_n_0
    SLICE_X12Y33         CARRY4 (Prop_carry4_CI_CO[3])
                                                      0.117     9.845 r  system_i/iir2nd/iir_filter_2nd_order_0/inst/acc__184_carry__10/CO[3]
                         net (fo=1, routed)           0.000     9.845    system_i/iir2nd/iir_filter_2nd_order_0/inst/acc__184_carry__10_n_0
    SLICE_X12Y34         CARRY4 (Prop_carry4_CI_CO[3])
                                                      0.117     9.962 r  system_i/iir2nd/iir_filter_2nd_order_0/inst/acc__184_carry__11/CO[3]
                         net (fo=1, routed)           0.000     9.962    system_i/iir2nd/iir_filter_2nd_order_0/inst/acc__184_carry__11_n_0
    SLICE_X12Y35         CARRY4 (Prop_carry4_CI_CO[3])
                                                      0.117    10.079 r  system_i/iir2nd/iir_filter_2nd_order_0/inst/acc__184_carry__12/CO[3]
                         net (fo=1, routed)           0.000    10.079    system_i/iir2nd/iir_filter_2nd_order_0/inst/acc__184_carry__12_n_0
    SLICE_X12Y36         CARRY4 (Prop_carry4_CI_O[1])
                                                      0.337    10.416 r  system_i/iir2nd/iir_filter_2nd_order_0/inst/acc__184_carry__13/O[1]
                         net (fo=5, routed)           0.567    10.984    system_i/iir2nd/iir_filter_2nd_order_0/inst/y[27]
    SLICE_X9Y36          FDRE                                         r  system_i/iir2nd/iir_filter_2nd_order_0/inst/a1_y1_carry__3_i_3_psdsp_4/D
  -------------------------------------------------------------------    -------------------

                         (clock clk_out1_system_pll_0_0 rise edge)
                                                      8.000     8.000 r  
    U18                                               0.000     8.000 r  adc_clk_p_i (IN)
                         net (fo=0)                   0.000     8.000    system_i/pll_0/inst/clk_in1_p
    U18                  IBUFDS (Prop_ibufds_I_O)     0.940     8.940 r  system_i/pll_0/inst/clkin1_ibufgds/O
                         net (fo=1, routed)           1.181    10.121    system_i/pll_0/inst/clk_in1_system_pll_0_0
    PLLE2_ADV_X0Y0       PLLE2_ADV (Prop_plle2_adv_CLKIN1_CLKOUT0)
                                                     -7.650     2.470 r  system_i/pll_0/inst/plle2_adv_inst/CLKOUT0
                         net (fo=1, routed)           1.594     4.065    system_i/pll_0/inst/clk_out1_system_pll_0_0
    BUFGCTRL_X0Y0        BUFG (Prop_bufg_I_O)         0.091     4.156 r  system_i/pll_0/inst/clkout1_buf/O
                         net (fo=5704, routed)        1.502     5.658    system_i/iir2nd/iir_filter_2nd_order_0/inst/clk
    SLICE_X9Y36          FDRE                                         r  system_i/iir2nd/iir_filter_2nd_order_0/inst/a1_y1_carry__3_i_3_psdsp_4/C
                         clock pessimism             -0.530     5.128    
                         clock uncertainty           -0.069     5.058    
    SLICE_X9Y36          FDRE (Setup_fdre_C_D)       -0.240     4.818    system_i/iir2nd/iir_filter_2nd_order_0/inst/a1_y1_carry__3_i_3_psdsp_4
  -------------------------------------------------------------------
                         required time                          4.818    
                         arrival time                         -10.984    
  -------------------------------------------------------------------
                         slack                                 -6.165    

Slack (VIOLATED) :        -6.149ns  (required time - arrival time)
  Source:                 system_i/iir2nd/iir_filter_2nd_order_0/inst/a2_y2__1/CLK
                            (rising edge-triggered cell DSP48E1 clocked by clk_out1_system_pll_0_0  {rise@0.000ns fall@4.000ns period=8.000ns})
  Destination:            system_i/iir2nd/iir_filter_2nd_order_0/inst/a1_y1__1/A[11]
                            (rising edge-triggered cell DSP48E1 clocked by clk_out1_system_pll_0_0  {rise@0.000ns fall@4.000ns period=8.000ns})
  Path Group:             clk_out1_system_pll_0_0
  Path Type:              Setup (Max at Slow Process Corner)
  Requirement:            8.000ns  (clk_out1_system_pll_0_0 rise@8.000ns - clk_out1_system_pll_0_0 rise@0.000ns)
  Data Path Delay:        13.379ns  (logic 9.039ns (67.559%)  route 4.340ns (32.441%))
  Logic Levels:           12  (CARRY4=8 DSP48E1=1 LUT2=1 LUT3=2)
  Clock Path Skew:        -0.157ns (DCD - SCD + CPR)
    Destination Clock Delay (DCD):    -2.263ns = ( 5.737 - 8.000 ) 
    Source Clock Delay      (SCD):    -2.636ns
    Clock Pessimism Removal (CPR):    -0.530ns
  Clock Uncertainty:      0.069ns  ((TSJ^2 + DJ^2)^1/2) / 2 + PE
    Total System Jitter     (TSJ):    0.071ns
    Discrete Jitter          (DJ):    0.119ns
    Phase Error              (PE):    0.000ns

    Location             Delay type                Incr(ns)  Path(ns)    Netlist Resource(s)
  -------------------------------------------------------------------    -------------------
                         (clock clk_out1_system_pll_0_0 rise edge)
                                                      0.000     0.000 r  
    U18                                               0.000     0.000 r  adc_clk_p_i (IN)
                         net (fo=0)                   0.000     0.000    system_i/pll_0/inst/clk_in1_p
    U18                  IBUFDS (Prop_ibufds_I_O)     0.983     0.983 r  system_i/pll_0/inst/clkin1_ibufgds/O
                         net (fo=1, routed)           1.306     2.289    system_i/pll_0/inst/clk_in1_system_pll_0_0
    PLLE2_ADV_X0Y0       PLLE2_ADV (Prop_plle2_adv_CLKIN1_CLKOUT0)
                                                     -8.533    -6.244 r  system_i/pll_0/inst/plle2_adv_inst/CLKOUT0
                         net (fo=1, routed)           1.754    -4.490    system_i/pll_0/inst/clk_out1_system_pll_0_0
    BUFGCTRL_X0Y0        BUFG (Prop_bufg_I_O)         0.101    -4.389 r  system_i/pll_0/inst/clkout1_buf/O
                         net (fo=5704, routed)        1.753    -2.636    system_i/iir2nd/iir_filter_2nd_order_0/inst/clk
    DSP48_X1Y12          DSP48E1                                      r  system_i/iir2nd/iir_filter_2nd_order_0/inst/a2_y2__1/CLK
  -------------------------------------------------------------------    -------------------
    DSP48_X1Y12          DSP48E1 (Prop_dsp48e1_CLK_PCOUT[47])
                                                      4.206     1.570 r  system_i/iir2nd/iir_filter_2nd_order_0/inst/a2_y2__1/PCOUT[47]
                         net (fo=1, routed)           0.002     1.572    system_i/iir2nd/iir_filter_2nd_order_0/inst/a2_y2__1_n_106
    DSP48_X1Y13          DSP48E1 (Prop_dsp48e1_PCIN[47]_P[4])
                                                      1.518     3.090 r  system_i/iir2nd/iir_filter_2nd_order_0/inst/a2_y2__19/P[4]
                         net (fo=2, routed)           1.039     4.129    system_i/iir2nd/iir_filter_2nd_order_0/inst/a2_y2__19_n_101
    SLICE_X25Y30         LUT2 (Prop_lut2_I0_O)        0.124     4.253 r  system_i/iir2nd/iir_filter_2nd_order_0/inst/a2_y2_carry__0_i_3/O
                         net (fo=1, routed)           0.000     4.253    system_i/iir2nd/iir_filter_2nd_order_0/inst/a2_y2_carry__0_i_3_n_0
    SLICE_X25Y30         CARRY4 (Prop_carry4_S[1]_CO[3])
                                                      0.550     4.803 r  system_i/iir2nd/iir_filter_2nd_order_0/inst/a2_y2_carry__0/CO[3]
                         net (fo=1, routed)           0.000     4.803    system_i/iir2nd/iir_filter_2nd_order_0/inst/a2_y2_carry__0_n_0
    SLICE_X25Y31         CARRY4 (Prop_carry4_CI_CO[3])
                                                      0.114     4.917 r  system_i/iir2nd/iir_filter_2nd_order_0/inst/a2_y2_carry__1/CO[3]
                         net (fo=1, routed)           0.000     4.917    system_i/iir2nd/iir_filter_2nd_order_0/inst/a2_y2_carry__1_n_0
    SLICE_X25Y32         CARRY4 (Prop_carry4_CI_CO[3])
                                                      0.114     5.031 r  system_i/iir2nd/iir_filter_2nd_order_0/inst/a2_y2_carry__2/CO[3]
                         net (fo=1, routed)           0.000     5.031    system_i/iir2nd/iir_filter_2nd_order_0/inst/a2_y2_carry__2_n_0
    SLICE_X25Y33         CARRY4 (Prop_carry4_CI_O[1])
                                                      0.334     5.365 f  system_i/iir2nd/iir_filter_2nd_order_0/inst/a2_y2_carry__3/O[1]
                         net (fo=3, routed)           0.830     6.195    system_i/iir2nd/iir_filter_2nd_order_0/inst/a2_y2__37[33]
    SLICE_X19Y33         LUT3 (Prop_lut3_I1_O)        0.303     6.498 r  system_i/iir2nd/iir_filter_2nd_order_0/inst/acc__0_carry__7_i_2/O
                         net (fo=1, routed)           0.472     6.969    system_i/iir2nd/iir_filter_2nd_order_0/inst/acc__0_carry__7_i_2_n_0
    SLICE_X14Y33         CARRY4 (Prop_carry4_DI[2]_CO[3])
                                                      0.398     7.367 r  system_i/iir2nd/iir_filter_2nd_order_0/inst/acc__0_carry__7/CO[3]
                         net (fo=1, routed)           0.000     7.367    system_i/iir2nd/iir_filter_2nd_order_0/inst/acc__0_carry__7_n_0
    SLICE_X14Y34         CARRY4 (Prop_carry4_CI_O[1])
                                                      0.334     7.701 r  system_i/iir2nd/iir_filter_2nd_order_0/inst/acc__0_carry__8/O[1]
                         net (fo=3, routed)           0.731     8.432    system_i/iir2nd/iir_filter_2nd_order_0/inst/acc__0_carry__8_n_6
    SLICE_X13Y32         LUT3 (Prop_lut3_I0_O)        0.303     8.735 r  system_i/iir2nd/iir_filter_2nd_order_0/inst/acc__184_carry__8_i_2/O
                         net (fo=1, routed)           0.472     9.207    system_i/iir2nd/iir_filter_2nd_order_0/inst/acc__184_carry__8_i_2_n_0
    SLICE_X12Y31         CARRY4 (Prop_carry4_DI[2]_CO[3])
                                                      0.404     9.611 r  system_i/iir2nd/iir_filter_2nd_order_0/inst/acc__184_carry__8/CO[3]
                         net (fo=1, routed)           0.000     9.611    system_i/iir2nd/iir_filter_2nd_order_0/inst/acc__184_carry__8_n_0
    SLICE_X12Y32         CARRY4 (Prop_carry4_CI_O[1])
                                                      0.337     9.948 r  system_i/iir2nd/iir_filter_2nd_order_0/inst/acc__184_carry__9/O[1]
                         net (fo=5, routed)           0.795    10.743    system_i/iir2nd/iir_filter_2nd_order_0/inst/y[11]
    DSP48_X0Y10          DSP48E1                                      r  system_i/iir2nd/iir_filter_2nd_order_0/inst/a1_y1__1/A[11]
  -------------------------------------------------------------------    -------------------

                         (clock clk_out1_system_pll_0_0 rise edge)
                                                      8.000     8.000 r  
    U18                                               0.000     8.000 r  adc_clk_p_i (IN)
                         net (fo=0)                   0.000     8.000    system_i/pll_0/inst/clk_in1_p
    U18                  IBUFDS (Prop_ibufds_I_O)     0.940     8.940 r  system_i/pll_0/inst/clkin1_ibufgds/O
                         net (fo=1, routed)           1.181    10.121    system_i/pll_0/inst/clk_in1_system_pll_0_0
    PLLE2_ADV_X0Y0       PLLE2_ADV (Prop_plle2_adv_CLKIN1_CLKOUT0)
                                                     -7.650     2.470 r  system_i/pll_0/inst/plle2_adv_inst/CLKOUT0
                         net (fo=1, routed)           1.594     4.065    system_i/pll_0/inst/clk_out1_system_pll_0_0
    BUFGCTRL_X0Y0        BUFG (Prop_bufg_I_O)         0.091     4.156 r  system_i/pll_0/inst/clkout1_buf/O
                         net (fo=5704, routed)        1.582     5.737    system_i/iir2nd/iir_filter_2nd_order_0/inst/clk
    DSP48_X0Y10          DSP48E1                                      r  system_i/iir2nd/iir_filter_2nd_order_0/inst/a1_y1__1/CLK
                         clock pessimism             -0.530     5.207    
                         clock uncertainty           -0.069     5.138    
    DSP48_X0Y10          DSP48E1 (Setup_dsp48e1_CLK_A[11])
                                                     -0.544     4.594    system_i/iir2nd/iir_filter_2nd_order_0/inst/a1_y1__1
  -------------------------------------------------------------------
                         required time                          4.594    
                         arrival time                         -10.743    
  -------------------------------------------------------------------
                         slack                                 -6.149    

Slack (VIOLATED) :        -6.139ns  (required time - arrival time)
  Source:                 system_i/iir2nd/iir_filter_2nd_order_0/inst/a2_y2__1/CLK
                            (rising edge-triggered cell DSP48E1 clocked by clk_out1_system_pll_0_0  {rise@0.000ns fall@4.000ns period=8.000ns})
  Destination:            system_i/iir2nd/iir_filter_2nd_order_0/inst/a1_y1_carry__3_i_3_psdsp_6/D
                            (rising edge-triggered cell FDRE clocked by clk_out1_system_pll_0_0  {rise@0.000ns fall@4.000ns period=8.000ns})
  Path Group:             clk_out1_system_pll_0_0
  Path Type:              Setup (Max at Slow Process Corner)
  Requirement:            8.000ns  (clk_out1_system_pll_0_0 rise@8.000ns - clk_out1_system_pll_0_0 rise@0.000ns)
  Data Path Delay:        13.558ns  (logic 9.384ns (69.214%)  route 4.174ns (30.786%))
  Logic Levels:           15  (CARRY4=11 DSP48E1=1 LUT2=1 LUT3=2)
  Clock Path Skew:        -0.236ns (DCD - SCD + CPR)
    Destination Clock Delay (DCD):    -2.342ns = ( 5.658 - 8.000 ) 
    Source Clock Delay      (SCD):    -2.636ns
    Clock Pessimism Removal (CPR):    -0.530ns
  Clock Uncertainty:      0.069ns  ((TSJ^2 + DJ^2)^1/2) / 2 + PE
    Total System Jitter     (TSJ):    0.071ns
    Discrete Jitter          (DJ):    0.119ns
    Phase Error              (PE):    0.000ns

    Location             Delay type                Incr(ns)  Path(ns)    Netlist Resource(s)
  -------------------------------------------------------------------    -------------------
                         (clock clk_out1_system_pll_0_0 rise edge)
                                                      0.000     0.000 r  
    U18                                               0.000     0.000 r  adc_clk_p_i (IN)
                         net (fo=0)                   0.000     0.000    system_i/pll_0/inst/clk_in1_p
    U18                  IBUFDS (Prop_ibufds_I_O)     0.983     0.983 r  system_i/pll_0/inst/clkin1_ibufgds/O
                         net (fo=1, routed)           1.306     2.289    system_i/pll_0/inst/clk_in1_system_pll_0_0
    PLLE2_ADV_X0Y0       PLLE2_ADV (Prop_plle2_adv_CLKIN1_CLKOUT0)
                                                     -8.533    -6.244 r  system_i/pll_0/inst/plle2_adv_inst/CLKOUT0
                         net (fo=1, routed)           1.754    -4.490    system_i/pll_0/inst/clk_out1_system_pll_0_0
    BUFGCTRL_X0Y0        BUFG (Prop_bufg_I_O)         0.101    -4.389 r  system_i/pll_0/inst/clkout1_buf/O
                         net (fo=5704, routed)        1.753    -2.636    system_i/iir2nd/iir_filter_2nd_order_0/inst/clk
    DSP48_X1Y12          DSP48E1                                      r  system_i/iir2nd/iir_filter_2nd_order_0/inst/a2_y2__1/CLK
  -------------------------------------------------------------------    -------------------
    DSP48_X1Y12          DSP48E1 (Prop_dsp48e1_CLK_PCOUT[47])
                                                      4.206     1.570 r  system_i/iir2nd/iir_filter_2nd_order_0/inst/a2_y2__1/PCOUT[47]
                         net (fo=1, routed)           0.002     1.572    system_i/iir2nd/iir_filter_2nd_order_0/inst/a2_y2__1_n_106
    DSP48_X1Y13          DSP48E1 (Prop_dsp48e1_PCIN[47]_P[4])
                                                      1.518     3.090 r  system_i/iir2nd/iir_filter_2nd_order_0/inst/a2_y2__19/P[4]
                         net (fo=2, routed)           1.039     4.129    system_i/iir2nd/iir_filter_2nd_order_0/inst/a2_y2__19_n_101
    SLICE_X25Y30         LUT2 (Prop_lut2_I0_O)        0.124     4.253 r  system_i/iir2nd/iir_filter_2nd_order_0/inst/a2_y2_carry__0_i_3/O
                         net (fo=1, routed)           0.000     4.253    system_i/iir2nd/iir_filter_2nd_order_0/inst/a2_y2_carry__0_i_3_n_0
    SLICE_X25Y30         CARRY4 (Prop_carry4_S[1]_CO[3])
                                                      0.550     4.803 r  system_i/iir2nd/iir_filter_2nd_order_0/inst/a2_y2_carry__0/CO[3]
                         net (fo=1, routed)           0.000     4.803    system_i/iir2nd/iir_filter_2nd_order_0/inst/a2_y2_carry__0_n_0
    SLICE_X25Y31         CARRY4 (Prop_carry4_CI_CO[3])
                                                      0.114     4.917 r  system_i/iir2nd/iir_filter_2nd_order_0/inst/a2_y2_carry__1/CO[3]
                         net (fo=1, routed)           0.000     4.917    system_i/iir2nd/iir_filter_2nd_order_0/inst/a2_y2_carry__1_n_0
    SLICE_X25Y32         CARRY4 (Prop_carry4_CI_CO[3])
                                                      0.114     5.031 r  system_i/iir2nd/iir_filter_2nd_order_0/inst/a2_y2_carry__2/CO[3]
                         net (fo=1, routed)           0.000     5.031    system_i/iir2nd/iir_filter_2nd_order_0/inst/a2_y2_carry__2_n_0
    SLICE_X25Y33         CARRY4 (Prop_carry4_CI_O[1])
                                                      0.334     5.365 f  system_i/iir2nd/iir_filter_2nd_order_0/inst/a2_y2_carry__3/O[1]
                         net (fo=3, routed)           0.830     6.195    system_i/iir2nd/iir_filter_2nd_order_0/inst/a2_y2__37[33]
    SLICE_X19Y33         LUT3 (Prop_lut3_I1_O)        0.303     6.498 r  system_i/iir2nd/iir_filter_2nd_order_0/inst/acc__0_carry__7_i_2/O
                         net (fo=1, routed)           0.472     6.969    system_i/iir2nd/iir_filter_2nd_order_0/inst/acc__0_carry__7_i_2_n_0
    SLICE_X14Y33         CARRY4 (Prop_carry4_DI[2]_CO[3])
                                                      0.398     7.367 r  system_i/iir2nd/iir_filter_2nd_order_0/inst/acc__0_carry__7/CO[3]
                         net (fo=1, routed)           0.000     7.367    system_i/iir2nd/iir_filter_2nd_order_0/inst/acc__0_carry__7_n_0
    SLICE_X14Y34         CARRY4 (Prop_carry4_CI_O[1])
                                                      0.334     7.701 r  system_i/iir2nd/iir_filter_2nd_order_0/inst/acc__0_carry__8/O[1]
                         net (fo=3, routed)           0.731     8.432    system_i/iir2nd/iir_filter_2nd_order_0/inst/acc__0_carry__8_n_6
    SLICE_X13Y32         LUT3 (Prop_lut3_I0_O)        0.303     8.735 r  system_i/iir2nd/iir_filter_2nd_order_0/inst/acc__184_carry__8_i_2/O
                         net (fo=1, routed)           0.472     9.207    system_i/iir2nd/iir_filter_2nd_order_0/inst/acc__184_carry__8_i_2_n_0
    SLICE_X12Y31         CARRY4 (Prop_carry4_DI[2]_CO[3])
                                                      0.404     9.611 r  system_i/iir2nd/iir_filter_2nd_order_0/inst/acc__184_carry__8/CO[3]
                         net (fo=1, routed)           0.000     9.611    system_i/iir2nd/iir_filter_2nd_order_0/inst/acc__184_carry__8_n_0
    SLICE_X12Y32         CARRY4 (Prop_carry4_CI_CO[3])
                                                      0.117     9.728 r  system_i/iir2nd/iir_filter_2nd_order_0/inst/acc__184_carry__9/CO[3]
                         net (fo=1, routed)           0.000     9.728    system_i/iir2nd/iir_filter_2nd_order_0/inst/acc__184_carry__9_n_0
    SLICE_X12Y33         CARRY4 (Prop_carry4_CI_CO[3])
                                                      0.117     9.845 r  system_i/iir2nd/iir_filter_2nd_order_0/inst/acc__184_carry__10/CO[3]
                         net (fo=1, routed)           0.000     9.845    system_i/iir2nd/iir_filter_2nd_order_0/inst/acc__184_carry__10_n_0
    SLICE_X12Y34         CARRY4 (Prop_carry4_CI_CO[3])
                                                      0.117     9.962 r  system_i/iir2nd/iir_filter_2nd_order_0/inst/acc__184_carry__11/CO[3]
                         net (fo=1, routed)           0.000     9.962    system_i/iir2nd/iir_filter_2nd_order_0/inst/acc__184_carry__11_n_0
    SLICE_X12Y35         CARRY4 (Prop_carry4_CI_O[3])
                                                      0.331    10.293 r  system_i/iir2nd/iir_filter_2nd_order_0/inst/acc__184_carry__12/O[3]
                         net (fo=5, routed)           0.628    10.922    system_i/iir2nd/iir_filter_2nd_order_0/inst/y[25]
    SLICE_X13Y35         FDRE                                         r  system_i/iir2nd/iir_filter_2nd_order_0/inst/a1_y1_carry__3_i_3_psdsp_6/D
  -------------------------------------------------------------------    -------------------

                         (clock clk_out1_system_pll_0_0 rise edge)
                                                      8.000     8.000 r  
    U18                                               0.000     8.000 r  adc_clk_p_i (IN)
                         net (fo=0)                   0.000     8.000    system_i/pll_0/inst/clk_in1_p
    U18                  IBUFDS (Prop_ibufds_I_O)     0.940     8.940 r  system_i/pll_0/inst/clkin1_ibufgds/O
                         net (fo=1, routed)           1.181    10.121    system_i/pll_0/inst/clk_in1_system_pll_0_0
    PLLE2_ADV_X0Y0       PLLE2_ADV (Prop_plle2_adv_CLKIN1_CLKOUT0)
                                                     -7.650     2.470 r  system_i/pll_0/inst/plle2_adv_inst/CLKOUT0
                         net (fo=1, routed)           1.594     4.065    system_i/pll_0/inst/clk_out1_system_pll_0_0
    BUFGCTRL_X0Y0        BUFG (Prop_bufg_I_O)         0.091     4.156 r  system_i/pll_0/inst/clkout1_buf/O
                         net (fo=5704, routed)        1.502     5.658    system_i/iir2nd/iir_filter_2nd_order_0/inst/clk
    SLICE_X13Y35         FDRE                                         r  system_i/iir2nd/iir_filter_2nd_order_0/inst/a1_y1_carry__3_i_3_psdsp_6/C
                         clock pessimism             -0.530     5.128    
                         clock uncertainty           -0.069     5.058    
    SLICE_X13Y35         FDRE (Setup_fdre_C_D)       -0.276     4.782    system_i/iir2nd/iir_filter_2nd_order_0/inst/a1_y1_carry__3_i_3_psdsp_6
  -------------------------------------------------------------------
                         required time                          4.782    
                         arrival time                         -10.922    
  -------------------------------------------------------------------
                         slack                                 -6.139    

Slack (VIOLATED) :        -6.129ns  (required time - arrival time)
  Source:                 system_i/iir2nd/iir_filter_2nd_order_0/inst/a2_y2__1/CLK
                            (rising edge-triggered cell DSP48E1 clocked by clk_out1_system_pll_0_0  {rise@0.000ns fall@4.000ns period=8.000ns})
  Destination:            system_i/iir2nd/iir_filter_2nd_order_0/inst/a1_y1__1/A[14]
                            (rising edge-triggered cell DSP48E1 clocked by clk_out1_system_pll_0_0  {rise@0.000ns fall@4.000ns period=8.000ns})
  Path Group:             clk_out1_system_pll_0_0
  Path Type:              Setup (Max at Slow Process Corner)
  Requirement:            8.000ns  (clk_out1_system_pll_0_0 rise@8.000ns - clk_out1_system_pll_0_0 rise@0.000ns)
  Data Path Delay:        13.370ns  (logic 9.051ns (67.695%)  route 4.319ns (32.305%))
  Logic Levels:           13  (CARRY4=9 DSP48E1=1 LUT2=1 LUT3=2)
  Clock Path Skew:        -0.157ns (DCD - SCD + CPR)
    Destination Clock Delay (DCD):    -2.263ns = ( 5.737 - 8.000 ) 
    Source Clock Delay      (SCD):    -2.636ns
    Clock Pessimism Removal (CPR):    -0.530ns
  Clock Uncertainty:      0.069ns  ((TSJ^2 + DJ^2)^1/2) / 2 + PE
    Total System Jitter     (TSJ):    0.071ns
    Discrete Jitter          (DJ):    0.119ns
    Phase Error              (PE):    0.000ns

    Location             Delay type                Incr(ns)  Path(ns)    Netlist Resource(s)
  -------------------------------------------------------------------    -------------------
                         (clock clk_out1_system_pll_0_0 rise edge)
                                                      0.000     0.000 r  
    U18                                               0.000     0.000 r  adc_clk_p_i (IN)
                         net (fo=0)                   0.000     0.000    system_i/pll_0/inst/clk_in1_p
    U18                  IBUFDS (Prop_ibufds_I_O)     0.983     0.983 r  system_i/pll_0/inst/clkin1_ibufgds/O
                         net (fo=1, routed)           1.306     2.289    system_i/pll_0/inst/clk_in1_system_pll_0_0
    PLLE2_ADV_X0Y0       PLLE2_ADV (Prop_plle2_adv_CLKIN1_CLKOUT0)
                                                     -8.533    -6.244 r  system_i/pll_0/inst/plle2_adv_inst/CLKOUT0
                         net (fo=1, routed)           1.754    -4.490    system_i/pll_0/inst/clk_out1_system_pll_0_0
    BUFGCTRL_X0Y0        BUFG (Prop_bufg_I_O)         0.101    -4.389 r  system_i/pll_0/inst/clkout1_buf/O
                         net (fo=5704, routed)        1.753    -2.636    system_i/iir2nd/iir_filter_2nd_order_0/inst/clk
    DSP48_X1Y12          DSP48E1                                      r  system_i/iir2nd/iir_filter_2nd_order_0/inst/a2_y2__1/CLK
  -------------------------------------------------------------------    -------------------
    DSP48_X1Y12          DSP48E1 (Prop_dsp48e1_CLK_PCOUT[47])
                                                      4.206     1.570 r  system_i/iir2nd/iir_filter_2nd_order_0/inst/a2_y2__1/PCOUT[47]
                         net (fo=1, routed)           0.002     1.572    system_i/iir2nd/iir_filter_2nd_order_0/inst/a2_y2__1_n_106
    DSP48_X1Y13          DSP48E1 (Prop_dsp48e1_PCIN[47]_P[4])
                                                      1.518     3.090 r  system_i/iir2nd/iir_filter_2nd_order_0/inst/a2_y2__19/P[4]
                         net (fo=2, routed)           1.039     4.129    system_i/iir2nd/iir_filter_2nd_order_0/inst/a2_y2__19_n_101
    SLICE_X25Y30         LUT2 (Prop_lut2_I0_O)        0.124     4.253 r  system_i/iir2nd/iir_filter_2nd_order_0/inst/a2_y2_carry__0_i_3/O
                         net (fo=1, routed)           0.000     4.253    system_i/iir2nd/iir_filter_2nd_order_0/inst/a2_y2_carry__0_i_3_n_0
    SLICE_X25Y30         CARRY4 (Prop_carry4_S[1]_CO[3])
                                                      0.550     4.803 r  system_i/iir2nd/iir_filter_2nd_order_0/inst/a2_y2_carry__0/CO[3]
                         net (fo=1, routed)           0.000     4.803    system_i/iir2nd/iir_filter_2nd_order_0/inst/a2_y2_carry__0_n_0
    SLICE_X25Y31         CARRY4 (Prop_carry4_CI_CO[3])
                                                      0.114     4.917 r  system_i/iir2nd/iir_filter_2nd_order_0/inst/a2_y2_carry__1/CO[3]
                         net (fo=1, routed)           0.000     4.917    system_i/iir2nd/iir_filter_2nd_order_0/inst/a2_y2_carry__1_n_0
    SLICE_X25Y32         CARRY4 (Prop_carry4_CI_CO[3])
                                                      0.114     5.031 r  system_i/iir2nd/iir_filter_2nd_order_0/inst/a2_y2_carry__2/CO[3]
                         net (fo=1, routed)           0.000     5.031    system_i/iir2nd/iir_filter_2nd_order_0/inst/a2_y2_carry__2_n_0
    SLICE_X25Y33         CARRY4 (Prop_carry4_CI_O[1])
                                                      0.334     5.365 f  system_i/iir2nd/iir_filter_2nd_order_0/inst/a2_y2_carry__3/O[1]
                         net (fo=3, routed)           0.830     6.195    system_i/iir2nd/iir_filter_2nd_order_0/inst/a2_y2__37[33]
    SLICE_X19Y33         LUT3 (Prop_lut3_I1_O)        0.303     6.498 r  system_i/iir2nd/iir_filter_2nd_order_0/inst/acc__0_carry__7_i_2/O
                         net (fo=1, routed)           0.472     6.969    system_i/iir2nd/iir_filter_2nd_order_0/inst/acc__0_carry__7_i_2_n_0
    SLICE_X14Y33         CARRY4 (Prop_carry4_DI[2]_CO[3])
                                                      0.398     7.367 r  system_i/iir2nd/iir_filter_2nd_order_0/inst/acc__0_carry__7/CO[3]
                         net (fo=1, routed)           0.000     7.367    system_i/iir2nd/iir_filter_2nd_order_0/inst/acc__0_carry__7_n_0
    SLICE_X14Y34         CARRY4 (Prop_carry4_CI_O[1])
                                                      0.334     7.701 r  system_i/iir2nd/iir_filter_2nd_order_0/inst/acc__0_carry__8/O[1]
                         net (fo=3, routed)           0.731     8.432    system_i/iir2nd/iir_filter_2nd_order_0/inst/acc__0_carry__8_n_6
    SLICE_X13Y32         LUT3 (Prop_lut3_I0_O)        0.303     8.735 r  system_i/iir2nd/iir_filter_2nd_order_0/inst/acc__184_carry__8_i_2/O
                         net (fo=1, routed)           0.472     9.207    system_i/iir2nd/iir_filter_2nd_order_0/inst/acc__184_carry__8_i_2_n_0
    SLICE_X12Y31         CARRY4 (Prop_carry4_DI[2]_CO[3])
                                                      0.404     9.611 r  system_i/iir2nd/iir_filter_2nd_order_0/inst/acc__184_carry__8/CO[3]
                         net (fo=1, routed)           0.000     9.611    system_i/iir2nd/iir_filter_2nd_order_0/inst/acc__184_carry__8_n_0
    SLICE_X12Y32         CARRY4 (Prop_carry4_CI_CO[3])
                                                      0.117     9.728 r  system_i/iir2nd/iir_filter_2nd_order_0/inst/acc__184_carry__9/CO[3]
                         net (fo=1, routed)           0.000     9.728    system_i/iir2nd/iir_filter_2nd_order_0/inst/acc__184_carry__9_n_0
    SLICE_X12Y33         CARRY4 (Prop_carry4_CI_O[0])
                                                      0.232     9.960 r  system_i/iir2nd/iir_filter_2nd_order_0/inst/acc__184_carry__10/O[0]
                         net (fo=5, routed)           0.774    10.734    system_i/iir2nd/iir_filter_2nd_order_0/inst/y[14]
    DSP48_X0Y10          DSP48E1                                      r  system_i/iir2nd/iir_filter_2nd_order_0/inst/a1_y1__1/A[14]
  -------------------------------------------------------------------    -------------------

                         (clock clk_out1_system_pll_0_0 rise edge)
                                                      8.000     8.000 r  
    U18                                               0.000     8.000 r  adc_clk_p_i (IN)
                         net (fo=0)                   0.000     8.000    system_i/pll_0/inst/clk_in1_p
    U18                  IBUFDS (Prop_ibufds_I_O)     0.940     8.940 r  system_i/pll_0/inst/clkin1_ibufgds/O
                         net (fo=1, routed)           1.181    10.121    system_i/pll_0/inst/clk_in1_system_pll_0_0
    PLLE2_ADV_X0Y0       PLLE2_ADV (Prop_plle2_adv_CLKIN1_CLKOUT0)
                                                     -7.650     2.470 r  system_i/pll_0/inst/plle2_adv_inst/CLKOUT0
                         net (fo=1, routed)           1.594     4.065    system_i/pll_0/inst/clk_out1_system_pll_0_0
    BUFGCTRL_X0Y0        BUFG (Prop_bufg_I_O)         0.091     4.156 r  system_i/pll_0/inst/clkout1_buf/O
                         net (fo=5704, routed)        1.582     5.737    system_i/iir2nd/iir_filter_2nd_order_0/inst/clk
    DSP48_X0Y10          DSP48E1                                      r  system_i/iir2nd/iir_filter_2nd_order_0/inst/a1_y1__1/CLK
                         clock pessimism             -0.530     5.207    
                         clock uncertainty           -0.069     5.138    
    DSP48_X0Y10          DSP48E1 (Setup_dsp48e1_CLK_A[14])
                                                     -0.533     4.605    system_i/iir2nd/iir_filter_2nd_order_0/inst/a1_y1__1
  -------------------------------------------------------------------
                         required time                          4.605    
                         arrival time                         -10.734    
  -------------------------------------------------------------------
                         slack                                 -6.129    

Slack (VIOLATED) :        -6.126ns  (required time - arrival time)
  Source:                 system_i/iir2nd/iir_filter_2nd_order_0/inst/a2_y2__1/CLK
                            (rising edge-triggered cell DSP48E1 clocked by clk_out1_system_pll_0_0  {rise@0.000ns fall@4.000ns period=8.000ns})
  Destination:            system_i/iir2nd/iir_filter_2nd_order_0/inst/y1_reg__19/D
                            (rising edge-triggered cell FDRE clocked by clk_out1_system_pll_0_0  {rise@0.000ns fall@4.000ns period=8.000ns})
  Path Group:             clk_out1_system_pll_0_0
  Path Type:              Setup (Max at Slow Process Corner)
  Requirement:            8.000ns  (clk_out1_system_pll_0_0 rise@8.000ns - clk_out1_system_pll_0_0 rise@0.000ns)
  Data Path Delay:        13.597ns  (logic 9.402ns (69.147%)  route 4.195ns (30.853%))
  Logic Levels:           16  (CARRY4=12 DSP48E1=1 LUT2=1 LUT3=2)
  Clock Path Skew:        -0.241ns (DCD - SCD + CPR)
    Destination Clock Delay (DCD):    -2.347ns = ( 5.653 - 8.000 ) 
    Source Clock Delay      (SCD):    -2.636ns
    Clock Pessimism Removal (CPR):    -0.530ns
  Clock Uncertainty:      0.069ns  ((TSJ^2 + DJ^2)^1/2) / 2 + PE
    Total System Jitter     (TSJ):    0.071ns
    Discrete Jitter          (DJ):    0.119ns
    Phase Error              (PE):    0.000ns

    Location             Delay type                Incr(ns)  Path(ns)    Netlist Resource(s)
  -------------------------------------------------------------------    -------------------
                         (clock clk_out1_system_pll_0_0 rise edge)
                                                      0.000     0.000 r  
    U18                                               0.000     0.000 r  adc_clk_p_i (IN)
                         net (fo=0)                   0.000     0.000    system_i/pll_0/inst/clk_in1_p
    U18                  IBUFDS (Prop_ibufds_I_O)     0.983     0.983 r  system_i/pll_0/inst/clkin1_ibufgds/O
                         net (fo=1, routed)           1.306     2.289    system_i/pll_0/inst/clk_in1_system_pll_0_0
    PLLE2_ADV_X0Y0       PLLE2_ADV (Prop_plle2_adv_CLKIN1_CLKOUT0)
                                                     -8.533    -6.244 r  system_i/pll_0/inst/plle2_adv_inst/CLKOUT0
                         net (fo=1, routed)           1.754    -4.490    system_i/pll_0/inst/clk_out1_system_pll_0_0
    BUFGCTRL_X0Y0        BUFG (Prop_bufg_I_O)         0.101    -4.389 r  system_i/pll_0/inst/clkout1_buf/O
                         net (fo=5704, routed)        1.753    -2.636    system_i/iir2nd/iir_filter_2nd_order_0/inst/clk
    DSP48_X1Y12          DSP48E1                                      r  system_i/iir2nd/iir_filter_2nd_order_0/inst/a2_y2__1/CLK
  -------------------------------------------------------------------    -------------------
    DSP48_X1Y12          DSP48E1 (Prop_dsp48e1_CLK_PCOUT[47])
                                                      4.206     1.570 r  system_i/iir2nd/iir_filter_2nd_order_0/inst/a2_y2__1/PCOUT[47]
                         net (fo=1, routed)           0.002     1.572    system_i/iir2nd/iir_filter_2nd_order_0/inst/a2_y2__1_n_106
    DSP48_X1Y13          DSP48E1 (Prop_dsp48e1_PCIN[47]_P[4])
                                                      1.518     3.090 r  system_i/iir2nd/iir_filter_2nd_order_0/inst/a2_y2__19/P[4]
                         net (fo=2, routed)           1.039     4.129    system_i/iir2nd/iir_filter_2nd_order_0/inst/a2_y2__19_n_101
    SLICE_X25Y30         LUT2 (Prop_lut2_I0_O)        0.124     4.253 r  system_i/iir2nd/iir_filter_2nd_order_0/inst/a2_y2_carry__0_i_3/O
                         net (fo=1, routed)           0.000     4.253    system_i/iir2nd/iir_filter_2nd_order_0/inst/a2_y2_carry__0_i_3_n_0
    SLICE_X25Y30         CARRY4 (Prop_carry4_S[1]_CO[3])
                                                      0.550     4.803 r  system_i/iir2nd/iir_filter_2nd_order_0/inst/a2_y2_carry__0/CO[3]
                         net (fo=1, routed)           0.000     4.803    system_i/iir2nd/iir_filter_2nd_order_0/inst/a2_y2_carry__0_n_0
    SLICE_X25Y31         CARRY4 (Prop_carry4_CI_CO[3])
                                                      0.114     4.917 r  system_i/iir2nd/iir_filter_2nd_order_0/inst/a2_y2_carry__1/CO[3]
                         net (fo=1, routed)           0.000     4.917    system_i/iir2nd/iir_filter_2nd_order_0/inst/a2_y2_carry__1_n_0
    SLICE_X25Y32         CARRY4 (Prop_carry4_CI_CO[3])
                                                      0.114     5.031 r  system_i/iir2nd/iir_filter_2nd_order_0/inst/a2_y2_carry__2/CO[3]
                         net (fo=1, routed)           0.000     5.031    system_i/iir2nd/iir_filter_2nd_order_0/inst/a2_y2_carry__2_n_0
    SLICE_X25Y33         CARRY4 (Prop_carry4_CI_O[1])
                                                      0.334     5.365 f  system_i/iir2nd/iir_filter_2nd_order_0/inst/a2_y2_carry__3/O[1]
                         net (fo=3, routed)           0.830     6.195    system_i/iir2nd/iir_filter_2nd_order_0/inst/a2_y2__37[33]
    SLICE_X19Y33         LUT3 (Prop_lut3_I1_O)        0.303     6.498 r  system_i/iir2nd/iir_filter_2nd_order_0/inst/acc__0_carry__7_i_2/O
                         net (fo=1, routed)           0.472     6.969    system_i/iir2nd/iir_filter_2nd_order_0/inst/acc__0_carry__7_i_2_n_0
    SLICE_X14Y33         CARRY4 (Prop_carry4_DI[2]_CO[3])
                                                      0.398     7.367 r  system_i/iir2nd/iir_filter_2nd_order_0/inst/acc__0_carry__7/CO[3]
                         net (fo=1, routed)           0.000     7.367    system_i/iir2nd/iir_filter_2nd_order_0/inst/acc__0_carry__7_n_0
    SLICE_X14Y34         CARRY4 (Prop_carry4_CI_O[1])
                                                      0.334     7.701 r  system_i/iir2nd/iir_filter_2nd_order_0/inst/acc__0_carry__8/O[1]
                         net (fo=3, routed)           0.731     8.432    system_i/iir2nd/iir_filter_2nd_order_0/inst/acc__0_carry__8_n_6
    SLICE_X13Y32         LUT3 (Prop_lut3_I0_O)        0.303     8.735 r  system_i/iir2nd/iir_filter_2nd_order_0/inst/acc__184_carry__8_i_2/O
                         net (fo=1, routed)           0.472     9.207    system_i/iir2nd/iir_filter_2nd_order_0/inst/acc__184_carry__8_i_2_n_0
    SLICE_X12Y31         CARRY4 (Prop_carry4_DI[2]_CO[3])
                                                      0.404     9.611 r  system_i/iir2nd/iir_filter_2nd_order_0/inst/acc__184_carry__8/CO[3]
                         net (fo=1, routed)           0.000     9.611    system_i/iir2nd/iir_filter_2nd_order_0/inst/acc__184_carry__8_n_0
    SLICE_X12Y32         CARRY4 (Prop_carry4_CI_CO[3])
                                                      0.117     9.728 r  system_i/iir2nd/iir_filter_2nd_order_0/inst/acc__184_carry__9/CO[3]
                         net (fo=1, routed)           0.000     9.728    system_i/iir2nd/iir_filter_2nd_order_0/inst/acc__184_carry__9_n_0
    SLICE_X12Y33         CARRY4 (Prop_carry4_CI_CO[3])
                                                      0.117     9.845 r  system_i/iir2nd/iir_filter_2nd_order_0/inst/acc__184_carry__10/CO[3]
                         net (fo=1, routed)           0.000     9.845    system_i/iir2nd/iir_filter_2nd_order_0/inst/acc__184_carry__10_n_0
    SLICE_X12Y34         CARRY4 (Prop_carry4_CI_CO[3])
                                                      0.117     9.962 r  system_i/iir2nd/iir_filter_2nd_order_0/inst/acc__184_carry__11/CO[3]
                         net (fo=1, routed)           0.000     9.962    system_i/iir2nd/iir_filter_2nd_order_0/inst/acc__184_carry__11_n_0
    SLICE_X12Y35         CARRY4 (Prop_carry4_CI_CO[3])
                                                      0.117    10.079 r  system_i/iir2nd/iir_filter_2nd_order_0/inst/acc__184_carry__12/CO[3]
                         net (fo=1, routed)           0.000    10.079    system_i/iir2nd/iir_filter_2nd_order_0/inst/acc__184_carry__12_n_0
    SLICE_X12Y36         CARRY4 (Prop_carry4_CI_O[0])
                                                      0.232    10.311 r  system_i/iir2nd/iir_filter_2nd_order_0/inst/acc__184_carry__13/O[0]
                         net (fo=5, routed)           0.649    10.961    system_i/iir2nd/iir_filter_2nd_order_0/inst/y[26]
    SLICE_X15Y37         FDRE                                         r  system_i/iir2nd/iir_filter_2nd_order_0/inst/y1_reg__19/D
  -------------------------------------------------------------------    -------------------

                         (clock clk_out1_system_pll_0_0 rise edge)
                                                      8.000     8.000 r  
    U18                                               0.000     8.000 r  adc_clk_p_i (IN)
                         net (fo=0)                   0.000     8.000    system_i/pll_0/inst/clk_in1_p
    U18                  IBUFDS (Prop_ibufds_I_O)     0.940     8.940 r  system_i/pll_0/inst/clkin1_ibufgds/O
                         net (fo=1, routed)           1.181    10.121    system_i/pll_0/inst/clk_in1_system_pll_0_0
    PLLE2_ADV_X0Y0       PLLE2_ADV (Prop_plle2_adv_CLKIN1_CLKOUT0)
                                                     -7.650     2.470 r  system_i/pll_0/inst/plle2_adv_inst/CLKOUT0
                         net (fo=1, routed)           1.594     4.065    system_i/pll_0/inst/clk_out1_system_pll_0_0
    BUFGCTRL_X0Y0        BUFG (Prop_bufg_I_O)         0.091     4.156 r  system_i/pll_0/inst/clkout1_buf/O
                         net (fo=5704, routed)        1.497     5.653    system_i/iir2nd/iir_filter_2nd_order_0/inst/clk
    SLICE_X15Y37         FDRE                                         r  system_i/iir2nd/iir_filter_2nd_order_0/inst/y1_reg__19/C
                         clock pessimism             -0.530     5.123    
                         clock uncertainty           -0.069     5.053    
    SLICE_X15Y37         FDRE (Setup_fdre_C_D)       -0.218     4.835    system_i/iir2nd/iir_filter_2nd_order_0/inst/y1_reg__19
  -------------------------------------------------------------------
                         required time                          4.835    
                         arrival time                         -10.961    
  -------------------------------------------------------------------
                         slack                                 -6.126    

Slack (VIOLATED) :        -6.123ns  (required time - arrival time)
  Source:                 system_i/iir2nd/iir_filter_2nd_order_0/inst/a2_y2__1/CLK
                            (rising edge-triggered cell DSP48E1 clocked by clk_out1_system_pll_0_0  {rise@0.000ns fall@4.000ns period=8.000ns})
  Destination:            system_i/iir2nd/iir_filter_2nd_order_0/inst/y_out_reg[13]_psdsp/D
                            (rising edge-triggered cell FDRE clocked by clk_out1_system_pll_0_0  {rise@0.000ns fall@4.000ns period=8.000ns})
  Path Group:             clk_out1_system_pll_0_0
  Path Type:              Setup (Max at Slow Process Corner)
  Requirement:            8.000ns  (clk_out1_system_pll_0_0 rise@8.000ns - clk_out1_system_pll_0_0 rise@0.000ns)
  Data Path Delay:        13.614ns  (logic 9.624ns (70.693%)  route 3.990ns (29.307%))
  Logic Levels:           17  (CARRY4=13 DSP48E1=1 LUT2=1 LUT3=2)
  Clock Path Skew:        -0.234ns (DCD - SCD + CPR)
    Destination Clock Delay (DCD):    -2.340ns = ( 5.660 - 8.000 ) 
    Source Clock Delay      (SCD):    -2.636ns
    Clock Pessimism Removal (CPR):    -0.530ns
  Clock Uncertainty:      0.069ns  ((TSJ^2 + DJ^2)^1/2) / 2 + PE
    Total System Jitter     (TSJ):    0.071ns
    Discrete Jitter          (DJ):    0.119ns
    Phase Error              (PE):    0.000ns

    Location             Delay type                Incr(ns)  Path(ns)    Netlist Resource(s)
  -------------------------------------------------------------------    -------------------
                         (clock clk_out1_system_pll_0_0 rise edge)
                                                      0.000     0.000 r  
    U18                                               0.000     0.000 r  adc_clk_p_i (IN)
                         net (fo=0)                   0.000     0.000    system_i/pll_0/inst/clk_in1_p
    U18                  IBUFDS (Prop_ibufds_I_O)     0.983     0.983 r  system_i/pll_0/inst/clkin1_ibufgds/O
                         net (fo=1, routed)           1.306     2.289    system_i/pll_0/inst/clk_in1_system_pll_0_0
    PLLE2_ADV_X0Y0       PLLE2_ADV (Prop_plle2_adv_CLKIN1_CLKOUT0)
                                                     -8.533    -6.244 r  system_i/pll_0/inst/plle2_adv_inst/CLKOUT0
                         net (fo=1, routed)           1.754    -4.490    system_i/pll_0/inst/clk_out1_system_pll_0_0
    BUFGCTRL_X0Y0        BUFG (Prop_bufg_I_O)         0.101    -4.389 r  system_i/pll_0/inst/clkout1_buf/O
                         net (fo=5704, routed)        1.753    -2.636    system_i/iir2nd/iir_filter_2nd_order_0/inst/clk
    DSP48_X1Y12          DSP48E1                                      r  system_i/iir2nd/iir_filter_2nd_order_0/inst/a2_y2__1/CLK
  -------------------------------------------------------------------    -------------------
    DSP48_X1Y12          DSP48E1 (Prop_dsp48e1_CLK_PCOUT[47])
                                                      4.206     1.570 r  system_i/iir2nd/iir_filter_2nd_order_0/inst/a2_y2__1/PCOUT[47]
                         net (fo=1, routed)           0.002     1.572    system_i/iir2nd/iir_filter_2nd_order_0/inst/a2_y2__1_n_106
    DSP48_X1Y13          DSP48E1 (Prop_dsp48e1_PCIN[47]_P[4])
                                                      1.518     3.090 r  system_i/iir2nd/iir_filter_2nd_order_0/inst/a2_y2__19/P[4]
                         net (fo=2, routed)           1.039     4.129    system_i/iir2nd/iir_filter_2nd_order_0/inst/a2_y2__19_n_101
    SLICE_X25Y30         LUT2 (Prop_lut2_I0_O)        0.124     4.253 r  system_i/iir2nd/iir_filter_2nd_order_0/inst/a2_y2_carry__0_i_3/O
                         net (fo=1, routed)           0.000     4.253    system_i/iir2nd/iir_filter_2nd_order_0/inst/a2_y2_carry__0_i_3_n_0
    SLICE_X25Y30         CARRY4 (Prop_carry4_S[1]_CO[3])
                                                      0.550     4.803 r  system_i/iir2nd/iir_filter_2nd_order_0/inst/a2_y2_carry__0/CO[3]
                         net (fo=1, routed)           0.000     4.803    system_i/iir2nd/iir_filter_2nd_order_0/inst/a2_y2_carry__0_n_0
    SLICE_X25Y31         CARRY4 (Prop_carry4_CI_CO[3])
                                                      0.114     4.917 r  system_i/iir2nd/iir_filter_2nd_order_0/inst/a2_y2_carry__1/CO[3]
                         net (fo=1, routed)           0.000     4.917    system_i/iir2nd/iir_filter_2nd_order_0/inst/a2_y2_carry__1_n_0
    SLICE_X25Y32         CARRY4 (Prop_carry4_CI_CO[3])
                                                      0.114     5.031 r  system_i/iir2nd/iir_filter_2nd_order_0/inst/a2_y2_carry__2/CO[3]
                         net (fo=1, routed)           0.000     5.031    system_i/iir2nd/iir_filter_2nd_order_0/inst/a2_y2_carry__2_n_0
    SLICE_X25Y33         CARRY4 (Prop_carry4_CI_O[1])
                                                      0.334     5.365 f  system_i/iir2nd/iir_filter_2nd_order_0/inst/a2_y2_carry__3/O[1]
                         net (fo=3, routed)           0.830     6.195    system_i/iir2nd/iir_filter_2nd_order_0/inst/a2_y2__37[33]
    SLICE_X19Y33         LUT3 (Prop_lut3_I1_O)        0.303     6.498 r  system_i/iir2nd/iir_filter_2nd_order_0/inst/acc__0_carry__7_i_2/O
                         net (fo=1, routed)           0.472     6.969    system_i/iir2nd/iir_filter_2nd_order_0/inst/acc__0_carry__7_i_2_n_0
    SLICE_X14Y33         CARRY4 (Prop_carry4_DI[2]_CO[3])
                                                      0.398     7.367 r  system_i/iir2nd/iir_filter_2nd_order_0/inst/acc__0_carry__7/CO[3]
                         net (fo=1, routed)           0.000     7.367    system_i/iir2nd/iir_filter_2nd_order_0/inst/acc__0_carry__7_n_0
    SLICE_X14Y34         CARRY4 (Prop_carry4_CI_O[1])
                                                      0.334     7.701 r  system_i/iir2nd/iir_filter_2nd_order_0/inst/acc__0_carry__8/O[1]
                         net (fo=3, routed)           0.731     8.432    system_i/iir2nd/iir_filter_2nd_order_0/inst/acc__0_carry__8_n_6
    SLICE_X13Y32         LUT3 (Prop_lut3_I0_O)        0.303     8.735 r  system_i/iir2nd/iir_filter_2nd_order_0/inst/acc__184_carry__8_i_2/O
                         net (fo=1, routed)           0.472     9.207    system_i/iir2nd/iir_filter_2nd_order_0/inst/acc__184_carry__8_i_2_n_0
    SLICE_X12Y31         CARRY4 (Prop_carry4_DI[2]_CO[3])
                                                      0.404     9.611 r  system_i/iir2nd/iir_filter_2nd_order_0/inst/acc__184_carry__8/CO[3]
                         net (fo=1, routed)           0.000     9.611    system_i/iir2nd/iir_filter_2nd_order_0/inst/acc__184_carry__8_n_0
    SLICE_X12Y32         CARRY4 (Prop_carry4_CI_CO[3])
                                                      0.117     9.728 r  system_i/iir2nd/iir_filter_2nd_order_0/inst/acc__184_carry__9/CO[3]
                         net (fo=1, routed)           0.000     9.728    system_i/iir2nd/iir_filter_2nd_order_0/inst/acc__184_carry__9_n_0
    SLICE_X12Y33         CARRY4 (Prop_carry4_CI_CO[3])
                                                      0.117     9.845 r  system_i/iir2nd/iir_filter_2nd_order_0/inst/acc__184_carry__10/CO[3]
                         net (fo=1, routed)           0.000     9.845    system_i/iir2nd/iir_filter_2nd_order_0/inst/acc__184_carry__10_n_0
    SLICE_X12Y34         CARRY4 (Prop_carry4_CI_CO[3])
                                                      0.117     9.962 r  system_i/iir2nd/iir_filter_2nd_order_0/inst/acc__184_carry__11/CO[3]
                         net (fo=1, routed)           0.000     9.962    system_i/iir2nd/iir_filter_2nd_order_0/inst/acc__184_carry__11_n_0
    SLICE_X12Y35         CARRY4 (Prop_carry4_CI_CO[3])
                                                      0.117    10.079 r  system_i/iir2nd/iir_filter_2nd_order_0/inst/acc__184_carry__12/CO[3]
                         net (fo=1, routed)           0.000    10.079    system_i/iir2nd/iir_filter_2nd_order_0/inst/acc__184_carry__12_n_0
    SLICE_X12Y36         CARRY4 (Prop_carry4_CI_CO[3])
                                                      0.117    10.196 r  system_i/iir2nd/iir_filter_2nd_order_0/inst/acc__184_carry__13/CO[3]
                         net (fo=1, routed)           0.000    10.196    system_i/iir2nd/iir_filter_2nd_order_0/inst/acc__184_carry__13_n_0
    SLICE_X12Y37         CARRY4 (Prop_carry4_CI_O[1])
                                                      0.337    10.533 r  system_i/iir2nd/iir_filter_2nd_order_0/inst/acc__184_carry__14/O[1]
                         net (fo=5, routed)           0.444    10.977    system_i/iir2nd/iir_filter_2nd_order_0/inst/y[31]
    SLICE_X10Y38         FDRE                                         r  system_i/iir2nd/iir_filter_2nd_order_0/inst/y_out_reg[13]_psdsp/D
  -------------------------------------------------------------------    -------------------

                         (clock clk_out1_system_pll_0_0 rise edge)
                                                      8.000     8.000 r  
    U18                                               0.000     8.000 r  adc_clk_p_i (IN)
                         net (fo=0)                   0.000     8.000    system_i/pll_0/inst/clk_in1_p
    U18                  IBUFDS (Prop_ibufds_I_O)     0.940     8.940 r  system_i/pll_0/inst/clkin1_ibufgds/O
                         net (fo=1, routed)           1.181    10.121    system_i/pll_0/inst/clk_in1_system_pll_0_0
    PLLE2_ADV_X0Y0       PLLE2_ADV (Prop_plle2_adv_CLKIN1_CLKOUT0)
                                                     -7.650     2.470 r  system_i/pll_0/inst/plle2_adv_inst/CLKOUT0
                         net (fo=1, routed)           1.594     4.065    system_i/pll_0/inst/clk_out1_system_pll_0_0
    BUFGCTRL_X0Y0        BUFG (Prop_bufg_I_O)         0.091     4.156 r  system_i/pll_0/inst/clkout1_buf/O
                         net (fo=5704, routed)        1.504     5.660    system_i/iir2nd/iir_filter_2nd_order_0/inst/clk
    SLICE_X10Y38         FDRE                                         r  system_i/iir2nd/iir_filter_2nd_order_0/inst/y_out_reg[13]_psdsp/C
                         clock pessimism             -0.530     5.130    
                         clock uncertainty           -0.069     5.060    
    SLICE_X10Y38         FDRE (Setup_fdre_C_D)       -0.206     4.854    system_i/iir2nd/iir_filter_2nd_order_0/inst/y_out_reg[13]_psdsp
  -------------------------------------------------------------------
                         required time                          4.854    
                         arrival time                         -10.977    
  -------------------------------------------------------------------
                         slack                                 -6.123    

Slack (VIOLATED) :        -6.114ns  (required time - arrival time)
  Source:                 system_i/iir2nd/iir_filter_2nd_order_0/inst/a2_y2__1/CLK
                            (rising edge-triggered cell DSP48E1 clocked by clk_out1_system_pll_0_0  {rise@0.000ns fall@4.000ns period=8.000ns})
  Destination:            system_i/iir2nd/iir_filter_2nd_order_0/inst/a1_y1__1/A[16]
                            (rising edge-triggered cell DSP48E1 clocked by clk_out1_system_pll_0_0  {rise@0.000ns fall@4.000ns period=8.000ns})
  Path Group:             clk_out1_system_pll_0_0
  Path Type:              Setup (Max at Slow Process Corner)
  Requirement:            8.000ns  (clk_out1_system_pll_0_0 rise@8.000ns - clk_out1_system_pll_0_0 rise@0.000ns)
  Data Path Delay:        13.349ns  (logic 9.075ns (67.983%)  route 4.274ns (32.017%))
  Logic Levels:           13  (CARRY4=9 DSP48E1=1 LUT2=1 LUT3=2)
  Clock Path Skew:        -0.157ns (DCD - SCD + CPR)
    Destination Clock Delay (DCD):    -2.263ns = ( 5.737 - 8.000 ) 
    Source Clock Delay      (SCD):    -2.636ns
    Clock Pessimism Removal (CPR):    -0.530ns
  Clock Uncertainty:      0.069ns  ((TSJ^2 + DJ^2)^1/2) / 2 + PE
    Total System Jitter     (TSJ):    0.071ns
    Discrete Jitter          (DJ):    0.119ns
    Phase Error              (PE):    0.000ns

    Location             Delay type                Incr(ns)  Path(ns)    Netlist Resource(s)
  -------------------------------------------------------------------    -------------------
                         (clock clk_out1_system_pll_0_0 rise edge)
                                                      0.000     0.000 r  
    U18                                               0.000     0.000 r  adc_clk_p_i (IN)
                         net (fo=0)                   0.000     0.000    system_i/pll_0/inst/clk_in1_p
    U18                  IBUFDS (Prop_ibufds_I_O)     0.983     0.983 r  system_i/pll_0/inst/clkin1_ibufgds/O
                         net (fo=1, routed)           1.306     2.289    system_i/pll_0/inst/clk_in1_system_pll_0_0
    PLLE2_ADV_X0Y0       PLLE2_ADV (Prop_plle2_adv_CLKIN1_CLKOUT0)
                                                     -8.533    -6.244 r  system_i/pll_0/inst/plle2_adv_inst/CLKOUT0
                         net (fo=1, routed)           1.754    -4.490    system_i/pll_0/inst/clk_out1_system_pll_0_0
    BUFGCTRL_X0Y0        BUFG (Prop_bufg_I_O)         0.101    -4.389 r  system_i/pll_0/inst/clkout1_buf/O
                         net (fo=5704, routed)        1.753    -2.636    system_i/iir2nd/iir_filter_2nd_order_0/inst/clk
    DSP48_X1Y12          DSP48E1                                      r  system_i/iir2nd/iir_filter_2nd_order_0/inst/a2_y2__1/CLK
  -------------------------------------------------------------------    -------------------
    DSP48_X1Y12          DSP48E1 (Prop_dsp48e1_CLK_PCOUT[47])
                                                      4.206     1.570 r  system_i/iir2nd/iir_filter_2nd_order_0/inst/a2_y2__1/PCOUT[47]
                         net (fo=1, routed)           0.002     1.572    system_i/iir2nd/iir_filter_2nd_order_0/inst/a2_y2__1_n_106
    DSP48_X1Y13          DSP48E1 (Prop_dsp48e1_PCIN[47]_P[4])
                                                      1.518     3.090 r  system_i/iir2nd/iir_filter_2nd_order_0/inst/a2_y2__19/P[4]
                         net (fo=2, routed)           1.039     4.129    system_i/iir2nd/iir_filter_2nd_order_0/inst/a2_y2__19_n_101
    SLICE_X25Y30         LUT2 (Prop_lut2_I0_O)        0.124     4.253 r  system_i/iir2nd/iir_filter_2nd_order_0/inst/a2_y2_carry__0_i_3/O
                         net (fo=1, routed)           0.000     4.253    system_i/iir2nd/iir_filter_2nd_order_0/inst/a2_y2_carry__0_i_3_n_0
    SLICE_X25Y30         CARRY4 (Prop_carry4_S[1]_CO[3])
                                                      0.550     4.803 r  system_i/iir2nd/iir_filter_2nd_order_0/inst/a2_y2_carry__0/CO[3]
                         net (fo=1, routed)           0.000     4.803    system_i/iir2nd/iir_filter_2nd_order_0/inst/a2_y2_carry__0_n_0
    SLICE_X25Y31         CARRY4 (Prop_carry4_CI_CO[3])
                                                      0.114     4.917 r  system_i/iir2nd/iir_filter_2nd_order_0/inst/a2_y2_carry__1/CO[3]
                         net (fo=1, routed)           0.000     4.917    system_i/iir2nd/iir_filter_2nd_order_0/inst/a2_y2_carry__1_n_0
    SLICE_X25Y32         CARRY4 (Prop_carry4_CI_CO[3])
                                                      0.114     5.031 r  system_i/iir2nd/iir_filter_2nd_order_0/inst/a2_y2_carry__2/CO[3]
                         net (fo=1, routed)           0.000     5.031    system_i/iir2nd/iir_filter_2nd_order_0/inst/a2_y2_carry__2_n_0
    SLICE_X25Y33         CARRY4 (Prop_carry4_CI_O[1])
                                                      0.334     5.365 f  system_i/iir2nd/iir_filter_2nd_order_0/inst/a2_y2_carry__3/O[1]
                         net (fo=3, routed)           0.830     6.195    system_i/iir2nd/iir_filter_2nd_order_0/inst/a2_y2__37[33]
    SLICE_X19Y33         LUT3 (Prop_lut3_I1_O)        0.303     6.498 r  system_i/iir2nd/iir_filter_2nd_order_0/inst/acc__0_carry__7_i_2/O
                         net (fo=1, routed)           0.472     6.969    system_i/iir2nd/iir_filter_2nd_order_0/inst/acc__0_carry__7_i_2_n_0
    SLICE_X14Y33         CARRY4 (Prop_carry4_DI[2]_CO[3])
                                                      0.398     7.367 r  system_i/iir2nd/iir_filter_2nd_order_0/inst/acc__0_carry__7/CO[3]
                         net (fo=1, routed)           0.000     7.367    system_i/iir2nd/iir_filter_2nd_order_0/inst/acc__0_carry__7_n_0
    SLICE_X14Y34         CARRY4 (Prop_carry4_CI_O[1])
                                                      0.334     7.701 r  system_i/iir2nd/iir_filter_2nd_order_0/inst/acc__0_carry__8/O[1]
                         net (fo=3, routed)           0.731     8.432    system_i/iir2nd/iir_filter_2nd_order_0/inst/acc__0_carry__8_n_6
    SLICE_X13Y32         LUT3 (Prop_lut3_I0_O)        0.303     8.735 r  system_i/iir2nd/iir_filter_2nd_order_0/inst/acc__184_carry__8_i_2/O
                         net (fo=1, routed)           0.472     9.207    system_i/iir2nd/iir_filter_2nd_order_0/inst/acc__184_carry__8_i_2_n_0
    SLICE_X12Y31         CARRY4 (Prop_carry4_DI[2]_CO[3])
                                                      0.404     9.611 r  system_i/iir2nd/iir_filter_2nd_order_0/inst/acc__184_carry__8/CO[3]
                         net (fo=1, routed)           0.000     9.611    system_i/iir2nd/iir_filter_2nd_order_0/inst/acc__184_carry__8_n_0
    SLICE_X12Y32         CARRY4 (Prop_carry4_CI_CO[3])
                                                      0.117     9.728 r  system_i/iir2nd/iir_filter_2nd_order_0/inst/acc__184_carry__9/CO[3]
                         net (fo=1, routed)           0.000     9.728    system_i/iir2nd/iir_filter_2nd_order_0/inst/acc__184_carry__9_n_0
    SLICE_X12Y33         CARRY4 (Prop_carry4_CI_O[2])
                                                      0.256     9.984 r  system_i/iir2nd/iir_filter_2nd_order_0/inst/acc__184_carry__10/O[2]
                         net (fo=5, routed)           0.728    10.713    system_i/iir2nd/iir_filter_2nd_order_0/inst/y[16]
    DSP48_X0Y10          DSP48E1                                      r  system_i/iir2nd/iir_filter_2nd_order_0/inst/a1_y1__1/A[16]
  -------------------------------------------------------------------    -------------------

                         (clock clk_out1_system_pll_0_0 rise edge)
                                                      8.000     8.000 r  
    U18                                               0.000     8.000 r  adc_clk_p_i (IN)
                         net (fo=0)                   0.000     8.000    system_i/pll_0/inst/clk_in1_p
    U18                  IBUFDS (Prop_ibufds_I_O)     0.940     8.940 r  system_i/pll_0/inst/clkin1_ibufgds/O
                         net (fo=1, routed)           1.181    10.121    system_i/pll_0/inst/clk_in1_system_pll_0_0
    PLLE2_ADV_X0Y0       PLLE2_ADV (Prop_plle2_adv_CLKIN1_CLKOUT0)
                                                     -7.650     2.470 r  system_i/pll_0/inst/plle2_adv_inst/CLKOUT0
                         net (fo=1, routed)           1.594     4.065    system_i/pll_0/inst/clk_out1_system_pll_0_0
    BUFGCTRL_X0Y0        BUFG (Prop_bufg_I_O)         0.091     4.156 r  system_i/pll_0/inst/clkout1_buf/O
                         net (fo=5704, routed)        1.582     5.737    system_i/iir2nd/iir_filter_2nd_order_0/inst/clk
    DSP48_X0Y10          DSP48E1                                      r  system_i/iir2nd/iir_filter_2nd_order_0/inst/a1_y1__1/CLK
                         clock pessimism             -0.530     5.207    
                         clock uncertainty           -0.069     5.138    
    DSP48_X0Y10          DSP48E1 (Setup_dsp48e1_CLK_A[16])
                                                     -0.539     4.599    system_i/iir2nd/iir_filter_2nd_order_0/inst/a1_y1__1
  -------------------------------------------------------------------
                         required time                          4.599    
                         arrival time                         -10.713    
  -------------------------------------------------------------------
                         slack                                 -6.114    

Slack (VIOLATED) :        -6.110ns  (required time - arrival time)
  Source:                 system_i/iir2nd/iir_filter_2nd_order_0/inst/a2_y2__1/CLK
                            (rising edge-triggered cell DSP48E1 clocked by clk_out1_system_pll_0_0  {rise@0.000ns fall@4.000ns period=8.000ns})
  Destination:            system_i/iir2nd/iir_filter_2nd_order_0/inst/a1_y1__1/A[15]
                            (rising edge-triggered cell DSP48E1 clocked by clk_out1_system_pll_0_0  {rise@0.000ns fall@4.000ns period=8.000ns})
  Path Group:             clk_out1_system_pll_0_0
  Path Type:              Setup (Max at Slow Process Corner)
  Requirement:            8.000ns  (clk_out1_system_pll_0_0 rise@8.000ns - clk_out1_system_pll_0_0 rise@0.000ns)
  Data Path Delay:        13.340ns  (logic 9.156ns (68.635%)  route 4.184ns (31.365%))
  Logic Levels:           13  (CARRY4=9 DSP48E1=1 LUT2=1 LUT3=2)
  Clock Path Skew:        -0.157ns (DCD - SCD + CPR)
    Destination Clock Delay (DCD):    -2.263ns = ( 5.737 - 8.000 ) 
    Source Clock Delay      (SCD):    -2.636ns
    Clock Pessimism Removal (CPR):    -0.530ns
  Clock Uncertainty:      0.069ns  ((TSJ^2 + DJ^2)^1/2) / 2 + PE
    Total System Jitter     (TSJ):    0.071ns
    Discrete Jitter          (DJ):    0.119ns
    Phase Error              (PE):    0.000ns

    Location             Delay type                Incr(ns)  Path(ns)    Netlist Resource(s)
  -------------------------------------------------------------------    -------------------
                         (clock clk_out1_system_pll_0_0 rise edge)
                                                      0.000     0.000 r  
    U18                                               0.000     0.000 r  adc_clk_p_i (IN)
                         net (fo=0)                   0.000     0.000    system_i/pll_0/inst/clk_in1_p
    U18                  IBUFDS (Prop_ibufds_I_O)     0.983     0.983 r  system_i/pll_0/inst/clkin1_ibufgds/O
                         net (fo=1, routed)           1.306     2.289    system_i/pll_0/inst/clk_in1_system_pll_0_0
    PLLE2_ADV_X0Y0       PLLE2_ADV (Prop_plle2_adv_CLKIN1_CLKOUT0)
                                                     -8.533    -6.244 r  system_i/pll_0/inst/plle2_adv_inst/CLKOUT0
                         net (fo=1, routed)           1.754    -4.490    system_i/pll_0/inst/clk_out1_system_pll_0_0
    BUFGCTRL_X0Y0        BUFG (Prop_bufg_I_O)         0.101    -4.389 r  system_i/pll_0/inst/clkout1_buf/O
                         net (fo=5704, routed)        1.753    -2.636    system_i/iir2nd/iir_filter_2nd_order_0/inst/clk
    DSP48_X1Y12          DSP48E1                                      r  system_i/iir2nd/iir_filter_2nd_order_0/inst/a2_y2__1/CLK
  -------------------------------------------------------------------    -------------------
    DSP48_X1Y12          DSP48E1 (Prop_dsp48e1_CLK_PCOUT[47])
                                                      4.206     1.570 r  system_i/iir2nd/iir_filter_2nd_order_0/inst/a2_y2__1/PCOUT[47]
                         net (fo=1, routed)           0.002     1.572    system_i/iir2nd/iir_filter_2nd_order_0/inst/a2_y2__1_n_106
    DSP48_X1Y13          DSP48E1 (Prop_dsp48e1_PCIN[47]_P[4])
                                                      1.518     3.090 r  system_i/iir2nd/iir_filter_2nd_order_0/inst/a2_y2__19/P[4]
                         net (fo=2, routed)           1.039     4.129    system_i/iir2nd/iir_filter_2nd_order_0/inst/a2_y2__19_n_101
    SLICE_X25Y30         LUT2 (Prop_lut2_I0_O)        0.124     4.253 r  system_i/iir2nd/iir_filter_2nd_order_0/inst/a2_y2_carry__0_i_3/O
                         net (fo=1, routed)           0.000     4.253    system_i/iir2nd/iir_filter_2nd_order_0/inst/a2_y2_carry__0_i_3_n_0
    SLICE_X25Y30         CARRY4 (Prop_carry4_S[1]_CO[3])
                                                      0.550     4.803 r  system_i/iir2nd/iir_filter_2nd_order_0/inst/a2_y2_carry__0/CO[3]
                         net (fo=1, routed)           0.000     4.803    system_i/iir2nd/iir_filter_2nd_order_0/inst/a2_y2_carry__0_n_0
    SLICE_X25Y31         CARRY4 (Prop_carry4_CI_CO[3])
                                                      0.114     4.917 r  system_i/iir2nd/iir_filter_2nd_order_0/inst/a2_y2_carry__1/CO[3]
                         net (fo=1, routed)           0.000     4.917    system_i/iir2nd/iir_filter_2nd_order_0/inst/a2_y2_carry__1_n_0
    SLICE_X25Y32         CARRY4 (Prop_carry4_CI_CO[3])
                                                      0.114     5.031 r  system_i/iir2nd/iir_filter_2nd_order_0/inst/a2_y2_carry__2/CO[3]
                         net (fo=1, routed)           0.000     5.031    system_i/iir2nd/iir_filter_2nd_order_0/inst/a2_y2_carry__2_n_0
    SLICE_X25Y33         CARRY4 (Prop_carry4_CI_O[1])
                                                      0.334     5.365 f  system_i/iir2nd/iir_filter_2nd_order_0/inst/a2_y2_carry__3/O[1]
                         net (fo=3, routed)           0.830     6.195    system_i/iir2nd/iir_filter_2nd_order_0/inst/a2_y2__37[33]
    SLICE_X19Y33         LUT3 (Prop_lut3_I1_O)        0.303     6.498 r  system_i/iir2nd/iir_filter_2nd_order_0/inst/acc__0_carry__7_i_2/O
                         net (fo=1, routed)           0.472     6.969    system_i/iir2nd/iir_filter_2nd_order_0/inst/acc__0_carry__7_i_2_n_0
    SLICE_X14Y33         CARRY4 (Prop_carry4_DI[2]_CO[3])
                                                      0.398     7.367 r  system_i/iir2nd/iir_filter_2nd_order_0/inst/acc__0_carry__7/CO[3]
                         net (fo=1, routed)           0.000     7.367    system_i/iir2nd/iir_filter_2nd_order_0/inst/acc__0_carry__7_n_0
    SLICE_X14Y34         CARRY4 (Prop_carry4_CI_O[1])
                                                      0.334     7.701 r  system_i/iir2nd/iir_filter_2nd_order_0/inst/acc__0_carry__8/O[1]
                         net (fo=3, routed)           0.731     8.432    system_i/iir2nd/iir_filter_2nd_order_0/inst/acc__0_carry__8_n_6
    SLICE_X13Y32         LUT3 (Prop_lut3_I0_O)        0.303     8.735 r  system_i/iir2nd/iir_filter_2nd_order_0/inst/acc__184_carry__8_i_2/O
                         net (fo=1, routed)           0.472     9.207    system_i/iir2nd/iir_filter_2nd_order_0/inst/acc__184_carry__8_i_2_n_0
    SLICE_X12Y31         CARRY4 (Prop_carry4_DI[2]_CO[3])
                                                      0.404     9.611 r  system_i/iir2nd/iir_filter_2nd_order_0/inst/acc__184_carry__8/CO[3]
                         net (fo=1, routed)           0.000     9.611    system_i/iir2nd/iir_filter_2nd_order_0/inst/acc__184_carry__8_n_0
    SLICE_X12Y32         CARRY4 (Prop_carry4_CI_CO[3])
                                                      0.117     9.728 r  system_i/iir2nd/iir_filter_2nd_order_0/inst/acc__184_carry__9/CO[3]
                         net (fo=1, routed)           0.000     9.728    system_i/iir2nd/iir_filter_2nd_order_0/inst/acc__184_carry__9_n_0
    SLICE_X12Y33         CARRY4 (Prop_carry4_CI_O[1])
                                                      0.337    10.065 r  system_i/iir2nd/iir_filter_2nd_order_0/inst/acc__184_carry__10/O[1]
                         net (fo=5, routed)           0.638    10.704    system_i/iir2nd/iir_filter_2nd_order_0/inst/y[15]
    DSP48_X0Y10          DSP48E1                                      r  system_i/iir2nd/iir_filter_2nd_order_0/inst/a1_y1__1/A[15]
  -------------------------------------------------------------------    -------------------

                         (clock clk_out1_system_pll_0_0 rise edge)
                                                      8.000     8.000 r  
    U18                                               0.000     8.000 r  adc_clk_p_i (IN)
                         net (fo=0)                   0.000     8.000    system_i/pll_0/inst/clk_in1_p
    U18                  IBUFDS (Prop_ibufds_I_O)     0.940     8.940 r  system_i/pll_0/inst/clkin1_ibufgds/O
                         net (fo=1, routed)           1.181    10.121    system_i/pll_0/inst/clk_in1_system_pll_0_0
    PLLE2_ADV_X0Y0       PLLE2_ADV (Prop_plle2_adv_CLKIN1_CLKOUT0)
                                                     -7.650     2.470 r  system_i/pll_0/inst/plle2_adv_inst/CLKOUT0
                         net (fo=1, routed)           1.594     4.065    system_i/pll_0/inst/clk_out1_system_pll_0_0
    BUFGCTRL_X0Y0        BUFG (Prop_bufg_I_O)         0.091     4.156 r  system_i/pll_0/inst/clkout1_buf/O
                         net (fo=5704, routed)        1.582     5.737    system_i/iir2nd/iir_filter_2nd_order_0/inst/clk
    DSP48_X0Y10          DSP48E1                                      r  system_i/iir2nd/iir_filter_2nd_order_0/inst/a1_y1__1/CLK
                         clock pessimism             -0.530     5.207    
                         clock uncertainty           -0.069     5.138    
    DSP48_X0Y10          DSP48E1 (Setup_dsp48e1_CLK_A[15])
                                                     -0.544     4.594    system_i/iir2nd/iir_filter_2nd_order_0/inst/a1_y1__1
  -------------------------------------------------------------------
                         required time                          4.594    
                         arrival time                         -10.704    
  -------------------------------------------------------------------
                         slack                                 -6.110    





Min Delay Paths
--------------------------------------------------------------------------------------
Slack (MET) :             0.002ns  (arrival time - required time)
  Source:                 system_i/soc/axi_interconnect_0/xbar/inst/gen_samd.crossbar_samd/gen_slave_slots[0].gen_si_read.si_transactor_ar/gen_multi_thread.gen_thread_loop[2].active_cnt_reg[16]/C
                            (rising edge-triggered cell FDRE clocked by clk_out1_system_pll_0_0  {rise@0.000ns fall@4.000ns period=8.000ns})
  Destination:            system_i/soc/axi_interconnect_0/xbar/inst/gen_samd.crossbar_samd/gen_slave_slots[0].gen_si_read.si_transactor_ar/gen_multi_thread.gen_thread_loop[2].active_cnt_reg[19]/D
                            (rising edge-triggered cell FDRE clocked by clk_out1_system_pll_0_0  {rise@0.000ns fall@4.000ns period=8.000ns})
  Path Group:             clk_out1_system_pll_0_0
  Path Type:              Hold (Min at Fast Process Corner)
  Requirement:            0.000ns  (clk_out1_system_pll_0_0 rise@0.000ns - clk_out1_system_pll_0_0 rise@0.000ns)
  Data Path Delay:        0.390ns  (logic 0.209ns (53.578%)  route 0.181ns (46.422%))
  Logic Levels:           1  (LUT5=1)
  Clock Path Skew:        0.267ns (DCD - SCD - CPR)
    Destination Clock Delay (DCD):    -0.225ns
    Source Clock Delay      (SCD):    -0.303ns
    Clock Pessimism Removal (CPR):    -0.189ns

    Location             Delay type                Incr(ns)  Path(ns)    Netlist Resource(s)
  -------------------------------------------------------------------    -------------------
                         (clock clk_out1_system_pll_0_0 rise edge)
                                                      0.000     0.000 r  
    U18                                               0.000     0.000 r  adc_clk_p_i (IN)
                         net (fo=0)                   0.000     0.000    system_i/pll_0/inst/clk_in1_p
    U18                  IBUFDS (Prop_ibufds_I_O)     0.401     0.401 r  system_i/pll_0/inst/clkin1_ibufgds/O
                         net (fo=1, routed)           0.440     0.842    system_i/pll_0/inst/clk_in1_system_pll_0_0
    PLLE2_ADV_X0Y0       PLLE2_ADV (Prop_plle2_adv_CLKIN1_CLKOUT0)
                                                     -2.234    -1.393 r  system_i/pll_0/inst/plle2_adv_inst/CLKOUT0
                         net (fo=1, routed)           0.497    -0.896    system_i/pll_0/inst/clk_out1_system_pll_0_0
    BUFGCTRL_X0Y0        BUFG (Prop_bufg_I_O)         0.026    -0.870 r  system_i/pll_0/inst/clkout1_buf/O
                         net (fo=5704, routed)        0.567    -0.303    system_i/soc/axi_interconnect_0/xbar/inst/gen_samd.crossbar_samd/gen_slave_slots[0].gen_si_read.si_transactor_ar/aclk
    SLICE_X6Y49          FDRE                                         r  system_i/soc/axi_interconnect_0/xbar/inst/gen_samd.crossbar_samd/gen_slave_slots[0].gen_si_read.si_transactor_ar/gen_multi_thread.gen_thread_loop[2].active_cnt_reg[16]/C
  -------------------------------------------------------------------    -------------------
    SLICE_X6Y49          FDRE (Prop_fdre_C_Q)         0.164    -0.139 r  system_i/soc/axi_interconnect_0/xbar/inst/gen_samd.crossbar_samd/gen_slave_slots[0].gen_si_read.si_transactor_ar/gen_multi_thread.gen_thread_loop[2].active_cnt_reg[16]/Q
                         net (fo=6, routed)           0.181     0.042    system_i/soc/axi_interconnect_0/xbar/inst/gen_samd.crossbar_samd/gen_slave_slots[0].gen_si_read.si_transactor_ar/gen_multi_thread.active_cnt[16]
    SLICE_X6Y50          LUT5 (Prop_lut5_I3_O)        0.045     0.087 r  system_i/soc/axi_interconnect_0/xbar/inst/gen_samd.crossbar_samd/gen_slave_slots[0].gen_si_read.si_transactor_ar/gen_multi_thread.gen_thread_loop[2].active_cnt[19]_i_2/O
                         net (fo=1, routed)           0.000     0.087    system_i/soc/axi_interconnect_0/xbar/inst/gen_samd.crossbar_samd/gen_slave_slots[0].gen_si_read.si_transactor_ar/gen_multi_thread.gen_thread_loop[2].active_cnt[19]_i_2_n_0
    SLICE_X6Y50          FDRE                                         r  system_i/soc/axi_interconnect_0/xbar/inst/gen_samd.crossbar_samd/gen_slave_slots[0].gen_si_read.si_transactor_ar/gen_multi_thread.gen_thread_loop[2].active_cnt_reg[19]/D
  -------------------------------------------------------------------    -------------------

                         (clock clk_out1_system_pll_0_0 rise edge)
                                                      0.000     0.000 r  
    U18                                               0.000     0.000 r  adc_clk_p_i (IN)
                         net (fo=0)                   0.000     0.000    system_i/pll_0/inst/clk_in1_p
    U18                  IBUFDS (Prop_ibufds_I_O)     0.433     0.433 r  system_i/pll_0/inst/clkin1_ibufgds/O
                         net (fo=1, routed)           0.481     0.914    system_i/pll_0/inst/clk_in1_system_pll_0_0
    PLLE2_ADV_X0Y0       PLLE2_ADV (Prop_plle2_adv_CLKIN1_CLKOUT0)
                                                     -2.546    -1.632 r  system_i/pll_0/inst/plle2_adv_inst/CLKOUT0
                         net (fo=1, routed)           0.544    -1.088    system_i/pll_0/inst/clk_out1_system_pll_0_0
    BUFGCTRL_X0Y0        BUFG (Prop_bufg_I_O)         0.029    -1.059 r  system_i/pll_0/inst/clkout1_buf/O
                         net (fo=5704, routed)        0.834    -0.225    system_i/soc/axi_interconnect_0/xbar/inst/gen_samd.crossbar_samd/gen_slave_slots[0].gen_si_read.si_transactor_ar/aclk
    SLICE_X6Y50          FDRE                                         r  system_i/soc/axi_interconnect_0/xbar/inst/gen_samd.crossbar_samd/gen_slave_slots[0].gen_si_read.si_transactor_ar/gen_multi_thread.gen_thread_loop[2].active_cnt_reg[19]/C
                         clock pessimism              0.189    -0.036    
    SLICE_X6Y50          FDRE (Hold_fdre_C_D)         0.121     0.085    system_i/soc/axi_interconnect_0/xbar/inst/gen_samd.crossbar_samd/gen_slave_slots[0].gen_si_read.si_transactor_ar/gen_multi_thread.gen_thread_loop[2].active_cnt_reg[19]
  -------------------------------------------------------------------
                         required time                         -0.085    
                         arrival time                           0.087    
  -------------------------------------------------------------------
                         slack                                  0.002    

Slack (MET) :             0.023ns  (arrival time - required time)
  Source:                 system_i/soc/axi_interconnect_0/m02_couplers/auto_pc/inst/gen_axilite.gen_b2s_conv.axilite_b2s/SI_REG/aw.aw_pipe/m_payload_i_reg[54]/C
                            (rising edge-triggered cell FDRE clocked by clk_out1_system_pll_0_0  {rise@0.000ns fall@4.000ns period=8.000ns})
  Destination:            system_i/soc/axi_interconnect_0/m02_couplers/auto_pc/inst/gen_axilite.gen_b2s_conv.axilite_b2s/WR.aw_channel_0/s_awid_r_reg[1]/D
                            (rising edge-triggered cell FDRE clocked by clk_out1_system_pll_0_0  {rise@0.000ns fall@4.000ns period=8.000ns})
  Path Group:             clk_out1_system_pll_0_0
  Path Type:              Hold (Min at Fast Process Corner)
  Requirement:            0.000ns  (clk_out1_system_pll_0_0 rise@0.000ns - clk_out1_system_pll_0_0 rise@0.000ns)
  Data Path Delay:        0.350ns  (logic 0.141ns (40.326%)  route 0.209ns (59.674%))
  Logic Levels:           0  
  Clock Path Skew:        0.263ns (DCD - SCD - CPR)
    Destination Clock Delay (DCD):    -0.243ns
    Source Clock Delay      (SCD):    -0.322ns
    Clock Pessimism Removal (CPR):    -0.184ns

    Location             Delay type                Incr(ns)  Path(ns)    Netlist Resource(s)
  -------------------------------------------------------------------    -------------------
                         (clock clk_out1_system_pll_0_0 rise edge)
                                                      0.000     0.000 r  
    U18                                               0.000     0.000 r  adc_clk_p_i (IN)
                         net (fo=0)                   0.000     0.000    system_i/pll_0/inst/clk_in1_p
    U18                  IBUFDS (Prop_ibufds_I_O)     0.401     0.401 r  system_i/pll_0/inst/clkin1_ibufgds/O
                         net (fo=1, routed)           0.440     0.842    system_i/pll_0/inst/clk_in1_system_pll_0_0
    PLLE2_ADV_X0Y0       PLLE2_ADV (Prop_plle2_adv_CLKIN1_CLKOUT0)
                                                     -2.234    -1.393 r  system_i/pll_0/inst/plle2_adv_inst/CLKOUT0
                         net (fo=1, routed)           0.497    -0.896    system_i/pll_0/inst/clk_out1_system_pll_0_0
    BUFGCTRL_X0Y0        BUFG (Prop_bufg_I_O)         0.026    -0.870 r  system_i/pll_0/inst/clkout1_buf/O
                         net (fo=5704, routed)        0.548    -0.322    system_i/soc/axi_interconnect_0/m02_couplers/auto_pc/inst/gen_axilite.gen_b2s_conv.axilite_b2s/SI_REG/aw.aw_pipe/aclk
    SLICE_X22Y71         FDRE                                         r  system_i/soc/axi_interconnect_0/m02_couplers/auto_pc/inst/gen_axilite.gen_b2s_conv.axilite_b2s/SI_REG/aw.aw_pipe/m_payload_i_reg[54]/C
  -------------------------------------------------------------------    -------------------
    SLICE_X22Y71         FDRE (Prop_fdre_C_Q)         0.141    -0.181 r  system_i/soc/axi_interconnect_0/m02_couplers/auto_pc/inst/gen_axilite.gen_b2s_conv.axilite_b2s/SI_REG/aw.aw_pipe/m_payload_i_reg[54]/Q
                         net (fo=1, routed)           0.209     0.027    system_i/soc/axi_interconnect_0/m02_couplers/auto_pc/inst/gen_axilite.gen_b2s_conv.axilite_b2s/WR.aw_channel_0/s_awid_r_reg[11]_1[18]
    SLICE_X20Y72         FDRE                                         r  system_i/soc/axi_interconnect_0/m02_couplers/auto_pc/inst/gen_axilite.gen_b2s_conv.axilite_b2s/WR.aw_channel_0/s_awid_r_reg[1]/D
  -------------------------------------------------------------------    -------------------

                         (clock clk_out1_system_pll_0_0 rise edge)
                                                      0.000     0.000 r  
    U18                                               0.000     0.000 r  adc_clk_p_i (IN)
                         net (fo=0)                   0.000     0.000    system_i/pll_0/inst/clk_in1_p
    U18                  IBUFDS (Prop_ibufds_I_O)     0.433     0.433 r  system_i/pll_0/inst/clkin1_ibufgds/O
                         net (fo=1, routed)           0.481     0.914    system_i/pll_0/inst/clk_in1_system_pll_0_0
    PLLE2_ADV_X0Y0       PLLE2_ADV (Prop_plle2_adv_CLKIN1_CLKOUT0)
                                                     -2.546    -1.632 r  system_i/pll_0/inst/plle2_adv_inst/CLKOUT0
                         net (fo=1, routed)           0.544    -1.088    system_i/pll_0/inst/clk_out1_system_pll_0_0
    BUFGCTRL_X0Y0        BUFG (Prop_bufg_I_O)         0.029    -1.059 r  system_i/pll_0/inst/clkout1_buf/O
                         net (fo=5704, routed)        0.816    -0.243    system_i/soc/axi_interconnect_0/m02_couplers/auto_pc/inst/gen_axilite.gen_b2s_conv.axilite_b2s/WR.aw_channel_0/aclk
    SLICE_X20Y72         FDRE                                         r  system_i/soc/axi_interconnect_0/m02_couplers/auto_pc/inst/gen_axilite.gen_b2s_conv.axilite_b2s/WR.aw_channel_0/s_awid_r_reg[1]/C
                         clock pessimism              0.184    -0.059    
    SLICE_X20Y72         FDRE (Hold_fdre_C_D)         0.063     0.004    system_i/soc/axi_interconnect_0/m02_couplers/auto_pc/inst/gen_axilite.gen_b2s_conv.axilite_b2s/WR.aw_channel_0/s_awid_r_reg[1]
  -------------------------------------------------------------------
                         required time                         -0.004    
                         arrival time                           0.027    
  -------------------------------------------------------------------
                         slack                                  0.023    

Slack (MET) :             0.032ns  (arrival time - required time)
  Source:                 system_i/soc/axi_interconnect_0/m02_couplers/auto_pc/inst/gen_axilite.gen_b2s_conv.axilite_b2s/SI_REG/ar.ar_pipe/m_payload_i_reg[64]/C
                            (rising edge-triggered cell FDRE clocked by clk_out1_system_pll_0_0  {rise@0.000ns fall@4.000ns period=8.000ns})
  Destination:            system_i/soc/axi_interconnect_0/m02_couplers/auto_pc/inst/gen_axilite.gen_b2s_conv.axilite_b2s/RD.ar_channel_0/s_arid_r_reg[11]/D
                            (rising edge-triggered cell FDRE clocked by clk_out1_system_pll_0_0  {rise@0.000ns fall@4.000ns period=8.000ns})
  Path Group:             clk_out1_system_pll_0_0
  Path Type:              Hold (Min at Fast Process Corner)
  Requirement:            0.000ns  (clk_out1_system_pll_0_0 rise@0.000ns - clk_out1_system_pll_0_0 rise@0.000ns)
  Data Path Delay:        0.349ns  (logic 0.141ns (40.422%)  route 0.208ns (59.578%))
  Logic Levels:           0  
  Clock Path Skew:        0.270ns (DCD - SCD - CPR)
    Destination Clock Delay (DCD):    -0.227ns
    Source Clock Delay      (SCD):    -0.308ns
    Clock Pessimism Removal (CPR):    -0.189ns

    Location             Delay type                Incr(ns)  Path(ns)    Netlist Resource(s)
  -------------------------------------------------------------------    -------------------
                         (clock clk_out1_system_pll_0_0 rise edge)
                                                      0.000     0.000 r  
    U18                                               0.000     0.000 r  adc_clk_p_i (IN)
                         net (fo=0)                   0.000     0.000    system_i/pll_0/inst/clk_in1_p
    U18                  IBUFDS (Prop_ibufds_I_O)     0.401     0.401 r  system_i/pll_0/inst/clkin1_ibufgds/O
                         net (fo=1, routed)           0.440     0.842    system_i/pll_0/inst/clk_in1_system_pll_0_0
    PLLE2_ADV_X0Y0       PLLE2_ADV (Prop_plle2_adv_CLKIN1_CLKOUT0)
                                                     -2.234    -1.393 r  system_i/pll_0/inst/plle2_adv_inst/CLKOUT0
                         net (fo=1, routed)           0.497    -0.896    system_i/pll_0/inst/clk_out1_system_pll_0_0
    BUFGCTRL_X0Y0        BUFG (Prop_bufg_I_O)         0.026    -0.870 r  system_i/pll_0/inst/clkout1_buf/O
                         net (fo=5704, routed)        0.562    -0.308    system_i/soc/axi_interconnect_0/m02_couplers/auto_pc/inst/gen_axilite.gen_b2s_conv.axilite_b2s/SI_REG/ar.ar_pipe/aclk
    SLICE_X14Y50         FDRE                                         r  system_i/soc/axi_interconnect_0/m02_couplers/auto_pc/inst/gen_axilite.gen_b2s_conv.axilite_b2s/SI_REG/ar.ar_pipe/m_payload_i_reg[64]/C
  -------------------------------------------------------------------    -------------------
    SLICE_X14Y50         FDRE (Prop_fdre_C_Q)         0.141    -0.167 r  system_i/soc/axi_interconnect_0/m02_couplers/auto_pc/inst/gen_axilite.gen_b2s_conv.axilite_b2s/SI_REG/ar.ar_pipe/m_payload_i_reg[64]/Q
                         net (fo=1, routed)           0.208     0.041    system_i/soc/axi_interconnect_0/m02_couplers/auto_pc/inst/gen_axilite.gen_b2s_conv.axilite_b2s/RD.ar_channel_0/s_arid_r_reg[11]_1[28]
    SLICE_X14Y49         FDRE                                         r  system_i/soc/axi_interconnect_0/m02_couplers/auto_pc/inst/gen_axilite.gen_b2s_conv.axilite_b2s/RD.ar_channel_0/s_arid_r_reg[11]/D
  -------------------------------------------------------------------    -------------------

                         (clock clk_out1_system_pll_0_0 rise edge)
                                                      0.000     0.000 r  
    U18                                               0.000     0.000 r  adc_clk_p_i (IN)
                         net (fo=0)                   0.000     0.000    system_i/pll_0/inst/clk_in1_p
    U18                  IBUFDS (Prop_ibufds_I_O)     0.433     0.433 r  system_i/pll_0/inst/clkin1_ibufgds/O
                         net (fo=1, routed)           0.481     0.914    system_i/pll_0/inst/clk_in1_system_pll_0_0
    PLLE2_ADV_X0Y0       PLLE2_ADV (Prop_plle2_adv_CLKIN1_CLKOUT0)
                                                     -2.546    -1.632 r  system_i/pll_0/inst/plle2_adv_inst/CLKOUT0
                         net (fo=1, routed)           0.544    -1.088    system_i/pll_0/inst/clk_out1_system_pll_0_0
    BUFGCTRL_X0Y0        BUFG (Prop_bufg_I_O)         0.029    -1.059 r  system_i/pll_0/inst/clkout1_buf/O
                         net (fo=5704, routed)        0.832    -0.227    system_i/soc/axi_interconnect_0/m02_couplers/auto_pc/inst/gen_axilite.gen_b2s_conv.axilite_b2s/RD.ar_channel_0/aclk
    SLICE_X14Y49         FDRE                                         r  system_i/soc/axi_interconnect_0/m02_couplers/auto_pc/inst/gen_axilite.gen_b2s_conv.axilite_b2s/RD.ar_channel_0/s_arid_r_reg[11]/C
                         clock pessimism              0.189    -0.038    
    SLICE_X14Y49         FDRE (Hold_fdre_C_D)         0.047     0.009    system_i/soc/axi_interconnect_0/m02_couplers/auto_pc/inst/gen_axilite.gen_b2s_conv.axilite_b2s/RD.ar_channel_0/s_arid_r_reg[11]
  -------------------------------------------------------------------
                         required time                         -0.009    
                         arrival time                           0.041    
  -------------------------------------------------------------------
                         slack                                  0.032    

Slack (MET) :             0.035ns  (arrival time - required time)
  Source:                 system_i/soc/axi_interconnect_0/m02_couplers/auto_pc/inst/gen_axilite.gen_b2s_conv.axilite_b2s/SI_REG/aw.aw_pipe/m_payload_i_reg[57]/C
                            (rising edge-triggered cell FDRE clocked by clk_out1_system_pll_0_0  {rise@0.000ns fall@4.000ns period=8.000ns})
  Destination:            system_i/soc/axi_interconnect_0/m02_couplers/auto_pc/inst/gen_axilite.gen_b2s_conv.axilite_b2s/WR.aw_channel_0/s_awid_r_reg[4]/D
                            (rising edge-triggered cell FDRE clocked by clk_out1_system_pll_0_0  {rise@0.000ns fall@4.000ns period=8.000ns})
  Path Group:             clk_out1_system_pll_0_0
  Path Type:              Hold (Min at Fast Process Corner)
  Requirement:            0.000ns  (clk_out1_system_pll_0_0 rise@0.000ns - clk_out1_system_pll_0_0 rise@0.000ns)
  Data Path Delay:        0.371ns  (logic 0.141ns (38.031%)  route 0.230ns (61.969%))
  Logic Levels:           0  
  Clock Path Skew:        0.264ns (DCD - SCD - CPR)
    Destination Clock Delay (DCD):    -0.242ns
    Source Clock Delay      (SCD):    -0.322ns
    Clock Pessimism Removal (CPR):    -0.184ns

    Location             Delay type                Incr(ns)  Path(ns)    Netlist Resource(s)
  -------------------------------------------------------------------    -------------------
                         (clock clk_out1_system_pll_0_0 rise edge)
                                                      0.000     0.000 r  
    U18                                               0.000     0.000 r  adc_clk_p_i (IN)
                         net (fo=0)                   0.000     0.000    system_i/pll_0/inst/clk_in1_p
    U18                  IBUFDS (Prop_ibufds_I_O)     0.401     0.401 r  system_i/pll_0/inst/clkin1_ibufgds/O
                         net (fo=1, routed)           0.440     0.842    system_i/pll_0/inst/clk_in1_system_pll_0_0
    PLLE2_ADV_X0Y0       PLLE2_ADV (Prop_plle2_adv_CLKIN1_CLKOUT0)
                                                     -2.234    -1.393 r  system_i/pll_0/inst/plle2_adv_inst/CLKOUT0
                         net (fo=1, routed)           0.497    -0.896    system_i/pll_0/inst/clk_out1_system_pll_0_0
    BUFGCTRL_X0Y0        BUFG (Prop_bufg_I_O)         0.026    -0.870 r  system_i/pll_0/inst/clkout1_buf/O
                         net (fo=5704, routed)        0.548    -0.322    system_i/soc/axi_interconnect_0/m02_couplers/auto_pc/inst/gen_axilite.gen_b2s_conv.axilite_b2s/SI_REG/aw.aw_pipe/aclk
    SLICE_X22Y71         FDRE                                         r  system_i/soc/axi_interconnect_0/m02_couplers/auto_pc/inst/gen_axilite.gen_b2s_conv.axilite_b2s/SI_REG/aw.aw_pipe/m_payload_i_reg[57]/C
  -------------------------------------------------------------------    -------------------
    SLICE_X22Y71         FDRE (Prop_fdre_C_Q)         0.141    -0.181 r  system_i/soc/axi_interconnect_0/m02_couplers/auto_pc/inst/gen_axilite.gen_b2s_conv.axilite_b2s/SI_REG/aw.aw_pipe/m_payload_i_reg[57]/Q
                         net (fo=1, routed)           0.230     0.049    system_i/soc/axi_interconnect_0/m02_couplers/auto_pc/inst/gen_axilite.gen_b2s_conv.axilite_b2s/WR.aw_channel_0/s_awid_r_reg[11]_1[21]
    SLICE_X17Y72         FDRE                                         r  system_i/soc/axi_interconnect_0/m02_couplers/auto_pc/inst/gen_axilite.gen_b2s_conv.axilite_b2s/WR.aw_channel_0/s_awid_r_reg[4]/D
  -------------------------------------------------------------------    -------------------

                         (clock clk_out1_system_pll_0_0 rise edge)
                                                      0.000     0.000 r  
    U18                                               0.000     0.000 r  adc_clk_p_i (IN)
                         net (fo=0)                   0.000     0.000    system_i/pll_0/inst/clk_in1_p
    U18                  IBUFDS (Prop_ibufds_I_O)     0.433     0.433 r  system_i/pll_0/inst/clkin1_ibufgds/O
                         net (fo=1, routed)           0.481     0.914    system_i/pll_0/inst/clk_in1_system_pll_0_0
    PLLE2_ADV_X0Y0       PLLE2_ADV (Prop_plle2_adv_CLKIN1_CLKOUT0)
                                                     -2.546    -1.632 r  system_i/pll_0/inst/plle2_adv_inst/CLKOUT0
                         net (fo=1, routed)           0.544    -1.088    system_i/pll_0/inst/clk_out1_system_pll_0_0
    BUFGCTRL_X0Y0        BUFG (Prop_bufg_I_O)         0.029    -1.059 r  system_i/pll_0/inst/clkout1_buf/O
                         net (fo=5704, routed)        0.817    -0.242    system_i/soc/axi_interconnect_0/m02_couplers/auto_pc/inst/gen_axilite.gen_b2s_conv.axilite_b2s/WR.aw_channel_0/aclk
    SLICE_X17Y72         FDRE                                         r  system_i/soc/axi_interconnect_0/m02_couplers/auto_pc/inst/gen_axilite.gen_b2s_conv.axilite_b2s/WR.aw_channel_0/s_awid_r_reg[4]/C
                         clock pessimism              0.184    -0.058    
    SLICE_X17Y72         FDRE (Hold_fdre_C_D)         0.071     0.013    system_i/soc/axi_interconnect_0/m02_couplers/auto_pc/inst/gen_axilite.gen_b2s_conv.axilite_b2s/WR.aw_channel_0/s_awid_r_reg[4]
  -------------------------------------------------------------------
                         required time                         -0.013    
                         arrival time                           0.049    
  -------------------------------------------------------------------
                         slack                                  0.035    

Slack (MET) :             0.036ns  (arrival time - required time)
  Source:                 system_i/iir2nd/axi_gpio_2/U0/ip2bus_data_i_D1_reg[30]/C
                            (rising edge-triggered cell FDRE clocked by clk_out1_system_pll_0_0  {rise@0.000ns fall@4.000ns period=8.000ns})
  Destination:            system_i/iir2nd/axi_gpio_2/U0/AXI_LITE_IPIF_I/I_SLAVE_ATTACHMENT/s_axi_rdata_i_reg[1]/D
                            (rising edge-triggered cell FDRE clocked by clk_out1_system_pll_0_0  {rise@0.000ns fall@4.000ns period=8.000ns})
  Path Group:             clk_out1_system_pll_0_0
  Path Type:              Hold (Min at Fast Process Corner)
  Requirement:            0.000ns  (clk_out1_system_pll_0_0 rise@0.000ns - clk_out1_system_pll_0_0 rise@0.000ns)
  Data Path Delay:        0.377ns  (logic 0.141ns (37.435%)  route 0.236ns (62.565%))
  Logic Levels:           0  
  Clock Path Skew:        0.268ns (DCD - SCD - CPR)
    Destination Clock Delay (DCD):    -0.236ns
    Source Clock Delay      (SCD):    -0.320ns
    Clock Pessimism Removal (CPR):    -0.184ns

    Location             Delay type                Incr(ns)  Path(ns)    Netlist Resource(s)
  -------------------------------------------------------------------    -------------------
                         (clock clk_out1_system_pll_0_0 rise edge)
                                                      0.000     0.000 r  
    U18                                               0.000     0.000 r  adc_clk_p_i (IN)
                         net (fo=0)                   0.000     0.000    system_i/pll_0/inst/clk_in1_p
    U18                  IBUFDS (Prop_ibufds_I_O)     0.401     0.401 r  system_i/pll_0/inst/clkin1_ibufgds/O
                         net (fo=1, routed)           0.440     0.842    system_i/pll_0/inst/clk_in1_system_pll_0_0
    PLLE2_ADV_X0Y0       PLLE2_ADV (Prop_plle2_adv_CLKIN1_CLKOUT0)
                                                     -2.234    -1.393 r  system_i/pll_0/inst/plle2_adv_inst/CLKOUT0
                         net (fo=1, routed)           0.497    -0.896    system_i/pll_0/inst/clk_out1_system_pll_0_0
    BUFGCTRL_X0Y0        BUFG (Prop_bufg_I_O)         0.026    -0.870 r  system_i/pll_0/inst/clkout1_buf/O
                         net (fo=5704, routed)        0.550    -0.320    system_i/iir2nd/axi_gpio_2/U0/s_axi_aclk
    SLICE_X23Y27         FDRE                                         r  system_i/iir2nd/axi_gpio_2/U0/ip2bus_data_i_D1_reg[30]/C
  -------------------------------------------------------------------    -------------------
    SLICE_X23Y27         FDRE (Prop_fdre_C_Q)         0.141    -0.179 r  system_i/iir2nd/axi_gpio_2/U0/ip2bus_data_i_D1_reg[30]/Q
                         net (fo=1, routed)           0.236     0.056    system_i/iir2nd/axi_gpio_2/U0/AXI_LITE_IPIF_I/I_SLAVE_ATTACHMENT/s_axi_rdata_i_reg[31]_0[1]
    SLICE_X21Y33         FDRE                                         r  system_i/iir2nd/axi_gpio_2/U0/AXI_LITE_IPIF_I/I_SLAVE_ATTACHMENT/s_axi_rdata_i_reg[1]/D
  -------------------------------------------------------------------    -------------------

                         (clock clk_out1_system_pll_0_0 rise edge)
                                                      0.000     0.000 r  
    U18                                               0.000     0.000 r  adc_clk_p_i (IN)
                         net (fo=0)                   0.000     0.000    system_i/pll_0/inst/clk_in1_p
    U18                  IBUFDS (Prop_ibufds_I_O)     0.433     0.433 r  system_i/pll_0/inst/clkin1_ibufgds/O
                         net (fo=1, routed)           0.481     0.914    system_i/pll_0/inst/clk_in1_system_pll_0_0
    PLLE2_ADV_X0Y0       PLLE2_ADV (Prop_plle2_adv_CLKIN1_CLKOUT0)
                                                     -2.546    -1.632 r  system_i/pll_0/inst/plle2_adv_inst/CLKOUT0
                         net (fo=1, routed)           0.544    -1.088    system_i/pll_0/inst/clk_out1_system_pll_0_0
    BUFGCTRL_X0Y0        BUFG (Prop_bufg_I_O)         0.029    -1.059 r  system_i/pll_0/inst/clkout1_buf/O
                         net (fo=5704, routed)        0.823    -0.236    system_i/iir2nd/axi_gpio_2/U0/AXI_LITE_IPIF_I/I_SLAVE_ATTACHMENT/s_axi_aclk
    SLICE_X21Y33         FDRE                                         r  system_i/iir2nd/axi_gpio_2/U0/AXI_LITE_IPIF_I/I_SLAVE_ATTACHMENT/s_axi_rdata_i_reg[1]/C
                         clock pessimism              0.184    -0.052    
    SLICE_X21Y33         FDRE (Hold_fdre_C_D)         0.072     0.020    system_i/iir2nd/axi_gpio_2/U0/AXI_LITE_IPIF_I/I_SLAVE_ATTACHMENT/s_axi_rdata_i_reg[1]
  -------------------------------------------------------------------
                         required time                         -0.020    
                         arrival time                           0.056    
  -------------------------------------------------------------------
                         slack                                  0.036    

Slack (MET) :             0.039ns  (arrival time - required time)
  Source:                 system_i/iir2nd/axi_gpio_1/U0/AXI_LITE_IPIF_I/I_SLAVE_ATTACHMENT/s_axi_rdata_i_reg[31]/C
                            (rising edge-triggered cell FDRE clocked by clk_out1_system_pll_0_0  {rise@0.000ns fall@4.000ns period=8.000ns})
  Destination:            system_i/soc/axi_interconnect_0/m01_couplers/auto_pc/inst/gen_axilite.gen_b2s_conv.axilite_b2s/RD.r_channel_0/rd_data_fifo_0/memory_reg[31][31]_srl32/D
                            (rising edge-triggered cell SRLC32E clocked by clk_out1_system_pll_0_0  {rise@0.000ns fall@4.000ns period=8.000ns})
  Path Group:             clk_out1_system_pll_0_0
  Path Type:              Hold (Min at Fast Process Corner)
  Requirement:            0.000ns  (clk_out1_system_pll_0_0 rise@0.000ns - clk_out1_system_pll_0_0 rise@0.000ns)
  Data Path Delay:        0.256ns  (logic 0.141ns (55.018%)  route 0.115ns (44.982%))
  Logic Levels:           0  
  Clock Path Skew:        0.034ns (DCD - SCD - CPR)
    Destination Clock Delay (DCD):    -0.230ns
    Source Clock Delay      (SCD):    -0.308ns
    Clock Pessimism Removal (CPR):    0.044ns

    Location             Delay type                Incr(ns)  Path(ns)    Netlist Resource(s)
  -------------------------------------------------------------------    -------------------
                         (clock clk_out1_system_pll_0_0 rise edge)
                                                      0.000     0.000 r  
    U18                                               0.000     0.000 r  adc_clk_p_i (IN)
                         net (fo=0)                   0.000     0.000    system_i/pll_0/inst/clk_in1_p
    U18                  IBUFDS (Prop_ibufds_I_O)     0.401     0.401 r  system_i/pll_0/inst/clkin1_ibufgds/O
                         net (fo=1, routed)           0.440     0.842    system_i/pll_0/inst/clk_in1_system_pll_0_0
    PLLE2_ADV_X0Y0       PLLE2_ADV (Prop_plle2_adv_CLKIN1_CLKOUT0)
                                                     -2.234    -1.393 r  system_i/pll_0/inst/plle2_adv_inst/CLKOUT0
                         net (fo=1, routed)           0.497    -0.896    system_i/pll_0/inst/clk_out1_system_pll_0_0
    BUFGCTRL_X0Y0        BUFG (Prop_bufg_I_O)         0.026    -0.870 r  system_i/pll_0/inst/clkout1_buf/O
                         net (fo=5704, routed)        0.562    -0.308    system_i/iir2nd/axi_gpio_1/U0/AXI_LITE_IPIF_I/I_SLAVE_ATTACHMENT/s_axi_aclk
    SLICE_X7Y34          FDRE                                         r  system_i/iir2nd/axi_gpio_1/U0/AXI_LITE_IPIF_I/I_SLAVE_ATTACHMENT/s_axi_rdata_i_reg[31]/C
  -------------------------------------------------------------------    -------------------
    SLICE_X7Y34          FDRE (Prop_fdre_C_Q)         0.141    -0.167 r  system_i/iir2nd/axi_gpio_1/U0/AXI_LITE_IPIF_I/I_SLAVE_ATTACHMENT/s_axi_rdata_i_reg[31]/Q
                         net (fo=1, routed)           0.115    -0.052    system_i/soc/axi_interconnect_0/m01_couplers/auto_pc/inst/gen_axilite.gen_b2s_conv.axilite_b2s/RD.r_channel_0/rd_data_fifo_0/m_axi_rdata[31]
    SLICE_X8Y35          SRLC32E                                      r  system_i/soc/axi_interconnect_0/m01_couplers/auto_pc/inst/gen_axilite.gen_b2s_conv.axilite_b2s/RD.r_channel_0/rd_data_fifo_0/memory_reg[31][31]_srl32/D
  -------------------------------------------------------------------    -------------------

                         (clock clk_out1_system_pll_0_0 rise edge)
                                                      0.000     0.000 r  
    U18                                               0.000     0.000 r  adc_clk_p_i (IN)
                         net (fo=0)                   0.000     0.000    system_i/pll_0/inst/clk_in1_p
    U18                  IBUFDS (Prop_ibufds_I_O)     0.433     0.433 r  system_i/pll_0/inst/clkin1_ibufgds/O
                         net (fo=1, routed)           0.481     0.914    system_i/pll_0/inst/clk_in1_system_pll_0_0
    PLLE2_ADV_X0Y0       PLLE2_ADV (Prop_plle2_adv_CLKIN1_CLKOUT0)
                                                     -2.546    -1.632 r  system_i/pll_0/inst/plle2_adv_inst/CLKOUT0
                         net (fo=1, routed)           0.544    -1.088    system_i/pll_0/inst/clk_out1_system_pll_0_0
    BUFGCTRL_X0Y0        BUFG (Prop_bufg_I_O)         0.029    -1.059 r  system_i/pll_0/inst/clkout1_buf/O
                         net (fo=5704, routed)        0.829    -0.230    system_i/soc/axi_interconnect_0/m01_couplers/auto_pc/inst/gen_axilite.gen_b2s_conv.axilite_b2s/RD.r_channel_0/rd_data_fifo_0/aclk
    SLICE_X8Y35          SRLC32E                                      r  system_i/soc/axi_interconnect_0/m01_couplers/auto_pc/inst/gen_axilite.gen_b2s_conv.axilite_b2s/RD.r_channel_0/rd_data_fifo_0/memory_reg[31][31]_srl32/CLK
                         clock pessimism             -0.044    -0.274    
    SLICE_X8Y35          SRLC32E (Hold_srlc32e_CLK_D)
                                                      0.183    -0.091    system_i/soc/axi_interconnect_0/m01_couplers/auto_pc/inst/gen_axilite.gen_b2s_conv.axilite_b2s/RD.r_channel_0/rd_data_fifo_0/memory_reg[31][31]_srl32
  -------------------------------------------------------------------
                         required time                          0.091    
                         arrival time                          -0.052    
  -------------------------------------------------------------------
                         slack                                  0.039    

Slack (MET) :             0.045ns  (arrival time - required time)
  Source:                 system_i/iir2nd/axi_gpio_2/U0/ip2bus_data_i_D1_reg[20]/C
                            (rising edge-triggered cell FDRE clocked by clk_out1_system_pll_0_0  {rise@0.000ns fall@4.000ns period=8.000ns})
  Destination:            system_i/iir2nd/axi_gpio_2/U0/AXI_LITE_IPIF_I/I_SLAVE_ATTACHMENT/s_axi_rdata_i_reg[11]/D
                            (rising edge-triggered cell FDRE clocked by clk_out1_system_pll_0_0  {rise@0.000ns fall@4.000ns period=8.000ns})
  Path Group:             clk_out1_system_pll_0_0
  Path Type:              Hold (Min at Fast Process Corner)
  Requirement:            0.000ns  (clk_out1_system_pll_0_0 rise@0.000ns - clk_out1_system_pll_0_0 rise@0.000ns)
  Data Path Delay:        0.379ns  (logic 0.141ns (37.189%)  route 0.238ns (62.811%))
  Logic Levels:           0  
  Clock Path Skew:        0.268ns (DCD - SCD - CPR)
    Destination Clock Delay (DCD):    -0.236ns
    Source Clock Delay      (SCD):    -0.320ns
    Clock Pessimism Removal (CPR):    -0.184ns

    Location             Delay type                Incr(ns)  Path(ns)    Netlist Resource(s)
  -------------------------------------------------------------------    -------------------
                         (clock clk_out1_system_pll_0_0 rise edge)
                                                      0.000     0.000 r  
    U18                                               0.000     0.000 r  adc_clk_p_i (IN)
                         net (fo=0)                   0.000     0.000    system_i/pll_0/inst/clk_in1_p
    U18                  IBUFDS (Prop_ibufds_I_O)     0.401     0.401 r  system_i/pll_0/inst/clkin1_ibufgds/O
                         net (fo=1, routed)           0.440     0.842    system_i/pll_0/inst/clk_in1_system_pll_0_0
    PLLE2_ADV_X0Y0       PLLE2_ADV (Prop_plle2_adv_CLKIN1_CLKOUT0)
                                                     -2.234    -1.393 r  system_i/pll_0/inst/plle2_adv_inst/CLKOUT0
                         net (fo=1, routed)           0.497    -0.896    system_i/pll_0/inst/clk_out1_system_pll_0_0
    BUFGCTRL_X0Y0        BUFG (Prop_bufg_I_O)         0.026    -0.870 r  system_i/pll_0/inst/clkout1_buf/O
                         net (fo=5704, routed)        0.550    -0.320    system_i/iir2nd/axi_gpio_2/U0/s_axi_aclk
    SLICE_X23Y27         FDRE                                         r  system_i/iir2nd/axi_gpio_2/U0/ip2bus_data_i_D1_reg[20]/C
  -------------------------------------------------------------------    -------------------
    SLICE_X23Y27         FDRE (Prop_fdre_C_Q)         0.141    -0.179 r  system_i/iir2nd/axi_gpio_2/U0/ip2bus_data_i_D1_reg[20]/Q
                         net (fo=1, routed)           0.238     0.059    system_i/iir2nd/axi_gpio_2/U0/AXI_LITE_IPIF_I/I_SLAVE_ATTACHMENT/s_axi_rdata_i_reg[31]_0[11]
    SLICE_X21Y33         FDRE                                         r  system_i/iir2nd/axi_gpio_2/U0/AXI_LITE_IPIF_I/I_SLAVE_ATTACHMENT/s_axi_rdata_i_reg[11]/D
  -------------------------------------------------------------------    -------------------

                         (clock clk_out1_system_pll_0_0 rise edge)
                                                      0.000     0.000 r  
    U18                                               0.000     0.000 r  adc_clk_p_i (IN)
                         net (fo=0)                   0.000     0.000    system_i/pll_0/inst/clk_in1_p
    U18                  IBUFDS (Prop_ibufds_I_O)     0.433     0.433 r  system_i/pll_0/inst/clkin1_ibufgds/O
                         net (fo=1, routed)           0.481     0.914    system_i/pll_0/inst/clk_in1_system_pll_0_0
    PLLE2_ADV_X0Y0       PLLE2_ADV (Prop_plle2_adv_CLKIN1_CLKOUT0)
                                                     -2.546    -1.632 r  system_i/pll_0/inst/plle2_adv_inst/CLKOUT0
                         net (fo=1, routed)           0.544    -1.088    system_i/pll_0/inst/clk_out1_system_pll_0_0
    BUFGCTRL_X0Y0        BUFG (Prop_bufg_I_O)         0.029    -1.059 r  system_i/pll_0/inst/clkout1_buf/O
                         net (fo=5704, routed)        0.823    -0.236    system_i/iir2nd/axi_gpio_2/U0/AXI_LITE_IPIF_I/I_SLAVE_ATTACHMENT/s_axi_aclk
    SLICE_X21Y33         FDRE                                         r  system_i/iir2nd/axi_gpio_2/U0/AXI_LITE_IPIF_I/I_SLAVE_ATTACHMENT/s_axi_rdata_i_reg[11]/C
                         clock pessimism              0.184    -0.052    
    SLICE_X21Y33         FDRE (Hold_fdre_C_D)         0.066     0.014    system_i/iir2nd/axi_gpio_2/U0/AXI_LITE_IPIF_I/I_SLAVE_ATTACHMENT/s_axi_rdata_i_reg[11]
  -------------------------------------------------------------------
                         required time                         -0.014    
                         arrival time                           0.059    
  -------------------------------------------------------------------
                         slack                                  0.045    

Slack (MET) :             0.045ns  (arrival time - required time)
  Source:                 system_i/soc/axi_interconnect_0/m01_couplers/auto_pc/inst/gen_axilite.gen_b2s_conv.axilite_b2s/SI_REG/r.r_pipe/m_payload_i_reg[37]/C
                            (rising edge-triggered cell FDRE clocked by clk_out1_system_pll_0_0  {rise@0.000ns fall@4.000ns period=8.000ns})
  Destination:            system_i/soc/axi_interconnect_0/xbar/inst/gen_samd.crossbar_samd/gen_master_slots[1].reg_slice_mi/r.r_pipe/m_payload_i_reg[37]/D
                            (rising edge-triggered cell FDRE clocked by clk_out1_system_pll_0_0  {rise@0.000ns fall@4.000ns period=8.000ns})
  Path Group:             clk_out1_system_pll_0_0
  Path Type:              Hold (Min at Fast Process Corner)
  Requirement:            0.000ns  (clk_out1_system_pll_0_0 rise@0.000ns - clk_out1_system_pll_0_0 rise@0.000ns)
  Data Path Delay:        0.408ns  (logic 0.209ns (51.254%)  route 0.199ns (48.746%))
  Logic Levels:           1  (LUT3=1)
  Clock Path Skew:        0.270ns (DCD - SCD - CPR)
    Destination Clock Delay (DCD):    -0.224ns
    Source Clock Delay      (SCD):    -0.305ns
    Clock Pessimism Removal (CPR):    -0.189ns

    Location             Delay type                Incr(ns)  Path(ns)    Netlist Resource(s)
  -------------------------------------------------------------------    -------------------
                         (clock clk_out1_system_pll_0_0 rise edge)
                                                      0.000     0.000 r  
    U18                                               0.000     0.000 r  adc_clk_p_i (IN)
                         net (fo=0)                   0.000     0.000    system_i/pll_0/inst/clk_in1_p
    U18                  IBUFDS (Prop_ibufds_I_O)     0.401     0.401 r  system_i/pll_0/inst/clkin1_ibufgds/O
                         net (fo=1, routed)           0.440     0.842    system_i/pll_0/inst/clk_in1_system_pll_0_0
    PLLE2_ADV_X0Y0       PLLE2_ADV (Prop_plle2_adv_CLKIN1_CLKOUT0)
                                                     -2.234    -1.393 r  system_i/pll_0/inst/plle2_adv_inst/CLKOUT0
                         net (fo=1, routed)           0.497    -0.896    system_i/pll_0/inst/clk_out1_system_pll_0_0
    BUFGCTRL_X0Y0        BUFG (Prop_bufg_I_O)         0.026    -0.870 r  system_i/pll_0/inst/clkout1_buf/O
                         net (fo=5704, routed)        0.565    -0.305    system_i/soc/axi_interconnect_0/m01_couplers/auto_pc/inst/gen_axilite.gen_b2s_conv.axilite_b2s/SI_REG/r.r_pipe/aclk
    SLICE_X10Y50         FDRE                                         r  system_i/soc/axi_interconnect_0/m01_couplers/auto_pc/inst/gen_axilite.gen_b2s_conv.axilite_b2s/SI_REG/r.r_pipe/m_payload_i_reg[37]/C
  -------------------------------------------------------------------    -------------------
    SLICE_X10Y50         FDRE (Prop_fdre_C_Q)         0.164    -0.141 r  system_i/soc/axi_interconnect_0/m01_couplers/auto_pc/inst/gen_axilite.gen_b2s_conv.axilite_b2s/SI_REG/r.r_pipe/m_payload_i_reg[37]/Q
                         net (fo=2, routed)           0.199     0.058    system_i/soc/axi_interconnect_0/xbar/inst/gen_samd.crossbar_samd/gen_master_slots[1].reg_slice_mi/r.r_pipe/m_axi_rid[2]
    SLICE_X11Y49         LUT3 (Prop_lut3_I0_O)        0.045     0.103 r  system_i/soc/axi_interconnect_0/xbar/inst/gen_samd.crossbar_samd/gen_master_slots[1].reg_slice_mi/r.r_pipe/m_payload_i[37]_i_1__0/O
                         net (fo=1, routed)           0.000     0.103    system_i/soc/axi_interconnect_0/xbar/inst/gen_samd.crossbar_samd/gen_master_slots[1].reg_slice_mi/r.r_pipe/skid_buffer[37]
    SLICE_X11Y49         FDRE                                         r  system_i/soc/axi_interconnect_0/xbar/inst/gen_samd.crossbar_samd/gen_master_slots[1].reg_slice_mi/r.r_pipe/m_payload_i_reg[37]/D
  -------------------------------------------------------------------    -------------------

                         (clock clk_out1_system_pll_0_0 rise edge)
                                                      0.000     0.000 r  
    U18                                               0.000     0.000 r  adc_clk_p_i (IN)
                         net (fo=0)                   0.000     0.000    system_i/pll_0/inst/clk_in1_p
    U18                  IBUFDS (Prop_ibufds_I_O)     0.433     0.433 r  system_i/pll_0/inst/clkin1_ibufgds/O
                         net (fo=1, routed)           0.481     0.914    system_i/pll_0/inst/clk_in1_system_pll_0_0
    PLLE2_ADV_X0Y0       PLLE2_ADV (Prop_plle2_adv_CLKIN1_CLKOUT0)
                                                     -2.546    -1.632 r  system_i/pll_0/inst/plle2_adv_inst/CLKOUT0
                         net (fo=1, routed)           0.544    -1.088    system_i/pll_0/inst/clk_out1_system_pll_0_0
    BUFGCTRL_X0Y0        BUFG (Prop_bufg_I_O)         0.029    -1.059 r  system_i/pll_0/inst/clkout1_buf/O
                         net (fo=5704, routed)        0.835    -0.224    system_i/soc/axi_interconnect_0/xbar/inst/gen_samd.crossbar_samd/gen_master_slots[1].reg_slice_mi/r.r_pipe/aclk
    SLICE_X11Y49         FDRE                                         r  system_i/soc/axi_interconnect_0/xbar/inst/gen_samd.crossbar_samd/gen_master_slots[1].reg_slice_mi/r.r_pipe/m_payload_i_reg[37]/C
                         clock pessimism              0.189    -0.035    
    SLICE_X11Y49         FDRE (Hold_fdre_C_D)         0.092     0.057    system_i/soc/axi_interconnect_0/xbar/inst/gen_samd.crossbar_samd/gen_master_slots[1].reg_slice_mi/r.r_pipe/m_payload_i_reg[37]
  -------------------------------------------------------------------
                         required time                         -0.057    
                         arrival time                           0.103    
  -------------------------------------------------------------------
                         slack                                  0.045    

Slack (MET) :             0.046ns  (arrival time - required time)
  Source:                 system_i/soc/axi_interconnect_0/m02_couplers/auto_pc/inst/gen_axilite.gen_b2s_conv.axilite_b2s/SI_REG/r.r_pipe/m_payload_i_reg[31]/C
                            (rising edge-triggered cell FDRE clocked by clk_out1_system_pll_0_0  {rise@0.000ns fall@4.000ns period=8.000ns})
  Destination:            system_i/soc/axi_interconnect_0/xbar/inst/gen_samd.crossbar_samd/gen_master_slots[2].reg_slice_mi/r.r_pipe/m_payload_i_reg[31]/D
                            (rising edge-triggered cell FDRE clocked by clk_out1_system_pll_0_0  {rise@0.000ns fall@4.000ns period=8.000ns})
  Path Group:             clk_out1_system_pll_0_0
  Path Type:              Hold (Min at Fast Process Corner)
  Requirement:            0.000ns  (clk_out1_system_pll_0_0 rise@0.000ns - clk_out1_system_pll_0_0 rise@0.000ns)
  Data Path Delay:        0.406ns  (logic 0.186ns (45.859%)  route 0.220ns (54.141%))
  Logic Levels:           1  (LUT3=1)
  Clock Path Skew:        0.267ns (DCD - SCD - CPR)
    Destination Clock Delay (DCD):    -0.228ns
    Source Clock Delay      (SCD):    -0.311ns
    Clock Pessimism Removal (CPR):    -0.184ns

    Location             Delay type                Incr(ns)  Path(ns)    Netlist Resource(s)
  -------------------------------------------------------------------    -------------------
                         (clock clk_out1_system_pll_0_0 rise edge)
                                                      0.000     0.000 r  
    U18                                               0.000     0.000 r  adc_clk_p_i (IN)
                         net (fo=0)                   0.000     0.000    system_i/pll_0/inst/clk_in1_p
    U18                  IBUFDS (Prop_ibufds_I_O)     0.401     0.401 r  system_i/pll_0/inst/clkin1_ibufgds/O
                         net (fo=1, routed)           0.440     0.842    system_i/pll_0/inst/clk_in1_system_pll_0_0
    PLLE2_ADV_X0Y0       PLLE2_ADV (Prop_plle2_adv_CLKIN1_CLKOUT0)
                                                     -2.234    -1.393 r  system_i/pll_0/inst/plle2_adv_inst/CLKOUT0
                         net (fo=1, routed)           0.497    -0.896    system_i/pll_0/inst/clk_out1_system_pll_0_0
    BUFGCTRL_X0Y0        BUFG (Prop_bufg_I_O)         0.026    -0.870 r  system_i/pll_0/inst/clkout1_buf/O
                         net (fo=5704, routed)        0.559    -0.311    system_i/soc/axi_interconnect_0/m02_couplers/auto_pc/inst/gen_axilite.gen_b2s_conv.axilite_b2s/SI_REG/r.r_pipe/aclk
    SLICE_X22Y40         FDRE                                         r  system_i/soc/axi_interconnect_0/m02_couplers/auto_pc/inst/gen_axilite.gen_b2s_conv.axilite_b2s/SI_REG/r.r_pipe/m_payload_i_reg[31]/C
  -------------------------------------------------------------------    -------------------
    SLICE_X22Y40         FDRE (Prop_fdre_C_Q)         0.141    -0.170 r  system_i/soc/axi_interconnect_0/m02_couplers/auto_pc/inst/gen_axilite.gen_b2s_conv.axilite_b2s/SI_REG/r.r_pipe/m_payload_i_reg[31]/Q
                         net (fo=2, routed)           0.220     0.049    system_i/soc/axi_interconnect_0/xbar/inst/gen_samd.crossbar_samd/gen_master_slots[2].reg_slice_mi/r.r_pipe/m_axi_rdata[31]
    SLICE_X18Y43         LUT3 (Prop_lut3_I0_O)        0.045     0.094 r  system_i/soc/axi_interconnect_0/xbar/inst/gen_samd.crossbar_samd/gen_master_slots[2].reg_slice_mi/r.r_pipe/m_payload_i[31]_i_1__1/O
                         net (fo=1, routed)           0.000     0.094    system_i/soc/axi_interconnect_0/xbar/inst/gen_samd.crossbar_samd/gen_master_slots[2].reg_slice_mi/r.r_pipe/skid_buffer[31]
    SLICE_X18Y43         FDRE                                         r  system_i/soc/axi_interconnect_0/xbar/inst/gen_samd.crossbar_samd/gen_master_slots[2].reg_slice_mi/r.r_pipe/m_payload_i_reg[31]/D
  -------------------------------------------------------------------    -------------------

                         (clock clk_out1_system_pll_0_0 rise edge)
                                                      0.000     0.000 r  
    U18                                               0.000     0.000 r  adc_clk_p_i (IN)
                         net (fo=0)                   0.000     0.000    system_i/pll_0/inst/clk_in1_p
    U18                  IBUFDS (Prop_ibufds_I_O)     0.433     0.433 r  system_i/pll_0/inst/clkin1_ibufgds/O
                         net (fo=1, routed)           0.481     0.914    system_i/pll_0/inst/clk_in1_system_pll_0_0
    PLLE2_ADV_X0Y0       PLLE2_ADV (Prop_plle2_adv_CLKIN1_CLKOUT0)
                                                     -2.546    -1.632 r  system_i/pll_0/inst/plle2_adv_inst/CLKOUT0
                         net (fo=1, routed)           0.544    -1.088    system_i/pll_0/inst/clk_out1_system_pll_0_0
    BUFGCTRL_X0Y0        BUFG (Prop_bufg_I_O)         0.029    -1.059 r  system_i/pll_0/inst/clkout1_buf/O
                         net (fo=5704, routed)        0.831    -0.228    system_i/soc/axi_interconnect_0/xbar/inst/gen_samd.crossbar_samd/gen_master_slots[2].reg_slice_mi/r.r_pipe/aclk
    SLICE_X18Y43         FDRE                                         r  system_i/soc/axi_interconnect_0/xbar/inst/gen_samd.crossbar_samd/gen_master_slots[2].reg_slice_mi/r.r_pipe/m_payload_i_reg[31]/C
                         clock pessimism              0.184    -0.044    
    SLICE_X18Y43         FDRE (Hold_fdre_C_D)         0.092     0.048    system_i/soc/axi_interconnect_0/xbar/inst/gen_samd.crossbar_samd/gen_master_slots[2].reg_slice_mi/r.r_pipe/m_payload_i_reg[31]
  -------------------------------------------------------------------
                         required time                         -0.048    
                         arrival time                           0.094    
  -------------------------------------------------------------------
                         slack                                  0.046    

Slack (MET) :             0.052ns  (arrival time - required time)
  Source:                 system_i/axi_gpio_0/U0/AXI_LITE_IPIF_I/I_SLAVE_ATTACHMENT/s_axi_rdata_i_reg[19]/C
                            (rising edge-triggered cell FDRE clocked by clk_out1_system_pll_0_0  {rise@0.000ns fall@4.000ns period=8.000ns})
  Destination:            system_i/soc/axi_interconnect_0/m00_couplers/auto_pc/inst/gen_axilite.gen_b2s_conv.axilite_b2s/RD.r_channel_0/rd_data_fifo_0/memory_reg[31][19]_srl32/D
                            (rising edge-triggered cell SRLC32E clocked by clk_out1_system_pll_0_0  {rise@0.000ns fall@4.000ns period=8.000ns})
  Path Group:             clk_out1_system_pll_0_0
  Path Type:              Hold (Min at Fast Process Corner)
  Requirement:            0.000ns  (clk_out1_system_pll_0_0 rise@0.000ns - clk_out1_system_pll_0_0 rise@0.000ns)
  Data Path Delay:        0.251ns  (logic 0.141ns (56.174%)  route 0.110ns (43.826%))
  Logic Levels:           0  
  Clock Path Skew:        0.016ns (DCD - SCD - CPR)
    Destination Clock Delay (DCD):    -0.225ns
    Source Clock Delay      (SCD):    -0.304ns
    Clock Pessimism Removal (CPR):    0.063ns

    Location             Delay type                Incr(ns)  Path(ns)    Netlist Resource(s)
  -------------------------------------------------------------------    -------------------
                         (clock clk_out1_system_pll_0_0 rise edge)
                                                      0.000     0.000 r  
    U18                                               0.000     0.000 r  adc_clk_p_i (IN)
                         net (fo=0)                   0.000     0.000    system_i/pll_0/inst/clk_in1_p
    U18                  IBUFDS (Prop_ibufds_I_O)     0.401     0.401 r  system_i/pll_0/inst/clkin1_ibufgds/O
                         net (fo=1, routed)           0.440     0.842    system_i/pll_0/inst/clk_in1_system_pll_0_0
    PLLE2_ADV_X0Y0       PLLE2_ADV (Prop_plle2_adv_CLKIN1_CLKOUT0)
                                                     -2.234    -1.393 r  system_i/pll_0/inst/plle2_adv_inst/CLKOUT0
                         net (fo=1, routed)           0.497    -0.896    system_i/pll_0/inst/clk_out1_system_pll_0_0
    BUFGCTRL_X0Y0        BUFG (Prop_bufg_I_O)         0.026    -0.870 r  system_i/pll_0/inst/clkout1_buf/O
                         net (fo=5704, routed)        0.566    -0.304    system_i/axi_gpio_0/U0/AXI_LITE_IPIF_I/I_SLAVE_ATTACHMENT/s_axi_aclk
    SLICE_X9Y44          FDRE                                         r  system_i/axi_gpio_0/U0/AXI_LITE_IPIF_I/I_SLAVE_ATTACHMENT/s_axi_rdata_i_reg[19]/C
  -------------------------------------------------------------------    -------------------
    SLICE_X9Y44          FDRE (Prop_fdre_C_Q)         0.141    -0.163 r  system_i/axi_gpio_0/U0/AXI_LITE_IPIF_I/I_SLAVE_ATTACHMENT/s_axi_rdata_i_reg[19]/Q
                         net (fo=1, routed)           0.110    -0.053    system_i/soc/axi_interconnect_0/m00_couplers/auto_pc/inst/gen_axilite.gen_b2s_conv.axilite_b2s/RD.r_channel_0/rd_data_fifo_0/m_axi_rdata[19]
    SLICE_X8Y43          SRLC32E                                      r  system_i/soc/axi_interconnect_0/m00_couplers/auto_pc/inst/gen_axilite.gen_b2s_conv.axilite_b2s/RD.r_channel_0/rd_data_fifo_0/memory_reg[31][19]_srl32/D
  -------------------------------------------------------------------    -------------------

                         (clock clk_out1_system_pll_0_0 rise edge)
                                                      0.000     0.000 r  
    U18                                               0.000     0.000 r  adc_clk_p_i (IN)
                         net (fo=0)                   0.000     0.000    system_i/pll_0/inst/clk_in1_p
    U18                  IBUFDS (Prop_ibufds_I_O)     0.433     0.433 r  system_i/pll_0/inst/clkin1_ibufgds/O
                         net (fo=1, routed)           0.481     0.914    system_i/pll_0/inst/clk_in1_system_pll_0_0
    PLLE2_ADV_X0Y0       PLLE2_ADV (Prop_plle2_adv_CLKIN1_CLKOUT0)
                                                     -2.546    -1.632 r  system_i/pll_0/inst/plle2_adv_inst/CLKOUT0
                         net (fo=1, routed)           0.544    -1.088    system_i/pll_0/inst/clk_out1_system_pll_0_0
    BUFGCTRL_X0Y0        BUFG (Prop_bufg_I_O)         0.029    -1.059 r  system_i/pll_0/inst/clkout1_buf/O
                         net (fo=5704, routed)        0.834    -0.225    system_i/soc/axi_interconnect_0/m00_couplers/auto_pc/inst/gen_axilite.gen_b2s_conv.axilite_b2s/RD.r_channel_0/rd_data_fifo_0/aclk
    SLICE_X8Y43          SRLC32E                                      r  system_i/soc/axi_interconnect_0/m00_couplers/auto_pc/inst/gen_axilite.gen_b2s_conv.axilite_b2s/RD.r_channel_0/rd_data_fifo_0/memory_reg[31][19]_srl32/CLK
                         clock pessimism             -0.063    -0.288    
    SLICE_X8Y43          SRLC32E (Hold_srlc32e_CLK_D)
                                                      0.183    -0.105    system_i/soc/axi_interconnect_0/m00_couplers/auto_pc/inst/gen_axilite.gen_b2s_conv.axilite_b2s/RD.r_channel_0/rd_data_fifo_0/memory_reg[31][19]_srl32
  -------------------------------------------------------------------
                         required time                          0.105    
                         arrival time                          -0.053    
  -------------------------------------------------------------------
                         slack                                  0.052    





Pulse Width Checks
--------------------------------------------------------------------------------------
Clock Name:         clk_out1_system_pll_0_0
Waveform(ns):       { 0.000 4.000 }
Period(ns):         8.000
Sources:            { system_i/pll_0/inst/plle2_adv_inst/CLKOUT0 }

Check Type        Corner  Lib Pin            Reference Pin  Required(ns)  Actual(ns)  Slack(ns)  Location        Pin
Min Period        n/a     DSP48E1/CLK        n/a            3.687         8.000       4.313      DSP48_X0Y14     system_i/iir2nd/iir_filter_2nd_order_0/inst/y_gain1/CLK
Min Period        n/a     BUFG/I             n/a            2.155         8.000       5.845      BUFGCTRL_X0Y0   system_i/pll_0/inst/clkout1_buf/I
Min Period        n/a     DSP48E1/CLK        n/a            2.154         8.000       5.846      DSP48_X0Y6      system_i/iir2nd/iir_filter_2nd_order_0/inst/b1_x1/CLK
Min Period        n/a     DSP48E1/CLK        n/a            2.154         8.000       5.846      DSP48_X0Y7      system_i/iir2nd/iir_filter_2nd_order_0/inst/b1_x1__0/CLK
Min Period        n/a     DSP48E1/CLK        n/a            2.154         8.000       5.846      DSP48_X0Y8      system_i/iir2nd/iir_filter_2nd_order_0/inst/b1_x1__1/CLK
Min Period        n/a     DSP48E1/CLK        n/a            2.154         8.000       5.846      DSP48_X0Y9      system_i/iir2nd/iir_filter_2nd_order_0/inst/b1_x1__2/CLK
Min Period        n/a     DSP48E1/CLK        n/a            2.154         8.000       5.846      DSP48_X1Y10     system_i/iir2nd/iir_filter_2nd_order_0/inst/b2_x2/CLK
Min Period        n/a     DSP48E1/CLK        n/a            2.154         8.000       5.846      DSP48_X1Y11     system_i/iir2nd/iir_filter_2nd_order_0/inst/b2_x2__0/CLK
Min Period        n/a     DSP48E1/CLK        n/a            2.154         8.000       5.846      DSP48_X1Y8      system_i/iir2nd/iir_filter_2nd_order_0/inst/b2_x2__1/CLK
Min Period        n/a     DSP48E1/CLK        n/a            2.154         8.000       5.846      DSP48_X1Y9      system_i/iir2nd/iir_filter_2nd_order_0/inst/b2_x2__2/CLK
Max Period        n/a     PLLE2_ADV/CLKOUT0  n/a            160.000       8.000       152.000    PLLE2_ADV_X0Y0  system_i/pll_0/inst/plle2_adv_inst/CLKOUT0
Low Pulse Width   Slow    SRLC32E/CLK        n/a            0.980         4.000       3.020      SLICE_X12Y46    system_i/soc/axi_interconnect_0/m00_couplers/auto_pc/inst/gen_axilite.gen_b2s_conv.axilite_b2s/RD.r_channel_0/rd_data_fifo_0/memory_reg[31][0]_srl32/CLK
Low Pulse Width   Fast    SRLC32E/CLK        n/a            0.980         4.000       3.020      SLICE_X12Y46    system_i/soc/axi_interconnect_0/m00_couplers/auto_pc/inst/gen_axilite.gen_b2s_conv.axilite_b2s/RD.r_channel_0/rd_data_fifo_0/memory_reg[31][0]_srl32/CLK
Low Pulse Width   Slow    SRLC32E/CLK        n/a            0.980         4.000       3.020      SLICE_X4Y40     system_i/soc/axi_interconnect_0/m00_couplers/auto_pc/inst/gen_axilite.gen_b2s_conv.axilite_b2s/RD.r_channel_0/rd_data_fifo_0/memory_reg[31][10]_srl32/CLK
Low Pulse Width   Fast    SRLC32E/CLK        n/a            0.980         4.000       3.020      SLICE_X4Y40     system_i/soc/axi_interconnect_0/m00_couplers/auto_pc/inst/gen_axilite.gen_b2s_conv.axilite_b2s/RD.r_channel_0/rd_data_fifo_0/memory_reg[31][10]_srl32/CLK
Low Pulse Width   Slow    SRLC32E/CLK        n/a            0.980         4.000       3.020      SLICE_X0Y40     system_i/soc/axi_interconnect_0/m00_couplers/auto_pc/inst/gen_axilite.gen_b2s_conv.axilite_b2s/RD.r_channel_0/rd_data_fifo_0/memory_reg[31][11]_srl32/CLK
Low Pulse Width   Fast    SRLC32E/CLK        n/a            0.980         4.000       3.020      SLICE_X0Y40     system_i/soc/axi_interconnect_0/m00_couplers/auto_pc/inst/gen_axilite.gen_b2s_conv.axilite_b2s/RD.r_channel_0/rd_data_fifo_0/memory_reg[31][11]_srl32/CLK
Low Pulse Width   Slow    SRLC32E/CLK        n/a            0.980         4.000       3.020      SLICE_X8Y43     system_i/soc/axi_interconnect_0/m00_couplers/auto_pc/inst/gen_axilite.gen_b2s_conv.axilite_b2s/RD.r_channel_0/rd_data_fifo_0/memory_reg[31][12]_srl32/CLK
Low Pulse Width   Fast    SRLC32E/CLK        n/a            0.980         4.000       3.020      SLICE_X8Y43     system_i/soc/axi_interconnect_0/m00_couplers/auto_pc/inst/gen_axilite.gen_b2s_conv.axilite_b2s/RD.r_channel_0/rd_data_fifo_0/memory_reg[31][12]_srl32/CLK
Low Pulse Width   Slow    SRLC32E/CLK        n/a            0.980         4.000       3.020      SLICE_X4Y42     system_i/soc/axi_interconnect_0/m00_couplers/auto_pc/inst/gen_axilite.gen_b2s_conv.axilite_b2s/RD.r_channel_0/rd_data_fifo_0/memory_reg[31][13]_srl32/CLK
Low Pulse Width   Fast    SRLC32E/CLK        n/a            0.980         4.000       3.020      SLICE_X4Y42     system_i/soc/axi_interconnect_0/m00_couplers/auto_pc/inst/gen_axilite.gen_b2s_conv.axilite_b2s/RD.r_channel_0/rd_data_fifo_0/memory_reg[31][13]_srl32/CLK
High Pulse Width  Slow    SRLC32E/CLK        n/a            0.980         4.000       3.020      SLICE_X12Y46    system_i/soc/axi_interconnect_0/m00_couplers/auto_pc/inst/gen_axilite.gen_b2s_conv.axilite_b2s/RD.r_channel_0/rd_data_fifo_0/memory_reg[31][0]_srl32/CLK
High Pulse Width  Fast    SRLC32E/CLK        n/a            0.980         4.000       3.020      SLICE_X12Y46    system_i/soc/axi_interconnect_0/m00_couplers/auto_pc/inst/gen_axilite.gen_b2s_conv.axilite_b2s/RD.r_channel_0/rd_data_fifo_0/memory_reg[31][0]_srl32/CLK
High Pulse Width  Slow    SRLC32E/CLK        n/a            0.980         4.000       3.020      SLICE_X4Y40     system_i/soc/axi_interconnect_0/m00_couplers/auto_pc/inst/gen_axilite.gen_b2s_conv.axilite_b2s/RD.r_channel_0/rd_data_fifo_0/memory_reg[31][10]_srl32/CLK
High Pulse Width  Fast    SRLC32E/CLK        n/a            0.980         4.000       3.020      SLICE_X4Y40     system_i/soc/axi_interconnect_0/m00_couplers/auto_pc/inst/gen_axilite.gen_b2s_conv.axilite_b2s/RD.r_channel_0/rd_data_fifo_0/memory_reg[31][10]_srl32/CLK
High Pulse Width  Slow    SRLC32E/CLK        n/a            0.980         4.000       3.020      SLICE_X0Y40     system_i/soc/axi_interconnect_0/m00_couplers/auto_pc/inst/gen_axilite.gen_b2s_conv.axilite_b2s/RD.r_channel_0/rd_data_fifo_0/memory_reg[31][11]_srl32/CLK
High Pulse Width  Fast    SRLC32E/CLK        n/a            0.980         4.000       3.020      SLICE_X0Y40     system_i/soc/axi_interconnect_0/m00_couplers/auto_pc/inst/gen_axilite.gen_b2s_conv.axilite_b2s/RD.r_channel_0/rd_data_fifo_0/memory_reg[31][11]_srl32/CLK
High Pulse Width  Slow    SRLC32E/CLK        n/a            0.980         4.000       3.020      SLICE_X8Y43     system_i/soc/axi_interconnect_0/m00_couplers/auto_pc/inst/gen_axilite.gen_b2s_conv.axilite_b2s/RD.r_channel_0/rd_data_fifo_0/memory_reg[31][12]_srl32/CLK
High Pulse Width  Fast    SRLC32E/CLK        n/a            0.980         4.000       3.020      SLICE_X8Y43     system_i/soc/axi_interconnect_0/m00_couplers/auto_pc/inst/gen_axilite.gen_b2s_conv.axilite_b2s/RD.r_channel_0/rd_data_fifo_0/memory_reg[31][12]_srl32/CLK
High Pulse Width  Slow    SRLC32E/CLK        n/a            0.980         4.000       3.020      SLICE_X4Y42     system_i/soc/axi_interconnect_0/m00_couplers/auto_pc/inst/gen_axilite.gen_b2s_conv.axilite_b2s/RD.r_channel_0/rd_data_fifo_0/memory_reg[31][13]_srl32/CLK
High Pulse Width  Fast    SRLC32E/CLK        n/a            0.980         4.000       3.020      SLICE_X4Y42     system_i/soc/axi_interconnect_0/m00_couplers/auto_pc/inst/gen_axilite.gen_b2s_conv.axilite_b2s/RD.r_channel_0/rd_data_fifo_0/memory_reg[31][13]_srl32/CLK



---------------------------------------------------------------------------------------------------
From Clock:  clk_out2_system_pll_0_0
  To Clock:  clk_out2_system_pll_0_0

Setup :           NA  Failing Endpoints,  Worst Slack           NA  ,  Total Violation           NA
Hold  :           NA  Failing Endpoints,  Worst Slack           NA  ,  Total Violation           NA
PW    :            0  Failing Endpoints,  Worst Slack        1.845ns,  Total Violation        0.000ns
---------------------------------------------------------------------------------------------------


Pulse Width Checks
--------------------------------------------------------------------------------------
Clock Name:         clk_out2_system_pll_0_0
Waveform(ns):       { 1.750 3.750 }
Period(ns):         4.000
Sources:            { system_i/pll_0/inst/plle2_adv_inst/CLKOUT1 }

Check Type  Corner  Lib Pin            Reference Pin  Required(ns)  Actual(ns)  Slack(ns)  Location        Pin
Min Period  n/a     BUFG/I             n/a            2.155         4.000       1.845      BUFGCTRL_X0Y1   system_i/pll_0/inst/clkout2_buf/I
Min Period  n/a     ODDR/C             n/a            1.474         4.000       2.526      OLOGIC_X0Y83    system_i/dac/dac_0/inst/ODDR_clk/C
Min Period  n/a     PLLE2_ADV/CLKOUT1  n/a            1.249         4.000       2.751      PLLE2_ADV_X0Y0  system_i/pll_0/inst/plle2_adv_inst/CLKOUT1
Max Period  n/a     PLLE2_ADV/CLKOUT1  n/a            160.000       4.000       156.000    PLLE2_ADV_X0Y0  system_i/pll_0/inst/plle2_adv_inst/CLKOUT1



---------------------------------------------------------------------------------------------------
From Clock:  clk_out3_system_pll_0_0
  To Clock:  clk_out3_system_pll_0_0

Setup :           NA  Failing Endpoints,  Worst Slack           NA  ,  Total Violation           NA
Hold  :           NA  Failing Endpoints,  Worst Slack           NA  ,  Total Violation           NA
PW    :            0  Failing Endpoints,  Worst Slack        1.845ns,  Total Violation        0.000ns
---------------------------------------------------------------------------------------------------


Pulse Width Checks
--------------------------------------------------------------------------------------
Clock Name:         clk_out3_system_pll_0_0
Waveform(ns):       { 2.250 4.250 }
Period(ns):         4.000
Sources:            { system_i/pll_0/inst/plle2_adv_inst/CLKOUT2 }

Check Type  Corner  Lib Pin            Reference Pin  Required(ns)  Actual(ns)  Slack(ns)  Location        Pin
Min Period  n/a     BUFG/I             n/a            2.155         4.000       1.845      BUFGCTRL_X0Y2   system_i/pll_0/inst/clkout3_buf/I
Min Period  n/a     ODDR/C             n/a            1.474         4.000       2.526      OLOGIC_X0Y84    system_i/dac/dac_0/inst/ODDR_wrt/C
Min Period  n/a     PLLE2_ADV/CLKOUT2  n/a            1.249         4.000       2.751      PLLE2_ADV_X0Y0  system_i/pll_0/inst/plle2_adv_inst/CLKOUT2
Max Period  n/a     PLLE2_ADV/CLKOUT2  n/a            160.000       4.000       156.000    PLLE2_ADV_X0Y0  system_i/pll_0/inst/plle2_adv_inst/CLKOUT2



---------------------------------------------------------------------------------------------------
From Clock:  clkfbout_system_pll_0_0
  To Clock:  clkfbout_system_pll_0_0

Setup :           NA  Failing Endpoints,  Worst Slack           NA  ,  Total Violation           NA
Hold  :           NA  Failing Endpoints,  Worst Slack           NA  ,  Total Violation           NA
PW    :            0  Failing Endpoints,  Worst Slack        5.845ns,  Total Violation        0.000ns
---------------------------------------------------------------------------------------------------


Pulse Width Checks
--------------------------------------------------------------------------------------
Clock Name:         clkfbout_system_pll_0_0
Waveform(ns):       { 0.000 4.000 }
Period(ns):         8.000
Sources:            { system_i/pll_0/inst/plle2_adv_inst/CLKFBOUT }

Check Type  Corner  Lib Pin             Reference Pin  Required(ns)  Actual(ns)  Slack(ns)  Location        Pin
Min Period  n/a     BUFG/I              n/a            2.155         8.000       5.845      BUFGCTRL_X0Y3   system_i/pll_0/inst/clkf_buf/I
Min Period  n/a     PLLE2_ADV/CLKFBOUT  n/a            1.249         8.000       6.751      PLLE2_ADV_X0Y0  system_i/pll_0/inst/plle2_adv_inst/CLKFBOUT
Min Period  n/a     PLLE2_ADV/CLKFBIN   n/a            1.249         8.000       6.751      PLLE2_ADV_X0Y0  system_i/pll_0/inst/plle2_adv_inst/CLKFBIN
Max Period  n/a     PLLE2_ADV/CLKFBIN   n/a            52.633        8.000       44.633     PLLE2_ADV_X0Y0  system_i/pll_0/inst/plle2_adv_inst/CLKFBIN
Max Period  n/a     PLLE2_ADV/CLKFBOUT  n/a            160.000       8.000       152.000    PLLE2_ADV_X0Y0  system_i/pll_0/inst/plle2_adv_inst/CLKFBOUT



---------------------------------------------------------------------------------------------------
From Clock:  adc_clk_p_i
  To Clock:  clk_out1_system_pll_0_0

Setup :            0  Failing Endpoints,  Worst Slack        3.447ns,  Total Violation        0.000ns
Hold  :           NA  Failing Endpoints,  Worst Slack           NA  ,  Total Violation           NA
---------------------------------------------------------------------------------------------------


Max Delay Paths
--------------------------------------------------------------------------------------
Slack (MET) :             3.447ns  (required time - arrival time)
  Source:                 adc_dat_a_i[7]
                            (input port clocked by adc_clk_p_i  {rise@0.000ns fall@4.000ns period=8.000ns})
  Destination:            system_i/adc/adc_0/inst/int_dat_a_reg_reg[5]/D
                            (rising edge-triggered cell FDRE clocked by clk_out1_system_pll_0_0  {rise@0.000ns fall@4.000ns period=8.000ns})
  Path Group:             clk_out1_system_pll_0_0
  Path Type:              Setup (Max at Slow Process Corner)
  Requirement:            8.000ns  (clk_out1_system_pll_0_0 rise@8.000ns - adc_clk_p_i rise@0.000ns)
  Data Path Delay:        1.070ns  (logic 1.070ns (100.000%)  route 0.000ns (0.000%))
  Logic Levels:           1  (IBUF=1)
  Input Delay:            1.000ns
  Clock Path Skew:        -2.295ns (DCD - SCD + CPR)
    Destination Clock Delay (DCD):    -2.295ns = ( 5.705 - 8.000 ) 
    Source Clock Delay      (SCD):    0.000ns
    Clock Pessimism Removal (CPR):    0.000ns
  Clock Uncertainty:      0.177ns  ((TSJ^2 + TIJ^2 + DJ^2)^1/2) / 2 + PE
    Total System Jitter     (TSJ):    0.071ns
    Total Input Jitter      (TIJ):    0.080ns
    Discrete Jitter          (DJ):    0.119ns
    Phase Error              (PE):    0.097ns

    Location             Delay type                Incr(ns)  Path(ns)    Netlist Resource(s)
  -------------------------------------------------------------------    -------------------
                         (clock adc_clk_p_i rise edge)
                                                      0.000     0.000 r  
                         input delay                  1.000     1.000    
    Y14                                               0.000     1.000 r  adc_dat_a_i[7] (IN)
                         net (fo=0)                   0.000     1.000    adc_dat_a_i[7]
    Y14                  IBUF (Prop_ibuf_I_O)         1.070     2.070 r  adc_dat_a_i_IBUF[7]_inst/O
                         net (fo=1, routed)           0.000     2.070    system_i/adc/adc_0/inst/adc_dat_a[5]
    ILOGIC_X0Y33         FDRE                                         r  system_i/adc/adc_0/inst/int_dat_a_reg_reg[5]/D
  -------------------------------------------------------------------    -------------------

                         (clock clk_out1_system_pll_0_0 rise edge)
                                                      8.000     8.000 r  
    U18                                               0.000     8.000 r  adc_clk_p_i (IN)
                         net (fo=0)                   0.000     8.000    system_i/pll_0/inst/clk_in1_p
    U18                  IBUFDS (Prop_ibufds_I_O)     0.940     8.940 r  system_i/pll_0/inst/clkin1_ibufgds/O
                         net (fo=1, routed)           1.181    10.121    system_i/pll_0/inst/clk_in1_system_pll_0_0
    PLLE2_ADV_X0Y0       PLLE2_ADV (Prop_plle2_adv_CLKIN1_CLKOUT0)
                                                     -7.650     2.470 r  system_i/pll_0/inst/plle2_adv_inst/CLKOUT0
                         net (fo=1, routed)           1.594     4.065    system_i/pll_0/inst/clk_out1_system_pll_0_0
    BUFGCTRL_X0Y0        BUFG (Prop_bufg_I_O)         0.091     4.156 r  system_i/pll_0/inst/clkout1_buf/O
                         net (fo=5704, routed)        1.550     5.705    system_i/adc/adc_0/inst/aclk
    ILOGIC_X0Y33         FDRE                                         r  system_i/adc/adc_0/inst/int_dat_a_reg_reg[5]/C
                         clock pessimism              0.000     5.705    
                         clock uncertainty           -0.177     5.528    
    ILOGIC_X0Y33         FDRE (Setup_fdre_C_D)       -0.011     5.517    system_i/adc/adc_0/inst/int_dat_a_reg_reg[5]
  -------------------------------------------------------------------
                         required time                          5.517    
                         arrival time                          -2.070    
  -------------------------------------------------------------------
                         slack                                  3.447    

Slack (MET) :             3.450ns  (required time - arrival time)
  Source:                 adc_dat_a_i[6]
                            (input port clocked by adc_clk_p_i  {rise@0.000ns fall@4.000ns period=8.000ns})
  Destination:            system_i/adc/adc_0/inst/int_dat_a_reg_reg[4]/D
                            (rising edge-triggered cell FDRE clocked by clk_out1_system_pll_0_0  {rise@0.000ns fall@4.000ns period=8.000ns})
  Path Group:             clk_out1_system_pll_0_0
  Path Type:              Setup (Max at Slow Process Corner)
  Requirement:            8.000ns  (clk_out1_system_pll_0_0 rise@8.000ns - adc_clk_p_i rise@0.000ns)
  Data Path Delay:        1.068ns  (logic 1.068ns (100.000%)  route 0.000ns (0.000%))
  Logic Levels:           1  (IBUF=1)
  Input Delay:            1.000ns
  Clock Path Skew:        -2.295ns (DCD - SCD + CPR)
    Destination Clock Delay (DCD):    -2.295ns = ( 5.705 - 8.000 ) 
    Source Clock Delay      (SCD):    0.000ns
    Clock Pessimism Removal (CPR):    0.000ns
  Clock Uncertainty:      0.177ns  ((TSJ^2 + TIJ^2 + DJ^2)^1/2) / 2 + PE
    Total System Jitter     (TSJ):    0.071ns
    Total Input Jitter      (TIJ):    0.080ns
    Discrete Jitter          (DJ):    0.119ns
    Phase Error              (PE):    0.097ns

    Location             Delay type                Incr(ns)  Path(ns)    Netlist Resource(s)
  -------------------------------------------------------------------    -------------------
                         (clock adc_clk_p_i rise edge)
                                                      0.000     0.000 r  
                         input delay                  1.000     1.000    
    W14                                               0.000     1.000 r  adc_dat_a_i[6] (IN)
                         net (fo=0)                   0.000     1.000    adc_dat_a_i[6]
    W14                  IBUF (Prop_ibuf_I_O)         1.068     2.068 r  adc_dat_a_i_IBUF[6]_inst/O
                         net (fo=1, routed)           0.000     2.068    system_i/adc/adc_0/inst/adc_dat_a[4]
    ILOGIC_X0Y34         FDRE                                         r  system_i/adc/adc_0/inst/int_dat_a_reg_reg[4]/D
  -------------------------------------------------------------------    -------------------

                         (clock clk_out1_system_pll_0_0 rise edge)
                                                      8.000     8.000 r  
    U18                                               0.000     8.000 r  adc_clk_p_i (IN)
                         net (fo=0)                   0.000     8.000    system_i/pll_0/inst/clk_in1_p
    U18                  IBUFDS (Prop_ibufds_I_O)     0.940     8.940 r  system_i/pll_0/inst/clkin1_ibufgds/O
                         net (fo=1, routed)           1.181    10.121    system_i/pll_0/inst/clk_in1_system_pll_0_0
    PLLE2_ADV_X0Y0       PLLE2_ADV (Prop_plle2_adv_CLKIN1_CLKOUT0)
                                                     -7.650     2.470 r  system_i/pll_0/inst/plle2_adv_inst/CLKOUT0
                         net (fo=1, routed)           1.594     4.065    system_i/pll_0/inst/clk_out1_system_pll_0_0
    BUFGCTRL_X0Y0        BUFG (Prop_bufg_I_O)         0.091     4.156 r  system_i/pll_0/inst/clkout1_buf/O
                         net (fo=5704, routed)        1.550     5.705    system_i/adc/adc_0/inst/aclk
    ILOGIC_X0Y34         FDRE                                         r  system_i/adc/adc_0/inst/int_dat_a_reg_reg[4]/C
                         clock pessimism              0.000     5.705    
                         clock uncertainty           -0.177     5.528    
    ILOGIC_X0Y34         FDRE (Setup_fdre_C_D)       -0.011     5.517    system_i/adc/adc_0/inst/int_dat_a_reg_reg[4]
  -------------------------------------------------------------------
                         required time                          5.517    
                         arrival time                          -2.068    
  -------------------------------------------------------------------
                         slack                                  3.450    

Slack (MET) :             3.459ns  (required time - arrival time)
  Source:                 adc_dat_a_i[13]
                            (input port clocked by adc_clk_p_i  {rise@0.000ns fall@4.000ns period=8.000ns})
  Destination:            system_i/adc/adc_0/inst/int_dat_a_reg_reg[11]/D
                            (rising edge-triggered cell FDRE clocked by clk_out1_system_pll_0_0  {rise@0.000ns fall@4.000ns period=8.000ns})
  Path Group:             clk_out1_system_pll_0_0
  Path Type:              Setup (Max at Slow Process Corner)
  Requirement:            8.000ns  (clk_out1_system_pll_0_0 rise@8.000ns - adc_clk_p_i rise@0.000ns)
  Data Path Delay:        1.054ns  (logic 1.054ns (100.000%)  route 0.000ns (0.000%))
  Logic Levels:           1  (IBUF=1)
  Input Delay:            1.000ns
  Clock Path Skew:        -2.299ns (DCD - SCD + CPR)
    Destination Clock Delay (DCD):    -2.299ns = ( 5.701 - 8.000 ) 
    Source Clock Delay      (SCD):    0.000ns
    Clock Pessimism Removal (CPR):    0.000ns
  Clock Uncertainty:      0.177ns  ((TSJ^2 + TIJ^2 + DJ^2)^1/2) / 2 + PE
    Total System Jitter     (TSJ):    0.071ns
    Total Input Jitter      (TIJ):    0.080ns
    Discrete Jitter          (DJ):    0.119ns
    Phase Error              (PE):    0.097ns

    Location             Delay type                Incr(ns)  Path(ns)    Netlist Resource(s)
  -------------------------------------------------------------------    -------------------
                         (clock adc_clk_p_i rise edge)
                                                      0.000     0.000 r  
                         input delay                  1.000     1.000    
    V15                                               0.000     1.000 r  adc_dat_a_i[13] (IN)
                         net (fo=0)                   0.000     1.000    adc_dat_a_i[13]
    V15                  IBUF (Prop_ibuf_I_O)         1.054     2.054 r  adc_dat_a_i_IBUF[13]_inst/O
                         net (fo=1, routed)           0.000     2.054    system_i/adc/adc_0/inst/adc_dat_a[11]
    ILOGIC_X0Y30         FDRE                                         r  system_i/adc/adc_0/inst/int_dat_a_reg_reg[11]/D
  -------------------------------------------------------------------    -------------------

                         (clock clk_out1_system_pll_0_0 rise edge)
                                                      8.000     8.000 r  
    U18                                               0.000     8.000 r  adc_clk_p_i (IN)
                         net (fo=0)                   0.000     8.000    system_i/pll_0/inst/clk_in1_p
    U18                  IBUFDS (Prop_ibufds_I_O)     0.940     8.940 r  system_i/pll_0/inst/clkin1_ibufgds/O
                         net (fo=1, routed)           1.181    10.121    system_i/pll_0/inst/clk_in1_system_pll_0_0
    PLLE2_ADV_X0Y0       PLLE2_ADV (Prop_plle2_adv_CLKIN1_CLKOUT0)
                                                     -7.650     2.470 r  system_i/pll_0/inst/plle2_adv_inst/CLKOUT0
                         net (fo=1, routed)           1.594     4.065    system_i/pll_0/inst/clk_out1_system_pll_0_0
    BUFGCTRL_X0Y0        BUFG (Prop_bufg_I_O)         0.091     4.156 r  system_i/pll_0/inst/clkout1_buf/O
                         net (fo=5704, routed)        1.546     5.701    system_i/adc/adc_0/inst/aclk
    ILOGIC_X0Y30         FDRE                                         r  system_i/adc/adc_0/inst/int_dat_a_reg_reg[11]/C
                         clock pessimism              0.000     5.701    
                         clock uncertainty           -0.177     5.524    
    ILOGIC_X0Y30         FDRE (Setup_fdre_C_D)       -0.011     5.513    system_i/adc/adc_0/inst/int_dat_a_reg_reg[11]
  -------------------------------------------------------------------
                         required time                          5.513    
                         arrival time                          -2.054    
  -------------------------------------------------------------------
                         slack                                  3.459    

Slack (MET) :             3.466ns  (required time - arrival time)
  Source:                 adc_dat_a_i[5]
                            (input port clocked by adc_clk_p_i  {rise@0.000ns fall@4.000ns period=8.000ns})
  Destination:            system_i/adc/adc_0/inst/int_dat_a_reg_reg[3]/D
                            (rising edge-triggered cell FDRE clocked by clk_out1_system_pll_0_0  {rise@0.000ns fall@4.000ns period=8.000ns})
  Path Group:             clk_out1_system_pll_0_0
  Path Type:              Setup (Max at Slow Process Corner)
  Requirement:            8.000ns  (clk_out1_system_pll_0_0 rise@8.000ns - adc_clk_p_i rise@0.000ns)
  Data Path Delay:        1.048ns  (logic 1.048ns (100.000%)  route 0.000ns (0.000%))
  Logic Levels:           1  (IBUF=1)
  Input Delay:            1.000ns
  Clock Path Skew:        -2.299ns (DCD - SCD + CPR)
    Destination Clock Delay (DCD):    -2.299ns = ( 5.701 - 8.000 ) 
    Source Clock Delay      (SCD):    0.000ns
    Clock Pessimism Removal (CPR):    0.000ns
  Clock Uncertainty:      0.177ns  ((TSJ^2 + TIJ^2 + DJ^2)^1/2) / 2 + PE
    Total System Jitter     (TSJ):    0.071ns
    Total Input Jitter      (TIJ):    0.080ns
    Discrete Jitter          (DJ):    0.119ns
    Phase Error              (PE):    0.097ns

    Location             Delay type                Incr(ns)  Path(ns)    Netlist Resource(s)
  -------------------------------------------------------------------    -------------------
                         (clock adc_clk_p_i rise edge)
                                                      0.000     0.000 r  
                         input delay                  1.000     1.000    
    W15                                               0.000     1.000 r  adc_dat_a_i[5] (IN)
                         net (fo=0)                   0.000     1.000    adc_dat_a_i[5]
    W15                  IBUF (Prop_ibuf_I_O)         1.048     2.048 r  adc_dat_a_i_IBUF[5]_inst/O
                         net (fo=1, routed)           0.000     2.048    system_i/adc/adc_0/inst/adc_dat_a[3]
    ILOGIC_X0Y29         FDRE                                         r  system_i/adc/adc_0/inst/int_dat_a_reg_reg[3]/D
  -------------------------------------------------------------------    -------------------

                         (clock clk_out1_system_pll_0_0 rise edge)
                                                      8.000     8.000 r  
    U18                                               0.000     8.000 r  adc_clk_p_i (IN)
                         net (fo=0)                   0.000     8.000    system_i/pll_0/inst/clk_in1_p
    U18                  IBUFDS (Prop_ibufds_I_O)     0.940     8.940 r  system_i/pll_0/inst/clkin1_ibufgds/O
                         net (fo=1, routed)           1.181    10.121    system_i/pll_0/inst/clk_in1_system_pll_0_0
    PLLE2_ADV_X0Y0       PLLE2_ADV (Prop_plle2_adv_CLKIN1_CLKOUT0)
                                                     -7.650     2.470 r  system_i/pll_0/inst/plle2_adv_inst/CLKOUT0
                         net (fo=1, routed)           1.594     4.065    system_i/pll_0/inst/clk_out1_system_pll_0_0
    BUFGCTRL_X0Y0        BUFG (Prop_bufg_I_O)         0.091     4.156 r  system_i/pll_0/inst/clkout1_buf/O
                         net (fo=5704, routed)        1.546     5.701    system_i/adc/adc_0/inst/aclk
    ILOGIC_X0Y29         FDRE                                         r  system_i/adc/adc_0/inst/int_dat_a_reg_reg[3]/C
                         clock pessimism              0.000     5.701    
                         clock uncertainty           -0.177     5.524    
    ILOGIC_X0Y29         FDRE (Setup_fdre_C_D)       -0.011     5.513    system_i/adc/adc_0/inst/int_dat_a_reg_reg[3]
  -------------------------------------------------------------------
                         required time                          5.513    
                         arrival time                          -2.048    
  -------------------------------------------------------------------
                         slack                                  3.466    

Slack (MET) :             3.466ns  (required time - arrival time)
  Source:                 adc_dat_a_i[4]
                            (input port clocked by adc_clk_p_i  {rise@0.000ns fall@4.000ns period=8.000ns})
  Destination:            system_i/adc/adc_0/inst/int_dat_a_reg_reg[2]/D
                            (rising edge-triggered cell FDRE clocked by clk_out1_system_pll_0_0  {rise@0.000ns fall@4.000ns period=8.000ns})
  Path Group:             clk_out1_system_pll_0_0
  Path Type:              Setup (Max at Slow Process Corner)
  Requirement:            8.000ns  (clk_out1_system_pll_0_0 rise@8.000ns - adc_clk_p_i rise@0.000ns)
  Data Path Delay:        1.052ns  (logic 1.052ns (100.000%)  route 0.000ns (0.000%))
  Logic Levels:           1  (IBUF=1)
  Input Delay:            1.000ns
  Clock Path Skew:        -2.294ns (DCD - SCD + CPR)
    Destination Clock Delay (DCD):    -2.294ns = ( 5.706 - 8.000 ) 
    Source Clock Delay      (SCD):    0.000ns
    Clock Pessimism Removal (CPR):    0.000ns
  Clock Uncertainty:      0.177ns  ((TSJ^2 + TIJ^2 + DJ^2)^1/2) / 2 + PE
    Total System Jitter     (TSJ):    0.071ns
    Total Input Jitter      (TIJ):    0.080ns
    Discrete Jitter          (DJ):    0.119ns
    Phase Error              (PE):    0.097ns

    Location             Delay type                Incr(ns)  Path(ns)    Netlist Resource(s)
  -------------------------------------------------------------------    -------------------
                         (clock adc_clk_p_i rise edge)
                                                      0.000     0.000 r  
                         input delay                  1.000     1.000    
    Y16                                               0.000     1.000 r  adc_dat_a_i[4] (IN)
                         net (fo=0)                   0.000     1.000    adc_dat_a_i[4]
    Y16                  IBUF (Prop_ibuf_I_O)         1.052     2.052 r  adc_dat_a_i_IBUF[4]_inst/O
                         net (fo=1, routed)           0.000     2.052    system_i/adc/adc_0/inst/adc_dat_a[2]
    ILOGIC_X0Y36         FDRE                                         r  system_i/adc/adc_0/inst/int_dat_a_reg_reg[2]/D
  -------------------------------------------------------------------    -------------------

                         (clock clk_out1_system_pll_0_0 rise edge)
                                                      8.000     8.000 r  
    U18                                               0.000     8.000 r  adc_clk_p_i (IN)
                         net (fo=0)                   0.000     8.000    system_i/pll_0/inst/clk_in1_p
    U18                  IBUFDS (Prop_ibufds_I_O)     0.940     8.940 r  system_i/pll_0/inst/clkin1_ibufgds/O
                         net (fo=1, routed)           1.181    10.121    system_i/pll_0/inst/clk_in1_system_pll_0_0
    PLLE2_ADV_X0Y0       PLLE2_ADV (Prop_plle2_adv_CLKIN1_CLKOUT0)
                                                     -7.650     2.470 r  system_i/pll_0/inst/plle2_adv_inst/CLKOUT0
                         net (fo=1, routed)           1.594     4.065    system_i/pll_0/inst/clk_out1_system_pll_0_0
    BUFGCTRL_X0Y0        BUFG (Prop_bufg_I_O)         0.091     4.156 r  system_i/pll_0/inst/clkout1_buf/O
                         net (fo=5704, routed)        1.551     5.706    system_i/adc/adc_0/inst/aclk
    ILOGIC_X0Y36         FDRE                                         r  system_i/adc/adc_0/inst/int_dat_a_reg_reg[2]/C
                         clock pessimism              0.000     5.706    
                         clock uncertainty           -0.177     5.529    
    ILOGIC_X0Y36         FDRE (Setup_fdre_C_D)       -0.011     5.518    system_i/adc/adc_0/inst/int_dat_a_reg_reg[2]
  -------------------------------------------------------------------
                         required time                          5.518    
                         arrival time                          -2.052    
  -------------------------------------------------------------------
                         slack                                  3.466    

Slack (MET) :             3.473ns  (required time - arrival time)
  Source:                 adc_dat_a_i[2]
                            (input port clocked by adc_clk_p_i  {rise@0.000ns fall@4.000ns period=8.000ns})
  Destination:            system_i/adc/adc_0/inst/int_dat_a_reg_reg[0]/D
                            (rising edge-triggered cell FDRE clocked by clk_out1_system_pll_0_0  {rise@0.000ns fall@4.000ns period=8.000ns})
  Path Group:             clk_out1_system_pll_0_0
  Path Type:              Setup (Max at Slow Process Corner)
  Requirement:            8.000ns  (clk_out1_system_pll_0_0 rise@8.000ns - adc_clk_p_i rise@0.000ns)
  Data Path Delay:        1.045ns  (logic 1.045ns (100.000%)  route 0.000ns (0.000%))
  Logic Levels:           1  (IBUF=1)
  Input Delay:            1.000ns
  Clock Path Skew:        -2.294ns (DCD - SCD + CPR)
    Destination Clock Delay (DCD):    -2.294ns = ( 5.706 - 8.000 ) 
    Source Clock Delay      (SCD):    0.000ns
    Clock Pessimism Removal (CPR):    0.000ns
  Clock Uncertainty:      0.177ns  ((TSJ^2 + TIJ^2 + DJ^2)^1/2) / 2 + PE
    Total System Jitter     (TSJ):    0.071ns
    Total Input Jitter      (TIJ):    0.080ns
    Discrete Jitter          (DJ):    0.119ns
    Phase Error              (PE):    0.097ns

    Location             Delay type                Incr(ns)  Path(ns)    Netlist Resource(s)
  -------------------------------------------------------------------    -------------------
                         (clock adc_clk_p_i rise edge)
                                                      0.000     0.000 r  
                         input delay                  1.000     1.000    
    Y17                                               0.000     1.000 r  adc_dat_a_i[2] (IN)
                         net (fo=0)                   0.000     1.000    adc_dat_a_i[2]
    Y17                  IBUF (Prop_ibuf_I_O)         1.045     2.045 r  adc_dat_a_i_IBUF[2]_inst/O
                         net (fo=1, routed)           0.000     2.045    system_i/adc/adc_0/inst/adc_dat_a[0]
    ILOGIC_X0Y35         FDRE                                         r  system_i/adc/adc_0/inst/int_dat_a_reg_reg[0]/D
  -------------------------------------------------------------------    -------------------

                         (clock clk_out1_system_pll_0_0 rise edge)
                                                      8.000     8.000 r  
    U18                                               0.000     8.000 r  adc_clk_p_i (IN)
                         net (fo=0)                   0.000     8.000    system_i/pll_0/inst/clk_in1_p
    U18                  IBUFDS (Prop_ibufds_I_O)     0.940     8.940 r  system_i/pll_0/inst/clkin1_ibufgds/O
                         net (fo=1, routed)           1.181    10.121    system_i/pll_0/inst/clk_in1_system_pll_0_0
    PLLE2_ADV_X0Y0       PLLE2_ADV (Prop_plle2_adv_CLKIN1_CLKOUT0)
                                                     -7.650     2.470 r  system_i/pll_0/inst/plle2_adv_inst/CLKOUT0
                         net (fo=1, routed)           1.594     4.065    system_i/pll_0/inst/clk_out1_system_pll_0_0
    BUFGCTRL_X0Y0        BUFG (Prop_bufg_I_O)         0.091     4.156 r  system_i/pll_0/inst/clkout1_buf/O
                         net (fo=5704, routed)        1.551     5.706    system_i/adc/adc_0/inst/aclk
    ILOGIC_X0Y35         FDRE                                         r  system_i/adc/adc_0/inst/int_dat_a_reg_reg[0]/C
                         clock pessimism              0.000     5.706    
                         clock uncertainty           -0.177     5.529    
    ILOGIC_X0Y35         FDRE (Setup_fdre_C_D)       -0.011     5.518    system_i/adc/adc_0/inst/int_dat_a_reg_reg[0]
  -------------------------------------------------------------------
                         required time                          5.518    
                         arrival time                          -2.045    
  -------------------------------------------------------------------
                         slack                                  3.473    

Slack (MET) :             3.498ns  (required time - arrival time)
  Source:                 adc_dat_a_i[8]
                            (input port clocked by adc_clk_p_i  {rise@0.000ns fall@4.000ns period=8.000ns})
  Destination:            system_i/adc/adc_0/inst/int_dat_a_reg_reg[6]/D
                            (rising edge-triggered cell FDRE clocked by clk_out1_system_pll_0_0  {rise@0.000ns fall@4.000ns period=8.000ns})
  Path Group:             clk_out1_system_pll_0_0
  Path Type:              Setup (Max at Slow Process Corner)
  Requirement:            8.000ns  (clk_out1_system_pll_0_0 rise@8.000ns - adc_clk_p_i rise@0.000ns)
  Data Path Delay:        1.024ns  (logic 1.024ns (100.000%)  route 0.000ns (0.000%))
  Logic Levels:           1  (IBUF=1)
  Input Delay:            1.000ns
  Clock Path Skew:        -2.290ns (DCD - SCD + CPR)
    Destination Clock Delay (DCD):    -2.290ns = ( 5.710 - 8.000 ) 
    Source Clock Delay      (SCD):    0.000ns
    Clock Pessimism Removal (CPR):    0.000ns
  Clock Uncertainty:      0.177ns  ((TSJ^2 + TIJ^2 + DJ^2)^1/2) / 2 + PE
    Total System Jitter     (TSJ):    0.071ns
    Total Input Jitter      (TIJ):    0.080ns
    Discrete Jitter          (DJ):    0.119ns
    Phase Error              (PE):    0.097ns

    Location             Delay type                Incr(ns)  Path(ns)    Netlist Resource(s)
  -------------------------------------------------------------------    -------------------
                         (clock adc_clk_p_i rise edge)
                                                      0.000     0.000 r  
                         input delay                  1.000     1.000    
    W13                                               0.000     1.000 r  adc_dat_a_i[8] (IN)
                         net (fo=0)                   0.000     1.000    adc_dat_a_i[8]
    W13                  IBUF (Prop_ibuf_I_O)         1.024     2.024 r  adc_dat_a_i_IBUF[8]_inst/O
                         net (fo=1, routed)           0.000     2.024    system_i/adc/adc_0/inst/adc_dat_a[6]
    ILOGIC_X0Y41         FDRE                                         r  system_i/adc/adc_0/inst/int_dat_a_reg_reg[6]/D
  -------------------------------------------------------------------    -------------------

                         (clock clk_out1_system_pll_0_0 rise edge)
                                                      8.000     8.000 r  
    U18                                               0.000     8.000 r  adc_clk_p_i (IN)
                         net (fo=0)                   0.000     8.000    system_i/pll_0/inst/clk_in1_p
    U18                  IBUFDS (Prop_ibufds_I_O)     0.940     8.940 r  system_i/pll_0/inst/clkin1_ibufgds/O
                         net (fo=1, routed)           1.181    10.121    system_i/pll_0/inst/clk_in1_system_pll_0_0
    PLLE2_ADV_X0Y0       PLLE2_ADV (Prop_plle2_adv_CLKIN1_CLKOUT0)
                                                     -7.650     2.470 r  system_i/pll_0/inst/plle2_adv_inst/CLKOUT0
                         net (fo=1, routed)           1.594     4.065    system_i/pll_0/inst/clk_out1_system_pll_0_0
    BUFGCTRL_X0Y0        BUFG (Prop_bufg_I_O)         0.091     4.156 r  system_i/pll_0/inst/clkout1_buf/O
                         net (fo=5704, routed)        1.555     5.710    system_i/adc/adc_0/inst/aclk
    ILOGIC_X0Y41         FDRE                                         r  system_i/adc/adc_0/inst/int_dat_a_reg_reg[6]/C
                         clock pessimism              0.000     5.710    
                         clock uncertainty           -0.177     5.533    
    ILOGIC_X0Y41         FDRE (Setup_fdre_C_D)       -0.011     5.522    system_i/adc/adc_0/inst/int_dat_a_reg_reg[6]
  -------------------------------------------------------------------
                         required time                          5.522    
                         arrival time                          -2.024    
  -------------------------------------------------------------------
                         slack                                  3.498    

Slack (MET) :             3.503ns  (required time - arrival time)
  Source:                 adc_dat_a_i[14]
                            (input port clocked by adc_clk_p_i  {rise@0.000ns fall@4.000ns period=8.000ns})
  Destination:            system_i/adc/adc_0/inst/int_dat_a_reg_reg[12]/D
                            (rising edge-triggered cell FDRE clocked by clk_out1_system_pll_0_0  {rise@0.000ns fall@4.000ns period=8.000ns})
  Path Group:             clk_out1_system_pll_0_0
  Path Type:              Setup (Max at Slow Process Corner)
  Requirement:            8.000ns  (clk_out1_system_pll_0_0 rise@8.000ns - adc_clk_p_i rise@0.000ns)
  Data Path Delay:        1.013ns  (logic 1.013ns (100.000%)  route 0.000ns (0.000%))
  Logic Levels:           1  (IBUF=1)
  Input Delay:            1.000ns
  Clock Path Skew:        -2.296ns (DCD - SCD + CPR)
    Destination Clock Delay (DCD):    -2.296ns = ( 5.704 - 8.000 ) 
    Source Clock Delay      (SCD):    0.000ns
    Clock Pessimism Removal (CPR):    0.000ns
  Clock Uncertainty:      0.177ns  ((TSJ^2 + TIJ^2 + DJ^2)^1/2) / 2 + PE
    Total System Jitter     (TSJ):    0.071ns
    Total Input Jitter      (TIJ):    0.080ns
    Discrete Jitter          (DJ):    0.119ns
    Phase Error              (PE):    0.097ns

    Location             Delay type                Incr(ns)  Path(ns)    Netlist Resource(s)
  -------------------------------------------------------------------    -------------------
                         (clock adc_clk_p_i rise edge)
                                                      0.000     0.000 r  
                         input delay                  1.000     1.000    
    T16                                               0.000     1.000 r  adc_dat_a_i[14] (IN)
                         net (fo=0)                   0.000     1.000    adc_dat_a_i[14]
    T16                  IBUF (Prop_ibuf_I_O)         1.013     2.013 r  adc_dat_a_i_IBUF[14]_inst/O
                         net (fo=1, routed)           0.000     2.013    system_i/adc/adc_0/inst/adc_dat_a[12]
    ILOGIC_X0Y32         FDRE                                         r  system_i/adc/adc_0/inst/int_dat_a_reg_reg[12]/D
  -------------------------------------------------------------------    -------------------

                         (clock clk_out1_system_pll_0_0 rise edge)
                                                      8.000     8.000 r  
    U18                                               0.000     8.000 r  adc_clk_p_i (IN)
                         net (fo=0)                   0.000     8.000    system_i/pll_0/inst/clk_in1_p
    U18                  IBUFDS (Prop_ibufds_I_O)     0.940     8.940 r  system_i/pll_0/inst/clkin1_ibufgds/O
                         net (fo=1, routed)           1.181    10.121    system_i/pll_0/inst/clk_in1_system_pll_0_0
    PLLE2_ADV_X0Y0       PLLE2_ADV (Prop_plle2_adv_CLKIN1_CLKOUT0)
                                                     -7.650     2.470 r  system_i/pll_0/inst/plle2_adv_inst/CLKOUT0
                         net (fo=1, routed)           1.594     4.065    system_i/pll_0/inst/clk_out1_system_pll_0_0
    BUFGCTRL_X0Y0        BUFG (Prop_bufg_I_O)         0.091     4.156 r  system_i/pll_0/inst/clkout1_buf/O
                         net (fo=5704, routed)        1.549     5.704    system_i/adc/adc_0/inst/aclk
    ILOGIC_X0Y32         FDRE                                         r  system_i/adc/adc_0/inst/int_dat_a_reg_reg[12]/C
                         clock pessimism              0.000     5.704    
                         clock uncertainty           -0.177     5.527    
    ILOGIC_X0Y32         FDRE (Setup_fdre_C_D)       -0.011     5.516    system_i/adc/adc_0/inst/int_dat_a_reg_reg[12]
  -------------------------------------------------------------------
                         required time                          5.516    
                         arrival time                          -2.013    
  -------------------------------------------------------------------
                         slack                                  3.503    

Slack (MET) :             3.505ns  (required time - arrival time)
  Source:                 adc_dat_a_i[9]
                            (input port clocked by adc_clk_p_i  {rise@0.000ns fall@4.000ns period=8.000ns})
  Destination:            system_i/adc/adc_0/inst/int_dat_a_reg_reg[7]/D
                            (rising edge-triggered cell FDRE clocked by clk_out1_system_pll_0_0  {rise@0.000ns fall@4.000ns period=8.000ns})
  Path Group:             clk_out1_system_pll_0_0
  Path Type:              Setup (Max at Slow Process Corner)
  Requirement:            8.000ns  (clk_out1_system_pll_0_0 rise@8.000ns - adc_clk_p_i rise@0.000ns)
  Data Path Delay:        1.018ns  (logic 1.018ns (100.000%)  route 0.000ns (0.000%))
  Logic Levels:           1  (IBUF=1)
  Input Delay:            1.000ns
  Clock Path Skew:        -2.290ns (DCD - SCD + CPR)
    Destination Clock Delay (DCD):    -2.290ns = ( 5.710 - 8.000 ) 
    Source Clock Delay      (SCD):    0.000ns
    Clock Pessimism Removal (CPR):    0.000ns
  Clock Uncertainty:      0.177ns  ((TSJ^2 + TIJ^2 + DJ^2)^1/2) / 2 + PE
    Total System Jitter     (TSJ):    0.071ns
    Total Input Jitter      (TIJ):    0.080ns
    Discrete Jitter          (DJ):    0.119ns
    Phase Error              (PE):    0.097ns

    Location             Delay type                Incr(ns)  Path(ns)    Netlist Resource(s)
  -------------------------------------------------------------------    -------------------
                         (clock adc_clk_p_i rise edge)
                                                      0.000     0.000 r  
                         input delay                  1.000     1.000    
    V12                                               0.000     1.000 r  adc_dat_a_i[9] (IN)
                         net (fo=0)                   0.000     1.000    adc_dat_a_i[9]
    V12                  IBUF (Prop_ibuf_I_O)         1.018     2.018 r  adc_dat_a_i_IBUF[9]_inst/O
                         net (fo=1, routed)           0.000     2.018    system_i/adc/adc_0/inst/adc_dat_a[7]
    ILOGIC_X0Y42         FDRE                                         r  system_i/adc/adc_0/inst/int_dat_a_reg_reg[7]/D
  -------------------------------------------------------------------    -------------------

                         (clock clk_out1_system_pll_0_0 rise edge)
                                                      8.000     8.000 r  
    U18                                               0.000     8.000 r  adc_clk_p_i (IN)
                         net (fo=0)                   0.000     8.000    system_i/pll_0/inst/clk_in1_p
    U18                  IBUFDS (Prop_ibufds_I_O)     0.940     8.940 r  system_i/pll_0/inst/clkin1_ibufgds/O
                         net (fo=1, routed)           1.181    10.121    system_i/pll_0/inst/clk_in1_system_pll_0_0
    PLLE2_ADV_X0Y0       PLLE2_ADV (Prop_plle2_adv_CLKIN1_CLKOUT0)
                                                     -7.650     2.470 r  system_i/pll_0/inst/plle2_adv_inst/CLKOUT0
                         net (fo=1, routed)           1.594     4.065    system_i/pll_0/inst/clk_out1_system_pll_0_0
    BUFGCTRL_X0Y0        BUFG (Prop_bufg_I_O)         0.091     4.156 r  system_i/pll_0/inst/clkout1_buf/O
                         net (fo=5704, routed)        1.555     5.710    system_i/adc/adc_0/inst/aclk
    ILOGIC_X0Y42         FDRE                                         r  system_i/adc/adc_0/inst/int_dat_a_reg_reg[7]/C
                         clock pessimism              0.000     5.710    
                         clock uncertainty           -0.177     5.533    
    ILOGIC_X0Y42         FDRE (Setup_fdre_C_D)       -0.011     5.522    system_i/adc/adc_0/inst/int_dat_a_reg_reg[7]
  -------------------------------------------------------------------
                         required time                          5.522    
                         arrival time                          -2.018    
  -------------------------------------------------------------------
                         slack                                  3.505    

Slack (MET) :             3.518ns  (required time - arrival time)
  Source:                 adc_dat_a_i[10]
                            (input port clocked by adc_clk_p_i  {rise@0.000ns fall@4.000ns period=8.000ns})
  Destination:            system_i/adc/adc_0/inst/int_dat_a_reg_reg[8]/D
                            (rising edge-triggered cell FDRE clocked by clk_out1_system_pll_0_0  {rise@0.000ns fall@4.000ns period=8.000ns})
  Path Group:             clk_out1_system_pll_0_0
  Path Type:              Setup (Max at Slow Process Corner)
  Requirement:            8.000ns  (clk_out1_system_pll_0_0 rise@8.000ns - adc_clk_p_i rise@0.000ns)
  Data Path Delay:        1.004ns  (logic 1.004ns (100.000%)  route 0.000ns (0.000%))
  Logic Levels:           1  (IBUF=1)
  Input Delay:            1.000ns
  Clock Path Skew:        -2.290ns (DCD - SCD + CPR)
    Destination Clock Delay (DCD):    -2.290ns = ( 5.710 - 8.000 ) 
    Source Clock Delay      (SCD):    0.000ns
    Clock Pessimism Removal (CPR):    0.000ns
  Clock Uncertainty:      0.177ns  ((TSJ^2 + TIJ^2 + DJ^2)^1/2) / 2 + PE
    Total System Jitter     (TSJ):    0.071ns
    Total Input Jitter      (TIJ):    0.080ns
    Discrete Jitter          (DJ):    0.119ns
    Phase Error              (PE):    0.097ns

    Location             Delay type                Incr(ns)  Path(ns)    Netlist Resource(s)
  -------------------------------------------------------------------    -------------------
                         (clock adc_clk_p_i rise edge)
                                                      0.000     0.000 r  
                         input delay                  1.000     1.000    
    V13                                               0.000     1.000 r  adc_dat_a_i[10] (IN)
                         net (fo=0)                   0.000     1.000    adc_dat_a_i[10]
    V13                  IBUF (Prop_ibuf_I_O)         1.004     2.004 r  adc_dat_a_i_IBUF[10]_inst/O
                         net (fo=1, routed)           0.000     2.004    system_i/adc/adc_0/inst/adc_dat_a[8]
    ILOGIC_X0Y43         FDRE                                         r  system_i/adc/adc_0/inst/int_dat_a_reg_reg[8]/D
  -------------------------------------------------------------------    -------------------

                         (clock clk_out1_system_pll_0_0 rise edge)
                                                      8.000     8.000 r  
    U18                                               0.000     8.000 r  adc_clk_p_i (IN)
                         net (fo=0)                   0.000     8.000    system_i/pll_0/inst/clk_in1_p
    U18                  IBUFDS (Prop_ibufds_I_O)     0.940     8.940 r  system_i/pll_0/inst/clkin1_ibufgds/O
                         net (fo=1, routed)           1.181    10.121    system_i/pll_0/inst/clk_in1_system_pll_0_0
    PLLE2_ADV_X0Y0       PLLE2_ADV (Prop_plle2_adv_CLKIN1_CLKOUT0)
                                                     -7.650     2.470 r  system_i/pll_0/inst/plle2_adv_inst/CLKOUT0
                         net (fo=1, routed)           1.594     4.065    system_i/pll_0/inst/clk_out1_system_pll_0_0
    BUFGCTRL_X0Y0        BUFG (Prop_bufg_I_O)         0.091     4.156 r  system_i/pll_0/inst/clkout1_buf/O
                         net (fo=5704, routed)        1.555     5.710    system_i/adc/adc_0/inst/aclk
    ILOGIC_X0Y43         FDRE                                         r  system_i/adc/adc_0/inst/int_dat_a_reg_reg[8]/C
                         clock pessimism              0.000     5.710    
                         clock uncertainty           -0.177     5.533    
    ILOGIC_X0Y43         FDRE (Setup_fdre_C_D)       -0.011     5.522    system_i/adc/adc_0/inst/int_dat_a_reg_reg[8]
  -------------------------------------------------------------------
                         required time                          5.522    
                         arrival time                          -2.004    
  -------------------------------------------------------------------
                         slack                                  3.518    





--------------------------------------------------------------------------------------
Path Group:  (none)
From Clock:  clk_out1_system_pll_0_0
  To Clock:  clk_out1_system_pll_0_0

Max Delay           193 Endpoints
Min Delay           193 Endpoints
--------------------------------------------------------------------------------------


Max Delay Paths
--------------------------------------------------------------------------------------
Slack:                    inf
  Source:                 system_i/iir2nd/axi_gpio_2/U0/gpio_core_1/Dual.gpio2_Data_Out_reg[7]/C
                            (rising edge-triggered cell FDRE clocked by clk_out1_system_pll_0_0  {rise@0.000ns fall@4.000ns period=8.000ns})
  Destination:            system_i/iir2nd/axi_gpio_2/U0/gpio_core_1/Dual.INPUT_DOUBLE_REGS5/GENERATE_LEVEL_P_S_CDC.MULTI_BIT.FOR_IN_cdc_to[24].CROSS2_PLEVEL_IN2SCNDRY_IN_cdc_to/D
                            (rising edge-triggered cell FDRE clocked by clk_out1_system_pll_0_0  {rise@0.000ns fall@4.000ns period=8.000ns})
  Path Group:             (none)
  Path Type:              Setup (Max at Fast Process Corner)
  Data Path Delay:        0.922ns  (logic 0.160ns (17.350%)  route 0.762ns (82.650%))
  Logic Levels:           0  
  Clock Path Skew:        -0.080ns (DCD - SCD + CPR)
    Destination Clock Delay (DCD):    -0.317ns
    Source Clock Delay      (SCD):    -0.237ns
    Clock Pessimism Removal (CPR):    0.000ns
  Clock Uncertainty:      0.069ns  ((TSJ^2 + DJ^2)^1/2) / 2 + PE
    Total System Jitter     (TSJ):    0.071ns
    Discrete Jitter          (DJ):    0.119ns
    Phase Error              (PE):    0.000ns
  Timing Exception:       False Path

    Location             Delay type                Incr(ns)  Path(ns)    Netlist Resource(s)
  -------------------------------------------------------------------    -------------------
                         (clock clk_out1_system_pll_0_0 rise edge)
                                                      0.000     0.000 r  
    U18                                               0.000     0.000 r  adc_clk_p_i (IN)
                         net (fo=0)                   0.000     0.000    system_i/pll_0/inst/clk_in1_p
    U18                  IBUFDS (Prop_ibufds_I_O)     0.433     0.433 r  system_i/pll_0/inst/clkin1_ibufgds/O
                         net (fo=1, routed)           0.481     0.914    system_i/pll_0/inst/clk_in1_system_pll_0_0
    PLLE2_ADV_X0Y0       PLLE2_ADV (Prop_plle2_adv_CLKIN1_CLKOUT0)
                                                     -2.546    -1.632 r  system_i/pll_0/inst/plle2_adv_inst/CLKOUT0
                         net (fo=1, routed)           0.544    -1.088    system_i/pll_0/inst/clk_out1_system_pll_0_0
    BUFGCTRL_X0Y0        BUFG (Prop_bufg_I_O)         0.029    -1.059 r  system_i/pll_0/inst/clkout1_buf/O
                         net (fo=5704, routed)        0.822    -0.237    system_i/iir2nd/axi_gpio_2/U0/gpio_core_1/s_axi_aclk
    SLICE_X27Y31         FDRE                                         r  system_i/iir2nd/axi_gpio_2/U0/gpio_core_1/Dual.gpio2_Data_Out_reg[7]/C
  -------------------------------------------------------------------    -------------------
    SLICE_X27Y31         FDRE (Prop_fdre_C_Q)         0.160    -0.077 r  system_i/iir2nd/axi_gpio_2/U0/gpio_core_1/Dual.gpio2_Data_Out_reg[7]/Q
                         net (fo=4, routed)           0.762     0.685    system_i/iir2nd/axi_gpio_2/U0/gpio_core_1/Dual.INPUT_DOUBLE_REGS5/gpio2_io_o[24]
    SLICE_X29Y21         FDRE                                         r  system_i/iir2nd/axi_gpio_2/U0/gpio_core_1/Dual.INPUT_DOUBLE_REGS5/GENERATE_LEVEL_P_S_CDC.MULTI_BIT.FOR_IN_cdc_to[24].CROSS2_PLEVEL_IN2SCNDRY_IN_cdc_to/D
  -------------------------------------------------------------------    -------------------

                         (clock clk_out1_system_pll_0_0 rise edge)
                                                      0.000     0.000 r  
    U18                                               0.000     0.000 r  adc_clk_p_i (IN)
                         net (fo=0)                   0.000     0.000    system_i/pll_0/inst/clk_in1_p
    U18                  IBUFDS (Prop_ibufds_I_O)     0.401     0.401 r  system_i/pll_0/inst/clkin1_ibufgds/O
                         net (fo=1, routed)           0.440     0.842    system_i/pll_0/inst/clk_in1_system_pll_0_0
    PLLE2_ADV_X0Y0       PLLE2_ADV (Prop_plle2_adv_CLKIN1_CLKOUT0)
                                                     -2.234    -1.393 r  system_i/pll_0/inst/plle2_adv_inst/CLKOUT0
                         net (fo=1, routed)           0.497    -0.896    system_i/pll_0/inst/clk_out1_system_pll_0_0
    BUFGCTRL_X0Y0        BUFG (Prop_bufg_I_O)         0.026    -0.870 r  system_i/pll_0/inst/clkout1_buf/O
                         net (fo=5704, routed)        0.553    -0.317    system_i/iir2nd/axi_gpio_2/U0/gpio_core_1/Dual.INPUT_DOUBLE_REGS5/s_axi_aclk
    SLICE_X29Y21         FDRE                                         r  system_i/iir2nd/axi_gpio_2/U0/gpio_core_1/Dual.INPUT_DOUBLE_REGS5/GENERATE_LEVEL_P_S_CDC.MULTI_BIT.FOR_IN_cdc_to[24].CROSS2_PLEVEL_IN2SCNDRY_IN_cdc_to/C

Slack:                    inf
  Source:                 system_i/iir2nd/axi_gpio_2/U0/gpio_core_1/Dual.gpio_Data_Out_reg[31]/C
                            (rising edge-triggered cell FDRE clocked by clk_out1_system_pll_0_0  {rise@0.000ns fall@4.000ns period=8.000ns})
  Destination:            system_i/iir2nd/axi_gpio_2/U0/gpio_core_1/Dual.INPUT_DOUBLE_REGS4/GENERATE_LEVEL_P_S_CDC.MULTI_BIT.FOR_IN_cdc_to[0].CROSS2_PLEVEL_IN2SCNDRY_IN_cdc_to/D
                            (rising edge-triggered cell FDRE clocked by clk_out1_system_pll_0_0  {rise@0.000ns fall@4.000ns period=8.000ns})
  Path Group:             (none)
  Path Type:              Setup (Max at Fast Process Corner)
  Data Path Delay:        0.876ns  (logic 0.175ns (19.974%)  route 0.701ns (80.026%))
  Logic Levels:           0  
  Clock Path Skew:        -0.076ns (DCD - SCD + CPR)
    Destination Clock Delay (DCD):    -0.319ns
    Source Clock Delay      (SCD):    -0.243ns
    Clock Pessimism Removal (CPR):    0.000ns
  Clock Uncertainty:      0.069ns  ((TSJ^2 + DJ^2)^1/2) / 2 + PE
    Total System Jitter     (TSJ):    0.071ns
    Discrete Jitter          (DJ):    0.119ns
    Phase Error              (PE):    0.000ns
  Timing Exception:       False Path

    Location             Delay type                Incr(ns)  Path(ns)    Netlist Resource(s)
  -------------------------------------------------------------------    -------------------
                         (clock clk_out1_system_pll_0_0 rise edge)
                                                      0.000     0.000 r  
    U18                                               0.000     0.000 r  adc_clk_p_i (IN)
                         net (fo=0)                   0.000     0.000    system_i/pll_0/inst/clk_in1_p
    U18                  IBUFDS (Prop_ibufds_I_O)     0.433     0.433 r  system_i/pll_0/inst/clkin1_ibufgds/O
                         net (fo=1, routed)           0.481     0.914    system_i/pll_0/inst/clk_in1_system_pll_0_0
    PLLE2_ADV_X0Y0       PLLE2_ADV (Prop_plle2_adv_CLKIN1_CLKOUT0)
                                                     -2.546    -1.632 r  system_i/pll_0/inst/plle2_adv_inst/CLKOUT0
                         net (fo=1, routed)           0.544    -1.088    system_i/pll_0/inst/clk_out1_system_pll_0_0
    BUFGCTRL_X0Y0        BUFG (Prop_bufg_I_O)         0.029    -1.059 r  system_i/pll_0/inst/clkout1_buf/O
                         net (fo=5704, routed)        0.816    -0.243    system_i/iir2nd/axi_gpio_2/U0/gpio_core_1/s_axi_aclk
    SLICE_X29Y23         FDRE                                         r  system_i/iir2nd/axi_gpio_2/U0/gpio_core_1/Dual.gpio_Data_Out_reg[31]/C
  -------------------------------------------------------------------    -------------------
    SLICE_X29Y23         FDRE (Prop_fdre_C_Q)         0.175    -0.068 r  system_i/iir2nd/axi_gpio_2/U0/gpio_core_1/Dual.gpio_Data_Out_reg[31]/Q
                         net (fo=4, routed)           0.701     0.633    system_i/iir2nd/axi_gpio_2/U0/gpio_core_1/Dual.INPUT_DOUBLE_REGS4/gpio_io_o[0]
    SLICE_X21Y20         FDRE                                         r  system_i/iir2nd/axi_gpio_2/U0/gpio_core_1/Dual.INPUT_DOUBLE_REGS4/GENERATE_LEVEL_P_S_CDC.MULTI_BIT.FOR_IN_cdc_to[0].CROSS2_PLEVEL_IN2SCNDRY_IN_cdc_to/D
  -------------------------------------------------------------------    -------------------

                         (clock clk_out1_system_pll_0_0 rise edge)
                                                      0.000     0.000 r  
    U18                                               0.000     0.000 r  adc_clk_p_i (IN)
                         net (fo=0)                   0.000     0.000    system_i/pll_0/inst/clk_in1_p
    U18                  IBUFDS (Prop_ibufds_I_O)     0.401     0.401 r  system_i/pll_0/inst/clkin1_ibufgds/O
                         net (fo=1, routed)           0.440     0.842    system_i/pll_0/inst/clk_in1_system_pll_0_0
    PLLE2_ADV_X0Y0       PLLE2_ADV (Prop_plle2_adv_CLKIN1_CLKOUT0)
                                                     -2.234    -1.393 r  system_i/pll_0/inst/plle2_adv_inst/CLKOUT0
                         net (fo=1, routed)           0.497    -0.896    system_i/pll_0/inst/clk_out1_system_pll_0_0
    BUFGCTRL_X0Y0        BUFG (Prop_bufg_I_O)         0.026    -0.870 r  system_i/pll_0/inst/clkout1_buf/O
                         net (fo=5704, routed)        0.551    -0.319    system_i/iir2nd/axi_gpio_2/U0/gpio_core_1/Dual.INPUT_DOUBLE_REGS4/s_axi_aclk
    SLICE_X21Y20         FDRE                                         r  system_i/iir2nd/axi_gpio_2/U0/gpio_core_1/Dual.INPUT_DOUBLE_REGS4/GENERATE_LEVEL_P_S_CDC.MULTI_BIT.FOR_IN_cdc_to[0].CROSS2_PLEVEL_IN2SCNDRY_IN_cdc_to/C

Slack:                    inf
  Source:                 system_i/iir2nd/axi_gpio_1/U0/gpio_core_1/Dual.gpio_Data_Out_reg[24]/C
                            (rising edge-triggered cell FDRE clocked by clk_out1_system_pll_0_0  {rise@0.000ns fall@4.000ns period=8.000ns})
  Destination:            system_i/iir2nd/axi_gpio_1/U0/gpio_core_1/Dual.INPUT_DOUBLE_REGS4/GENERATE_LEVEL_P_S_CDC.MULTI_BIT.FOR_IN_cdc_to[7].CROSS2_PLEVEL_IN2SCNDRY_IN_cdc_to/D
                            (rising edge-triggered cell FDRE clocked by clk_out1_system_pll_0_0  {rise@0.000ns fall@4.000ns period=8.000ns})
  Path Group:             (none)
  Path Type:              Setup (Max at Fast Process Corner)
  Data Path Delay:        0.803ns  (logic 0.184ns (22.909%)  route 0.619ns (77.091%))
  Logic Levels:           0  
  Clock Path Skew:        -0.065ns (DCD - SCD + CPR)
    Destination Clock Delay (DCD):    -0.297ns
    Source Clock Delay      (SCD):    -0.232ns
    Clock Pessimism Removal (CPR):    0.000ns
  Clock Uncertainty:      0.069ns  ((TSJ^2 + DJ^2)^1/2) / 2 + PE
    Total System Jitter     (TSJ):    0.071ns
    Discrete Jitter          (DJ):    0.119ns
    Phase Error              (PE):    0.000ns
  Timing Exception:       False Path

    Location             Delay type                Incr(ns)  Path(ns)    Netlist Resource(s)
  -------------------------------------------------------------------    -------------------
                         (clock clk_out1_system_pll_0_0 rise edge)
                                                      0.000     0.000 r  
    U18                                               0.000     0.000 r  adc_clk_p_i (IN)
                         net (fo=0)                   0.000     0.000    system_i/pll_0/inst/clk_in1_p
    U18                  IBUFDS (Prop_ibufds_I_O)     0.433     0.433 r  system_i/pll_0/inst/clkin1_ibufgds/O
                         net (fo=1, routed)           0.481     0.914    system_i/pll_0/inst/clk_in1_system_pll_0_0
    PLLE2_ADV_X0Y0       PLLE2_ADV (Prop_plle2_adv_CLKIN1_CLKOUT0)
                                                     -2.546    -1.632 r  system_i/pll_0/inst/plle2_adv_inst/CLKOUT0
                         net (fo=1, routed)           0.544    -1.088    system_i/pll_0/inst/clk_out1_system_pll_0_0
    BUFGCTRL_X0Y0        BUFG (Prop_bufg_I_O)         0.029    -1.059 r  system_i/pll_0/inst/clkout1_buf/O
                         net (fo=5704, routed)        0.827    -0.232    system_i/iir2nd/axi_gpio_1/U0/gpio_core_1/s_axi_aclk
    SLICE_X8Y33          FDRE                                         r  system_i/iir2nd/axi_gpio_1/U0/gpio_core_1/Dual.gpio_Data_Out_reg[24]/C
  -------------------------------------------------------------------    -------------------
    SLICE_X8Y33          FDRE (Prop_fdre_C_Q)         0.184    -0.048 r  system_i/iir2nd/axi_gpio_1/U0/gpio_core_1/Dual.gpio_Data_Out_reg[24]/Q
                         net (fo=4, routed)           0.619     0.571    system_i/iir2nd/axi_gpio_1/U0/gpio_core_1/Dual.INPUT_DOUBLE_REGS4/gpio_io_o[7]
    SLICE_X1Y27          FDRE                                         r  system_i/iir2nd/axi_gpio_1/U0/gpio_core_1/Dual.INPUT_DOUBLE_REGS4/GENERATE_LEVEL_P_S_CDC.MULTI_BIT.FOR_IN_cdc_to[7].CROSS2_PLEVEL_IN2SCNDRY_IN_cdc_to/D
  -------------------------------------------------------------------    -------------------

                         (clock clk_out1_system_pll_0_0 rise edge)
                                                      0.000     0.000 r  
    U18                                               0.000     0.000 r  adc_clk_p_i (IN)
                         net (fo=0)                   0.000     0.000    system_i/pll_0/inst/clk_in1_p
    U18                  IBUFDS (Prop_ibufds_I_O)     0.401     0.401 r  system_i/pll_0/inst/clkin1_ibufgds/O
                         net (fo=1, routed)           0.440     0.842    system_i/pll_0/inst/clk_in1_system_pll_0_0
    PLLE2_ADV_X0Y0       PLLE2_ADV (Prop_plle2_adv_CLKIN1_CLKOUT0)
                                                     -2.234    -1.393 r  system_i/pll_0/inst/plle2_adv_inst/CLKOUT0
                         net (fo=1, routed)           0.497    -0.896    system_i/pll_0/inst/clk_out1_system_pll_0_0
    BUFGCTRL_X0Y0        BUFG (Prop_bufg_I_O)         0.026    -0.870 r  system_i/pll_0/inst/clkout1_buf/O
                         net (fo=5704, routed)        0.573    -0.297    system_i/iir2nd/axi_gpio_1/U0/gpio_core_1/Dual.INPUT_DOUBLE_REGS4/s_axi_aclk
    SLICE_X1Y27          FDRE                                         r  system_i/iir2nd/axi_gpio_1/U0/gpio_core_1/Dual.INPUT_DOUBLE_REGS4/GENERATE_LEVEL_P_S_CDC.MULTI_BIT.FOR_IN_cdc_to[7].CROSS2_PLEVEL_IN2SCNDRY_IN_cdc_to/C

Slack:                    inf
  Source:                 system_i/iir2nd/axi_gpio_3/U0/gpio_core_1/Dual.gpio_Data_Out_reg[16]/C
                            (rising edge-triggered cell FDRE clocked by clk_out1_system_pll_0_0  {rise@0.000ns fall@4.000ns period=8.000ns})
  Destination:            system_i/iir2nd/axi_gpio_3/U0/gpio_core_1/Dual.INPUT_DOUBLE_REGS4/GENERATE_LEVEL_P_S_CDC.MULTI_BIT.FOR_IN_cdc_to[15].CROSS2_PLEVEL_IN2SCNDRY_IN_cdc_to/D
                            (rising edge-triggered cell FDRE clocked by clk_out1_system_pll_0_0  {rise@0.000ns fall@4.000ns period=8.000ns})
  Path Group:             (none)
  Path Type:              Setup (Max at Fast Process Corner)
  Data Path Delay:        0.793ns  (logic 0.175ns (22.077%)  route 0.618ns (77.923%))
  Logic Levels:           0  
  Clock Path Skew:        -0.077ns (DCD - SCD + CPR)
    Destination Clock Delay (DCD):    -0.311ns
    Source Clock Delay      (SCD):    -0.234ns
    Clock Pessimism Removal (CPR):    0.000ns
  Clock Uncertainty:      0.069ns  ((TSJ^2 + DJ^2)^1/2) / 2 + PE
    Total System Jitter     (TSJ):    0.071ns
    Discrete Jitter          (DJ):    0.119ns
    Phase Error              (PE):    0.000ns
  Timing Exception:       False Path

    Location             Delay type                Incr(ns)  Path(ns)    Netlist Resource(s)
  -------------------------------------------------------------------    -------------------
                         (clock clk_out1_system_pll_0_0 rise edge)
                                                      0.000     0.000 r  
    U18                                               0.000     0.000 r  adc_clk_p_i (IN)
                         net (fo=0)                   0.000     0.000    system_i/pll_0/inst/clk_in1_p
    U18                  IBUFDS (Prop_ibufds_I_O)     0.433     0.433 r  system_i/pll_0/inst/clkin1_ibufgds/O
                         net (fo=1, routed)           0.481     0.914    system_i/pll_0/inst/clk_in1_system_pll_0_0
    PLLE2_ADV_X0Y0       PLLE2_ADV (Prop_plle2_adv_CLKIN1_CLKOUT0)
                                                     -2.546    -1.632 r  system_i/pll_0/inst/plle2_adv_inst/CLKOUT0
                         net (fo=1, routed)           0.544    -1.088    system_i/pll_0/inst/clk_out1_system_pll_0_0
    BUFGCTRL_X0Y0        BUFG (Prop_bufg_I_O)         0.029    -1.059 r  system_i/pll_0/inst/clkout1_buf/O
                         net (fo=5704, routed)        0.825    -0.234    system_i/iir2nd/axi_gpio_3/U0/gpio_core_1/s_axi_aclk
    SLICE_X29Y34         FDRE                                         r  system_i/iir2nd/axi_gpio_3/U0/gpio_core_1/Dual.gpio_Data_Out_reg[16]/C
  -------------------------------------------------------------------    -------------------
    SLICE_X29Y34         FDRE (Prop_fdre_C_Q)         0.175    -0.059 r  system_i/iir2nd/axi_gpio_3/U0/gpio_core_1/Dual.gpio_Data_Out_reg[16]/Q
                         net (fo=4, routed)           0.618     0.559    system_i/iir2nd/axi_gpio_3/U0/gpio_core_1/Dual.INPUT_DOUBLE_REGS4/gpio_io_o[15]
    SLICE_X24Y41         FDRE                                         r  system_i/iir2nd/axi_gpio_3/U0/gpio_core_1/Dual.INPUT_DOUBLE_REGS4/GENERATE_LEVEL_P_S_CDC.MULTI_BIT.FOR_IN_cdc_to[15].CROSS2_PLEVEL_IN2SCNDRY_IN_cdc_to/D
  -------------------------------------------------------------------    -------------------

                         (clock clk_out1_system_pll_0_0 rise edge)
                                                      0.000     0.000 r  
    U18                                               0.000     0.000 r  adc_clk_p_i (IN)
                         net (fo=0)                   0.000     0.000    system_i/pll_0/inst/clk_in1_p
    U18                  IBUFDS (Prop_ibufds_I_O)     0.401     0.401 r  system_i/pll_0/inst/clkin1_ibufgds/O
                         net (fo=1, routed)           0.440     0.842    system_i/pll_0/inst/clk_in1_system_pll_0_0
    PLLE2_ADV_X0Y0       PLLE2_ADV (Prop_plle2_adv_CLKIN1_CLKOUT0)
                                                     -2.234    -1.393 r  system_i/pll_0/inst/plle2_adv_inst/CLKOUT0
                         net (fo=1, routed)           0.497    -0.896    system_i/pll_0/inst/clk_out1_system_pll_0_0
    BUFGCTRL_X0Y0        BUFG (Prop_bufg_I_O)         0.026    -0.870 r  system_i/pll_0/inst/clkout1_buf/O
                         net (fo=5704, routed)        0.559    -0.311    system_i/iir2nd/axi_gpio_3/U0/gpio_core_1/Dual.INPUT_DOUBLE_REGS4/s_axi_aclk
    SLICE_X24Y41         FDRE                                         r  system_i/iir2nd/axi_gpio_3/U0/gpio_core_1/Dual.INPUT_DOUBLE_REGS4/GENERATE_LEVEL_P_S_CDC.MULTI_BIT.FOR_IN_cdc_to[15].CROSS2_PLEVEL_IN2SCNDRY_IN_cdc_to/C

Slack:                    inf
  Source:                 system_i/iir2nd/axi_gpio_2/U0/gpio_core_1/Dual.gpio2_Data_Out_reg[10]/C
                            (rising edge-triggered cell FDRE clocked by clk_out1_system_pll_0_0  {rise@0.000ns fall@4.000ns period=8.000ns})
  Destination:            system_i/iir2nd/axi_gpio_2/U0/gpio_core_1/Dual.INPUT_DOUBLE_REGS5/GENERATE_LEVEL_P_S_CDC.MULTI_BIT.FOR_IN_cdc_to[21].CROSS2_PLEVEL_IN2SCNDRY_IN_cdc_to/D
                            (rising edge-triggered cell FDRE clocked by clk_out1_system_pll_0_0  {rise@0.000ns fall@4.000ns period=8.000ns})
  Path Group:             (none)
  Path Type:              Setup (Max at Fast Process Corner)
  Data Path Delay:        0.792ns  (logic 0.175ns (22.086%)  route 0.617ns (77.914%))
  Logic Levels:           0  
  Clock Path Skew:        -0.082ns (DCD - SCD + CPR)
    Destination Clock Delay (DCD):    -0.319ns
    Source Clock Delay      (SCD):    -0.237ns
    Clock Pessimism Removal (CPR):    0.000ns
  Clock Uncertainty:      0.069ns  ((TSJ^2 + DJ^2)^1/2) / 2 + PE
    Total System Jitter     (TSJ):    0.071ns
    Discrete Jitter          (DJ):    0.119ns
    Phase Error              (PE):    0.000ns
  Timing Exception:       False Path

    Location             Delay type                Incr(ns)  Path(ns)    Netlist Resource(s)
  -------------------------------------------------------------------    -------------------
                         (clock clk_out1_system_pll_0_0 rise edge)
                                                      0.000     0.000 r  
    U18                                               0.000     0.000 r  adc_clk_p_i (IN)
                         net (fo=0)                   0.000     0.000    system_i/pll_0/inst/clk_in1_p
    U18                  IBUFDS (Prop_ibufds_I_O)     0.433     0.433 r  system_i/pll_0/inst/clkin1_ibufgds/O
                         net (fo=1, routed)           0.481     0.914    system_i/pll_0/inst/clk_in1_system_pll_0_0
    PLLE2_ADV_X0Y0       PLLE2_ADV (Prop_plle2_adv_CLKIN1_CLKOUT0)
                                                     -2.546    -1.632 r  system_i/pll_0/inst/plle2_adv_inst/CLKOUT0
                         net (fo=1, routed)           0.544    -1.088    system_i/pll_0/inst/clk_out1_system_pll_0_0
    BUFGCTRL_X0Y0        BUFG (Prop_bufg_I_O)         0.029    -1.059 r  system_i/pll_0/inst/clkout1_buf/O
                         net (fo=5704, routed)        0.822    -0.237    system_i/iir2nd/axi_gpio_2/U0/gpio_core_1/s_axi_aclk
    SLICE_X27Y31         FDRE                                         r  system_i/iir2nd/axi_gpio_2/U0/gpio_core_1/Dual.gpio2_Data_Out_reg[10]/C
  -------------------------------------------------------------------    -------------------
    SLICE_X27Y31         FDRE (Prop_fdre_C_Q)         0.175    -0.062 r  system_i/iir2nd/axi_gpio_2/U0/gpio_core_1/Dual.gpio2_Data_Out_reg[10]/Q
                         net (fo=4, routed)           0.617     0.555    system_i/iir2nd/axi_gpio_2/U0/gpio_core_1/Dual.INPUT_DOUBLE_REGS5/gpio2_io_o[21]
    SLICE_X28Y26         FDRE                                         r  system_i/iir2nd/axi_gpio_2/U0/gpio_core_1/Dual.INPUT_DOUBLE_REGS5/GENERATE_LEVEL_P_S_CDC.MULTI_BIT.FOR_IN_cdc_to[21].CROSS2_PLEVEL_IN2SCNDRY_IN_cdc_to/D
  -------------------------------------------------------------------    -------------------

                         (clock clk_out1_system_pll_0_0 rise edge)
                                                      0.000     0.000 r  
    U18                                               0.000     0.000 r  adc_clk_p_i (IN)
                         net (fo=0)                   0.000     0.000    system_i/pll_0/inst/clk_in1_p
    U18                  IBUFDS (Prop_ibufds_I_O)     0.401     0.401 r  system_i/pll_0/inst/clkin1_ibufgds/O
                         net (fo=1, routed)           0.440     0.842    system_i/pll_0/inst/clk_in1_system_pll_0_0
    PLLE2_ADV_X0Y0       PLLE2_ADV (Prop_plle2_adv_CLKIN1_CLKOUT0)
                                                     -2.234    -1.393 r  system_i/pll_0/inst/plle2_adv_inst/CLKOUT0
                         net (fo=1, routed)           0.497    -0.896    system_i/pll_0/inst/clk_out1_system_pll_0_0
    BUFGCTRL_X0Y0        BUFG (Prop_bufg_I_O)         0.026    -0.870 r  system_i/pll_0/inst/clkout1_buf/O
                         net (fo=5704, routed)        0.551    -0.319    system_i/iir2nd/axi_gpio_2/U0/gpio_core_1/Dual.INPUT_DOUBLE_REGS5/s_axi_aclk
    SLICE_X28Y26         FDRE                                         r  system_i/iir2nd/axi_gpio_2/U0/gpio_core_1/Dual.INPUT_DOUBLE_REGS5/GENERATE_LEVEL_P_S_CDC.MULTI_BIT.FOR_IN_cdc_to[21].CROSS2_PLEVEL_IN2SCNDRY_IN_cdc_to/C

Slack:                    inf
  Source:                 system_i/iir2nd/axi_gpio_1/U0/gpio_core_1/Dual.gpio_Data_Out_reg[30]/C
                            (rising edge-triggered cell FDRE clocked by clk_out1_system_pll_0_0  {rise@0.000ns fall@4.000ns period=8.000ns})
  Destination:            system_i/iir2nd/axi_gpio_1/U0/gpio_core_1/Dual.INPUT_DOUBLE_REGS4/GENERATE_LEVEL_P_S_CDC.MULTI_BIT.FOR_IN_cdc_to[1].CROSS2_PLEVEL_IN2SCNDRY_IN_cdc_to/D
                            (rising edge-triggered cell FDRE clocked by clk_out1_system_pll_0_0  {rise@0.000ns fall@4.000ns period=8.000ns})
  Path Group:             (none)
  Path Type:              Setup (Max at Fast Process Corner)
  Data Path Delay:        0.787ns  (logic 0.184ns (23.393%)  route 0.603ns (76.607%))
  Logic Levels:           0  
  Clock Path Skew:        -0.066ns (DCD - SCD + CPR)
    Destination Clock Delay (DCD):    -0.298ns
    Source Clock Delay      (SCD):    -0.232ns
    Clock Pessimism Removal (CPR):    0.000ns
  Clock Uncertainty:      0.069ns  ((TSJ^2 + DJ^2)^1/2) / 2 + PE
    Total System Jitter     (TSJ):    0.071ns
    Discrete Jitter          (DJ):    0.119ns
    Phase Error              (PE):    0.000ns
  Timing Exception:       False Path

    Location             Delay type                Incr(ns)  Path(ns)    Netlist Resource(s)
  -------------------------------------------------------------------    -------------------
                         (clock clk_out1_system_pll_0_0 rise edge)
                                                      0.000     0.000 r  
    U18                                               0.000     0.000 r  adc_clk_p_i (IN)
                         net (fo=0)                   0.000     0.000    system_i/pll_0/inst/clk_in1_p
    U18                  IBUFDS (Prop_ibufds_I_O)     0.433     0.433 r  system_i/pll_0/inst/clkin1_ibufgds/O
                         net (fo=1, routed)           0.481     0.914    system_i/pll_0/inst/clk_in1_system_pll_0_0
    PLLE2_ADV_X0Y0       PLLE2_ADV (Prop_plle2_adv_CLKIN1_CLKOUT0)
                                                     -2.546    -1.632 r  system_i/pll_0/inst/plle2_adv_inst/CLKOUT0
                         net (fo=1, routed)           0.544    -1.088    system_i/pll_0/inst/clk_out1_system_pll_0_0
    BUFGCTRL_X0Y0        BUFG (Prop_bufg_I_O)         0.029    -1.059 r  system_i/pll_0/inst/clkout1_buf/O
                         net (fo=5704, routed)        0.827    -0.232    system_i/iir2nd/axi_gpio_1/U0/gpio_core_1/s_axi_aclk
    SLICE_X8Y33          FDRE                                         r  system_i/iir2nd/axi_gpio_1/U0/gpio_core_1/Dual.gpio_Data_Out_reg[30]/C
  -------------------------------------------------------------------    -------------------
    SLICE_X8Y33          FDRE (Prop_fdre_C_Q)         0.184    -0.048 r  system_i/iir2nd/axi_gpio_1/U0/gpio_core_1/Dual.gpio_Data_Out_reg[30]/Q
                         net (fo=4, routed)           0.603     0.554    system_i/iir2nd/axi_gpio_1/U0/gpio_core_1/Dual.INPUT_DOUBLE_REGS4/gpio_io_o[1]
    SLICE_X2Y25          FDRE                                         r  system_i/iir2nd/axi_gpio_1/U0/gpio_core_1/Dual.INPUT_DOUBLE_REGS4/GENERATE_LEVEL_P_S_CDC.MULTI_BIT.FOR_IN_cdc_to[1].CROSS2_PLEVEL_IN2SCNDRY_IN_cdc_to/D
  -------------------------------------------------------------------    -------------------

                         (clock clk_out1_system_pll_0_0 rise edge)
                                                      0.000     0.000 r  
    U18                                               0.000     0.000 r  adc_clk_p_i (IN)
                         net (fo=0)                   0.000     0.000    system_i/pll_0/inst/clk_in1_p
    U18                  IBUFDS (Prop_ibufds_I_O)     0.401     0.401 r  system_i/pll_0/inst/clkin1_ibufgds/O
                         net (fo=1, routed)           0.440     0.842    system_i/pll_0/inst/clk_in1_system_pll_0_0
    PLLE2_ADV_X0Y0       PLLE2_ADV (Prop_plle2_adv_CLKIN1_CLKOUT0)
                                                     -2.234    -1.393 r  system_i/pll_0/inst/plle2_adv_inst/CLKOUT0
                         net (fo=1, routed)           0.497    -0.896    system_i/pll_0/inst/clk_out1_system_pll_0_0
    BUFGCTRL_X0Y0        BUFG (Prop_bufg_I_O)         0.026    -0.870 r  system_i/pll_0/inst/clkout1_buf/O
                         net (fo=5704, routed)        0.572    -0.298    system_i/iir2nd/axi_gpio_1/U0/gpio_core_1/Dual.INPUT_DOUBLE_REGS4/s_axi_aclk
    SLICE_X2Y25          FDRE                                         r  system_i/iir2nd/axi_gpio_1/U0/gpio_core_1/Dual.INPUT_DOUBLE_REGS4/GENERATE_LEVEL_P_S_CDC.MULTI_BIT.FOR_IN_cdc_to[1].CROSS2_PLEVEL_IN2SCNDRY_IN_cdc_to/C

Slack:                    inf
  Source:                 system_i/iir2nd/axi_gpio_1/U0/gpio_core_1/Dual.gpio2_Data_Out_reg[3]/C
                            (rising edge-triggered cell FDRE clocked by clk_out1_system_pll_0_0  {rise@0.000ns fall@4.000ns period=8.000ns})
  Destination:            system_i/iir2nd/axi_gpio_1/U0/gpio_core_1/Dual.INPUT_DOUBLE_REGS5/GENERATE_LEVEL_P_S_CDC.MULTI_BIT.FOR_IN_cdc_to[28].CROSS2_PLEVEL_IN2SCNDRY_IN_cdc_to/D
                            (rising edge-triggered cell FDRE clocked by clk_out1_system_pll_0_0  {rise@0.000ns fall@4.000ns period=8.000ns})
  Path Group:             (none)
  Path Type:              Setup (Max at Fast Process Corner)
  Data Path Delay:        0.781ns  (logic 0.175ns (22.398%)  route 0.606ns (77.602%))
  Logic Levels:           0  
  Clock Path Skew:        -0.083ns (DCD - SCD + CPR)
    Destination Clock Delay (DCD):    -0.319ns
    Source Clock Delay      (SCD):    -0.236ns
    Clock Pessimism Removal (CPR):    0.000ns
  Clock Uncertainty:      0.069ns  ((TSJ^2 + DJ^2)^1/2) / 2 + PE
    Total System Jitter     (TSJ):    0.071ns
    Discrete Jitter          (DJ):    0.119ns
    Phase Error              (PE):    0.000ns
  Timing Exception:       False Path

    Location             Delay type                Incr(ns)  Path(ns)    Netlist Resource(s)
  -------------------------------------------------------------------    -------------------
                         (clock clk_out1_system_pll_0_0 rise edge)
                                                      0.000     0.000 r  
    U18                                               0.000     0.000 r  adc_clk_p_i (IN)
                         net (fo=0)                   0.000     0.000    system_i/pll_0/inst/clk_in1_p
    U18                  IBUFDS (Prop_ibufds_I_O)     0.433     0.433 r  system_i/pll_0/inst/clkin1_ibufgds/O
                         net (fo=1, routed)           0.481     0.914    system_i/pll_0/inst/clk_in1_system_pll_0_0
    PLLE2_ADV_X0Y0       PLLE2_ADV (Prop_plle2_adv_CLKIN1_CLKOUT0)
                                                     -2.546    -1.632 r  system_i/pll_0/inst/plle2_adv_inst/CLKOUT0
                         net (fo=1, routed)           0.544    -1.088    system_i/pll_0/inst/clk_out1_system_pll_0_0
    BUFGCTRL_X0Y0        BUFG (Prop_bufg_I_O)         0.029    -1.059 r  system_i/pll_0/inst/clkout1_buf/O
                         net (fo=5704, routed)        0.823    -0.236    system_i/iir2nd/axi_gpio_1/U0/gpio_core_1/s_axi_aclk
    SLICE_X9Y20          FDRE                                         r  system_i/iir2nd/axi_gpio_1/U0/gpio_core_1/Dual.gpio2_Data_Out_reg[3]/C
  -------------------------------------------------------------------    -------------------
    SLICE_X9Y20          FDRE (Prop_fdre_C_Q)         0.175    -0.061 r  system_i/iir2nd/axi_gpio_1/U0/gpio_core_1/Dual.gpio2_Data_Out_reg[3]/Q
                         net (fo=4, routed)           0.606     0.545    system_i/iir2nd/axi_gpio_1/U0/gpio_core_1/Dual.INPUT_DOUBLE_REGS5/gpio2_io_o[28]
    SLICE_X14Y23         FDRE                                         r  system_i/iir2nd/axi_gpio_1/U0/gpio_core_1/Dual.INPUT_DOUBLE_REGS5/GENERATE_LEVEL_P_S_CDC.MULTI_BIT.FOR_IN_cdc_to[28].CROSS2_PLEVEL_IN2SCNDRY_IN_cdc_to/D
  -------------------------------------------------------------------    -------------------

                         (clock clk_out1_system_pll_0_0 rise edge)
                                                      0.000     0.000 r  
    U18                                               0.000     0.000 r  adc_clk_p_i (IN)
                         net (fo=0)                   0.000     0.000    system_i/pll_0/inst/clk_in1_p
    U18                  IBUFDS (Prop_ibufds_I_O)     0.401     0.401 r  system_i/pll_0/inst/clkin1_ibufgds/O
                         net (fo=1, routed)           0.440     0.842    system_i/pll_0/inst/clk_in1_system_pll_0_0
    PLLE2_ADV_X0Y0       PLLE2_ADV (Prop_plle2_adv_CLKIN1_CLKOUT0)
                                                     -2.234    -1.393 r  system_i/pll_0/inst/plle2_adv_inst/CLKOUT0
                         net (fo=1, routed)           0.497    -0.896    system_i/pll_0/inst/clk_out1_system_pll_0_0
    BUFGCTRL_X0Y0        BUFG (Prop_bufg_I_O)         0.026    -0.870 r  system_i/pll_0/inst/clkout1_buf/O
                         net (fo=5704, routed)        0.551    -0.319    system_i/iir2nd/axi_gpio_1/U0/gpio_core_1/Dual.INPUT_DOUBLE_REGS5/s_axi_aclk
    SLICE_X14Y23         FDRE                                         r  system_i/iir2nd/axi_gpio_1/U0/gpio_core_1/Dual.INPUT_DOUBLE_REGS5/GENERATE_LEVEL_P_S_CDC.MULTI_BIT.FOR_IN_cdc_to[28].CROSS2_PLEVEL_IN2SCNDRY_IN_cdc_to/C

Slack:                    inf
  Source:                 system_i/iir2nd/axi_gpio_1/U0/gpio_core_1/Dual.gpio_Data_Out_reg[23]/C
                            (rising edge-triggered cell FDRE clocked by clk_out1_system_pll_0_0  {rise@0.000ns fall@4.000ns period=8.000ns})
  Destination:            system_i/iir2nd/axi_gpio_1/U0/gpio_core_1/Dual.INPUT_DOUBLE_REGS4/GENERATE_LEVEL_P_S_CDC.MULTI_BIT.FOR_IN_cdc_to[8].CROSS2_PLEVEL_IN2SCNDRY_IN_cdc_to/D
                            (rising edge-triggered cell FDRE clocked by clk_out1_system_pll_0_0  {rise@0.000ns fall@4.000ns period=8.000ns})
  Path Group:             (none)
  Path Type:              Setup (Max at Fast Process Corner)
  Data Path Delay:        0.771ns  (logic 0.204ns (26.446%)  route 0.567ns (73.554%))
  Logic Levels:           0  
  Clock Path Skew:        -0.065ns (DCD - SCD + CPR)
    Destination Clock Delay (DCD):    -0.297ns
    Source Clock Delay      (SCD):    -0.232ns
    Clock Pessimism Removal (CPR):    0.000ns
  Clock Uncertainty:      0.069ns  ((TSJ^2 + DJ^2)^1/2) / 2 + PE
    Total System Jitter     (TSJ):    0.071ns
    Discrete Jitter          (DJ):    0.119ns
    Phase Error              (PE):    0.000ns
  Timing Exception:       False Path

    Location             Delay type                Incr(ns)  Path(ns)    Netlist Resource(s)
  -------------------------------------------------------------------    -------------------
                         (clock clk_out1_system_pll_0_0 rise edge)
                                                      0.000     0.000 r  
    U18                                               0.000     0.000 r  adc_clk_p_i (IN)
                         net (fo=0)                   0.000     0.000    system_i/pll_0/inst/clk_in1_p
    U18                  IBUFDS (Prop_ibufds_I_O)     0.433     0.433 r  system_i/pll_0/inst/clkin1_ibufgds/O
                         net (fo=1, routed)           0.481     0.914    system_i/pll_0/inst/clk_in1_system_pll_0_0
    PLLE2_ADV_X0Y0       PLLE2_ADV (Prop_plle2_adv_CLKIN1_CLKOUT0)
                                                     -2.546    -1.632 r  system_i/pll_0/inst/plle2_adv_inst/CLKOUT0
                         net (fo=1, routed)           0.544    -1.088    system_i/pll_0/inst/clk_out1_system_pll_0_0
    BUFGCTRL_X0Y0        BUFG (Prop_bufg_I_O)         0.029    -1.059 r  system_i/pll_0/inst/clkout1_buf/O
                         net (fo=5704, routed)        0.827    -0.232    system_i/iir2nd/axi_gpio_1/U0/gpio_core_1/s_axi_aclk
    SLICE_X8Y33          FDRE                                         r  system_i/iir2nd/axi_gpio_1/U0/gpio_core_1/Dual.gpio_Data_Out_reg[23]/C
  -------------------------------------------------------------------    -------------------
    SLICE_X8Y33          FDRE (Prop_fdre_C_Q)         0.204    -0.028 r  system_i/iir2nd/axi_gpio_1/U0/gpio_core_1/Dual.gpio_Data_Out_reg[23]/Q
                         net (fo=4, routed)           0.567     0.539    system_i/iir2nd/axi_gpio_1/U0/gpio_core_1/Dual.INPUT_DOUBLE_REGS4/gpio_io_o[8]
    SLICE_X0Y27          FDRE                                         r  system_i/iir2nd/axi_gpio_1/U0/gpio_core_1/Dual.INPUT_DOUBLE_REGS4/GENERATE_LEVEL_P_S_CDC.MULTI_BIT.FOR_IN_cdc_to[8].CROSS2_PLEVEL_IN2SCNDRY_IN_cdc_to/D
  -------------------------------------------------------------------    -------------------

                         (clock clk_out1_system_pll_0_0 rise edge)
                                                      0.000     0.000 r  
    U18                                               0.000     0.000 r  adc_clk_p_i (IN)
                         net (fo=0)                   0.000     0.000    system_i/pll_0/inst/clk_in1_p
    U18                  IBUFDS (Prop_ibufds_I_O)     0.401     0.401 r  system_i/pll_0/inst/clkin1_ibufgds/O
                         net (fo=1, routed)           0.440     0.842    system_i/pll_0/inst/clk_in1_system_pll_0_0
    PLLE2_ADV_X0Y0       PLLE2_ADV (Prop_plle2_adv_CLKIN1_CLKOUT0)
                                                     -2.234    -1.393 r  system_i/pll_0/inst/plle2_adv_inst/CLKOUT0
                         net (fo=1, routed)           0.497    -0.896    system_i/pll_0/inst/clk_out1_system_pll_0_0
    BUFGCTRL_X0Y0        BUFG (Prop_bufg_I_O)         0.026    -0.870 r  system_i/pll_0/inst/clkout1_buf/O
                         net (fo=5704, routed)        0.573    -0.297    system_i/iir2nd/axi_gpio_1/U0/gpio_core_1/Dual.INPUT_DOUBLE_REGS4/s_axi_aclk
    SLICE_X0Y27          FDRE                                         r  system_i/iir2nd/axi_gpio_1/U0/gpio_core_1/Dual.INPUT_DOUBLE_REGS4/GENERATE_LEVEL_P_S_CDC.MULTI_BIT.FOR_IN_cdc_to[8].CROSS2_PLEVEL_IN2SCNDRY_IN_cdc_to/C

Slack:                    inf
  Source:                 system_i/iir2nd/axi_gpio_2/U0/gpio_core_1/Dual.gpio2_Data_Out_reg[14]/C
                            (rising edge-triggered cell FDRE clocked by clk_out1_system_pll_0_0  {rise@0.000ns fall@4.000ns period=8.000ns})
  Destination:            system_i/iir2nd/axi_gpio_2/U0/gpio_core_1/Dual.INPUT_DOUBLE_REGS5/GENERATE_LEVEL_P_S_CDC.MULTI_BIT.FOR_IN_cdc_to[17].CROSS2_PLEVEL_IN2SCNDRY_IN_cdc_to/D
                            (rising edge-triggered cell FDRE clocked by clk_out1_system_pll_0_0  {rise@0.000ns fall@4.000ns period=8.000ns})
  Path Group:             (none)
  Path Type:              Setup (Max at Fast Process Corner)
  Data Path Delay:        0.766ns  (logic 0.175ns (22.837%)  route 0.591ns (77.163%))
  Logic Levels:           0  
  Clock Path Skew:        -0.080ns (DCD - SCD + CPR)
    Destination Clock Delay (DCD):    -0.317ns
    Source Clock Delay      (SCD):    -0.237ns
    Clock Pessimism Removal (CPR):    0.000ns
  Clock Uncertainty:      0.069ns  ((TSJ^2 + DJ^2)^1/2) / 2 + PE
    Total System Jitter     (TSJ):    0.071ns
    Discrete Jitter          (DJ):    0.119ns
    Phase Error              (PE):    0.000ns
  Timing Exception:       False Path

    Location             Delay type                Incr(ns)  Path(ns)    Netlist Resource(s)
  -------------------------------------------------------------------    -------------------
                         (clock clk_out1_system_pll_0_0 rise edge)
                                                      0.000     0.000 r  
    U18                                               0.000     0.000 r  adc_clk_p_i (IN)
                         net (fo=0)                   0.000     0.000    system_i/pll_0/inst/clk_in1_p
    U18                  IBUFDS (Prop_ibufds_I_O)     0.433     0.433 r  system_i/pll_0/inst/clkin1_ibufgds/O
                         net (fo=1, routed)           0.481     0.914    system_i/pll_0/inst/clk_in1_system_pll_0_0
    PLLE2_ADV_X0Y0       PLLE2_ADV (Prop_plle2_adv_CLKIN1_CLKOUT0)
                                                     -2.546    -1.632 r  system_i/pll_0/inst/plle2_adv_inst/CLKOUT0
                         net (fo=1, routed)           0.544    -1.088    system_i/pll_0/inst/clk_out1_system_pll_0_0
    BUFGCTRL_X0Y0        BUFG (Prop_bufg_I_O)         0.029    -1.059 r  system_i/pll_0/inst/clkout1_buf/O
                         net (fo=5704, routed)        0.822    -0.237    system_i/iir2nd/axi_gpio_2/U0/gpio_core_1/s_axi_aclk
    SLICE_X18Y31         FDRE                                         r  system_i/iir2nd/axi_gpio_2/U0/gpio_core_1/Dual.gpio2_Data_Out_reg[14]/C
  -------------------------------------------------------------------    -------------------
    SLICE_X18Y31         FDRE (Prop_fdre_C_Q)         0.175    -0.062 r  system_i/iir2nd/axi_gpio_2/U0/gpio_core_1/Dual.gpio2_Data_Out_reg[14]/Q
                         net (fo=4, routed)           0.591     0.529    system_i/iir2nd/axi_gpio_2/U0/gpio_core_1/Dual.INPUT_DOUBLE_REGS5/gpio2_io_o[17]
    SLICE_X18Y21         FDRE                                         r  system_i/iir2nd/axi_gpio_2/U0/gpio_core_1/Dual.INPUT_DOUBLE_REGS5/GENERATE_LEVEL_P_S_CDC.MULTI_BIT.FOR_IN_cdc_to[17].CROSS2_PLEVEL_IN2SCNDRY_IN_cdc_to/D
  -------------------------------------------------------------------    -------------------

                         (clock clk_out1_system_pll_0_0 rise edge)
                                                      0.000     0.000 r  
    U18                                               0.000     0.000 r  adc_clk_p_i (IN)
                         net (fo=0)                   0.000     0.000    system_i/pll_0/inst/clk_in1_p
    U18                  IBUFDS (Prop_ibufds_I_O)     0.401     0.401 r  system_i/pll_0/inst/clkin1_ibufgds/O
                         net (fo=1, routed)           0.440     0.842    system_i/pll_0/inst/clk_in1_system_pll_0_0
    PLLE2_ADV_X0Y0       PLLE2_ADV (Prop_plle2_adv_CLKIN1_CLKOUT0)
                                                     -2.234    -1.393 r  system_i/pll_0/inst/plle2_adv_inst/CLKOUT0
                         net (fo=1, routed)           0.497    -0.896    system_i/pll_0/inst/clk_out1_system_pll_0_0
    BUFGCTRL_X0Y0        BUFG (Prop_bufg_I_O)         0.026    -0.870 r  system_i/pll_0/inst/clkout1_buf/O
                         net (fo=5704, routed)        0.553    -0.317    system_i/iir2nd/axi_gpio_2/U0/gpio_core_1/Dual.INPUT_DOUBLE_REGS5/s_axi_aclk
    SLICE_X18Y21         FDRE                                         r  system_i/iir2nd/axi_gpio_2/U0/gpio_core_1/Dual.INPUT_DOUBLE_REGS5/GENERATE_LEVEL_P_S_CDC.MULTI_BIT.FOR_IN_cdc_to[17].CROSS2_PLEVEL_IN2SCNDRY_IN_cdc_to/C

Slack:                    inf
  Source:                 system_i/iir2nd/axi_gpio_1/U0/gpio_core_1/Dual.gpio_Data_Out_reg[21]/C
                            (rising edge-triggered cell FDRE clocked by clk_out1_system_pll_0_0  {rise@0.000ns fall@4.000ns period=8.000ns})
  Destination:            system_i/iir2nd/axi_gpio_1/U0/gpio_core_1/Dual.INPUT_DOUBLE_REGS4/GENERATE_LEVEL_P_S_CDC.MULTI_BIT.FOR_IN_cdc_to[10].CROSS2_PLEVEL_IN2SCNDRY_IN_cdc_to/D
                            (rising edge-triggered cell FDRE clocked by clk_out1_system_pll_0_0  {rise@0.000ns fall@4.000ns period=8.000ns})
  Path Group:             (none)
  Path Type:              Setup (Max at Fast Process Corner)
  Data Path Delay:        0.740ns  (logic 0.204ns (27.553%)  route 0.536ns (72.447%))
  Logic Levels:           0  
  Clock Path Skew:        -0.063ns (DCD - SCD + CPR)
    Destination Clock Delay (DCD):    -0.295ns
    Source Clock Delay      (SCD):    -0.232ns
    Clock Pessimism Removal (CPR):    0.000ns
  Clock Uncertainty:      0.069ns  ((TSJ^2 + DJ^2)^1/2) / 2 + PE
    Total System Jitter     (TSJ):    0.071ns
    Discrete Jitter          (DJ):    0.119ns
    Phase Error              (PE):    0.000ns
  Timing Exception:       False Path

    Location             Delay type                Incr(ns)  Path(ns)    Netlist Resource(s)
  -------------------------------------------------------------------    -------------------
                         (clock clk_out1_system_pll_0_0 rise edge)
                                                      0.000     0.000 r  
    U18                                               0.000     0.000 r  adc_clk_p_i (IN)
                         net (fo=0)                   0.000     0.000    system_i/pll_0/inst/clk_in1_p
    U18                  IBUFDS (Prop_ibufds_I_O)     0.433     0.433 r  system_i/pll_0/inst/clkin1_ibufgds/O
                         net (fo=1, routed)           0.481     0.914    system_i/pll_0/inst/clk_in1_system_pll_0_0
    PLLE2_ADV_X0Y0       PLLE2_ADV (Prop_plle2_adv_CLKIN1_CLKOUT0)
                                                     -2.546    -1.632 r  system_i/pll_0/inst/plle2_adv_inst/CLKOUT0
                         net (fo=1, routed)           0.544    -1.088    system_i/pll_0/inst/clk_out1_system_pll_0_0
    BUFGCTRL_X0Y0        BUFG (Prop_bufg_I_O)         0.029    -1.059 r  system_i/pll_0/inst/clkout1_buf/O
                         net (fo=5704, routed)        0.827    -0.232    system_i/iir2nd/axi_gpio_1/U0/gpio_core_1/s_axi_aclk
    SLICE_X8Y33          FDRE                                         r  system_i/iir2nd/axi_gpio_1/U0/gpio_core_1/Dual.gpio_Data_Out_reg[21]/C
  -------------------------------------------------------------------    -------------------
    SLICE_X8Y33          FDRE (Prop_fdre_C_Q)         0.204    -0.028 r  system_i/iir2nd/axi_gpio_1/U0/gpio_core_1/Dual.gpio_Data_Out_reg[21]/Q
                         net (fo=4, routed)           0.536     0.508    system_i/iir2nd/axi_gpio_1/U0/gpio_core_1/Dual.INPUT_DOUBLE_REGS4/gpio_io_o[10]
    SLICE_X1Y30          FDRE                                         r  system_i/iir2nd/axi_gpio_1/U0/gpio_core_1/Dual.INPUT_DOUBLE_REGS4/GENERATE_LEVEL_P_S_CDC.MULTI_BIT.FOR_IN_cdc_to[10].CROSS2_PLEVEL_IN2SCNDRY_IN_cdc_to/D
  -------------------------------------------------------------------    -------------------

                         (clock clk_out1_system_pll_0_0 rise edge)
                                                      0.000     0.000 r  
    U18                                               0.000     0.000 r  adc_clk_p_i (IN)
                         net (fo=0)                   0.000     0.000    system_i/pll_0/inst/clk_in1_p
    U18                  IBUFDS (Prop_ibufds_I_O)     0.401     0.401 r  system_i/pll_0/inst/clkin1_ibufgds/O
                         net (fo=1, routed)           0.440     0.842    system_i/pll_0/inst/clk_in1_system_pll_0_0
    PLLE2_ADV_X0Y0       PLLE2_ADV (Prop_plle2_adv_CLKIN1_CLKOUT0)
                                                     -2.234    -1.393 r  system_i/pll_0/inst/plle2_adv_inst/CLKOUT0
                         net (fo=1, routed)           0.497    -0.896    system_i/pll_0/inst/clk_out1_system_pll_0_0
    BUFGCTRL_X0Y0        BUFG (Prop_bufg_I_O)         0.026    -0.870 r  system_i/pll_0/inst/clkout1_buf/O
                         net (fo=5704, routed)        0.575    -0.295    system_i/iir2nd/axi_gpio_1/U0/gpio_core_1/Dual.INPUT_DOUBLE_REGS4/s_axi_aclk
    SLICE_X1Y30          FDRE                                         r  system_i/iir2nd/axi_gpio_1/U0/gpio_core_1/Dual.INPUT_DOUBLE_REGS4/GENERATE_LEVEL_P_S_CDC.MULTI_BIT.FOR_IN_cdc_to[10].CROSS2_PLEVEL_IN2SCNDRY_IN_cdc_to/C





Min Delay Paths
--------------------------------------------------------------------------------------
Slack:                    inf
  Source:                 system_i/iir2nd/axi_gpio_1/U0/gpio_core_1/Dual.gpio2_Data_Out_reg[9]/C
                            (rising edge-triggered cell FDRE clocked by clk_out1_system_pll_0_0  {rise@0.000ns fall@4.000ns period=8.000ns})
  Destination:            system_i/iir2nd/axi_gpio_1/U0/gpio_core_1/Dual.INPUT_DOUBLE_REGS5/GENERATE_LEVEL_P_S_CDC.MULTI_BIT.FOR_IN_cdc_to[22].CROSS2_PLEVEL_IN2SCNDRY_IN_cdc_to/D
                            (rising edge-triggered cell FDRE clocked by clk_out1_system_pll_0_0  {rise@0.000ns fall@4.000ns period=8.000ns})
  Path Group:             (none)
  Path Type:              Hold (Min at Slow Process Corner)
  Data Path Delay:        0.515ns  (logic 0.367ns (71.220%)  route 0.148ns (28.780%))
  Logic Levels:           0  
  Clock Path Skew:        -0.371ns (DCD - SCD - CPR)
    Destination Clock Delay (DCD):    -2.678ns
    Source Clock Delay      (SCD):    -2.307ns
    Clock Pessimism Removal (CPR):    -0.000ns
  Clock Uncertainty:      0.069ns  ((TSJ^2 + DJ^2)^1/2) / 2 + PE
    Total System Jitter     (TSJ):    0.071ns
    Discrete Jitter          (DJ):    0.119ns
    Phase Error              (PE):    0.000ns
  Timing Exception:       False Path

    Location             Delay type                Incr(ns)  Path(ns)    Netlist Resource(s)
  -------------------------------------------------------------------    -------------------
                         (clock clk_out1_system_pll_0_0 rise edge)
                                                      0.000     0.000 r  
    U18                                               0.000     0.000 r  adc_clk_p_i (IN)
                         net (fo=0)                   0.000     0.000    system_i/pll_0/inst/clk_in1_p
    U18                  IBUFDS (Prop_ibufds_I_O)     0.940     0.940 r  system_i/pll_0/inst/clkin1_ibufgds/O
                         net (fo=1, routed)           1.181     2.121    system_i/pll_0/inst/clk_in1_system_pll_0_0
    PLLE2_ADV_X0Y0       PLLE2_ADV (Prop_plle2_adv_CLKIN1_CLKOUT0)
                                                     -7.650    -5.530 r  system_i/pll_0/inst/plle2_adv_inst/CLKOUT0
                         net (fo=1, routed)           1.594    -3.935    system_i/pll_0/inst/clk_out1_system_pll_0_0
    BUFGCTRL_X0Y0        BUFG (Prop_bufg_I_O)         0.091    -3.844 r  system_i/pll_0/inst/clkout1_buf/O
                         net (fo=5704, routed)        1.537    -2.307    system_i/iir2nd/axi_gpio_1/U0/gpio_core_1/s_axi_aclk
    SLICE_X5Y27          FDRE                                         r  system_i/iir2nd/axi_gpio_1/U0/gpio_core_1/Dual.gpio2_Data_Out_reg[9]/C
  -------------------------------------------------------------------    -------------------
    SLICE_X5Y27          FDRE (Prop_fdre_C_Q)         0.367    -1.940 r  system_i/iir2nd/axi_gpio_1/U0/gpio_core_1/Dual.gpio2_Data_Out_reg[9]/Q
                         net (fo=4, routed)           0.148    -1.792    system_i/iir2nd/axi_gpio_1/U0/gpio_core_1/Dual.INPUT_DOUBLE_REGS5/gpio2_io_o[22]
    SLICE_X4Y27          FDRE                                         r  system_i/iir2nd/axi_gpio_1/U0/gpio_core_1/Dual.INPUT_DOUBLE_REGS5/GENERATE_LEVEL_P_S_CDC.MULTI_BIT.FOR_IN_cdc_to[22].CROSS2_PLEVEL_IN2SCNDRY_IN_cdc_to/D
  -------------------------------------------------------------------    -------------------

                         (clock clk_out1_system_pll_0_0 rise edge)
                                                      0.000     0.000 r  
    U18                                               0.000     0.000 r  adc_clk_p_i (IN)
                         net (fo=0)                   0.000     0.000    system_i/pll_0/inst/clk_in1_p
    U18                  IBUFDS (Prop_ibufds_I_O)     0.983     0.983 r  system_i/pll_0/inst/clkin1_ibufgds/O
                         net (fo=1, routed)           1.306     2.289    system_i/pll_0/inst/clk_in1_system_pll_0_0
    PLLE2_ADV_X0Y0       PLLE2_ADV (Prop_plle2_adv_CLKIN1_CLKOUT0)
                                                     -8.533    -6.244 r  system_i/pll_0/inst/plle2_adv_inst/CLKOUT0
                         net (fo=1, routed)           1.754    -4.490    system_i/pll_0/inst/clk_out1_system_pll_0_0
    BUFGCTRL_X0Y0        BUFG (Prop_bufg_I_O)         0.101    -4.389 r  system_i/pll_0/inst/clkout1_buf/O
                         net (fo=5704, routed)        1.711    -2.678    system_i/iir2nd/axi_gpio_1/U0/gpio_core_1/Dual.INPUT_DOUBLE_REGS5/s_axi_aclk
    SLICE_X4Y27          FDRE                                         r  system_i/iir2nd/axi_gpio_1/U0/gpio_core_1/Dual.INPUT_DOUBLE_REGS5/GENERATE_LEVEL_P_S_CDC.MULTI_BIT.FOR_IN_cdc_to[22].CROSS2_PLEVEL_IN2SCNDRY_IN_cdc_to/C

Slack:                    inf
  Source:                 system_i/iir2nd/axi_gpio_3/U0/gpio_core_1/Dual.gpio_Data_Out_reg[18]/C
                            (rising edge-triggered cell FDRE clocked by clk_out1_system_pll_0_0  {rise@0.000ns fall@4.000ns period=8.000ns})
  Destination:            system_i/iir2nd/axi_gpio_3/U0/gpio_core_1/Dual.INPUT_DOUBLE_REGS4/GENERATE_LEVEL_P_S_CDC.MULTI_BIT.FOR_IN_cdc_to[13].CROSS2_PLEVEL_IN2SCNDRY_IN_cdc_to/D
                            (rising edge-triggered cell FDRE clocked by clk_out1_system_pll_0_0  {rise@0.000ns fall@4.000ns period=8.000ns})
  Path Group:             (none)
  Path Type:              Hold (Min at Slow Process Corner)
  Data Path Delay:        0.572ns  (logic 0.418ns (73.127%)  route 0.154ns (26.873%))
  Logic Levels:           0  
  Clock Path Skew:        -0.371ns (DCD - SCD - CPR)
    Destination Clock Delay (DCD):    -2.717ns
    Source Clock Delay      (SCD):    -2.346ns
    Clock Pessimism Removal (CPR):    -0.000ns
  Clock Uncertainty:      0.069ns  ((TSJ^2 + DJ^2)^1/2) / 2 + PE
    Total System Jitter     (TSJ):    0.071ns
    Discrete Jitter          (DJ):    0.119ns
    Phase Error              (PE):    0.000ns
  Timing Exception:       False Path

    Location             Delay type                Incr(ns)  Path(ns)    Netlist Resource(s)
  -------------------------------------------------------------------    -------------------
                         (clock clk_out1_system_pll_0_0 rise edge)
                                                      0.000     0.000 r  
    U18                                               0.000     0.000 r  adc_clk_p_i (IN)
                         net (fo=0)                   0.000     0.000    system_i/pll_0/inst/clk_in1_p
    U18                  IBUFDS (Prop_ibufds_I_O)     0.940     0.940 r  system_i/pll_0/inst/clkin1_ibufgds/O
                         net (fo=1, routed)           1.181     2.121    system_i/pll_0/inst/clk_in1_system_pll_0_0
    PLLE2_ADV_X0Y0       PLLE2_ADV (Prop_plle2_adv_CLKIN1_CLKOUT0)
                                                     -7.650    -5.530 r  system_i/pll_0/inst/plle2_adv_inst/CLKOUT0
                         net (fo=1, routed)           1.594    -3.935    system_i/pll_0/inst/clk_out1_system_pll_0_0
    BUFGCTRL_X0Y0        BUFG (Prop_bufg_I_O)         0.091    -3.844 r  system_i/pll_0/inst/clkout1_buf/O
                         net (fo=5704, routed)        1.498    -2.346    system_i/iir2nd/axi_gpio_3/U0/gpio_core_1/s_axi_aclk
    SLICE_X32Y39         FDRE                                         r  system_i/iir2nd/axi_gpio_3/U0/gpio_core_1/Dual.gpio_Data_Out_reg[18]/C
  -------------------------------------------------------------------    -------------------
    SLICE_X32Y39         FDRE (Prop_fdre_C_Q)         0.418    -1.928 r  system_i/iir2nd/axi_gpio_3/U0/gpio_core_1/Dual.gpio_Data_Out_reg[18]/Q
                         net (fo=4, routed)           0.154    -1.774    system_i/iir2nd/axi_gpio_3/U0/gpio_core_1/Dual.INPUT_DOUBLE_REGS4/gpio_io_o[13]
    SLICE_X33Y39         FDRE                                         r  system_i/iir2nd/axi_gpio_3/U0/gpio_core_1/Dual.INPUT_DOUBLE_REGS4/GENERATE_LEVEL_P_S_CDC.MULTI_BIT.FOR_IN_cdc_to[13].CROSS2_PLEVEL_IN2SCNDRY_IN_cdc_to/D
  -------------------------------------------------------------------    -------------------

                         (clock clk_out1_system_pll_0_0 rise edge)
                                                      0.000     0.000 r  
    U18                                               0.000     0.000 r  adc_clk_p_i (IN)
                         net (fo=0)                   0.000     0.000    system_i/pll_0/inst/clk_in1_p
    U18                  IBUFDS (Prop_ibufds_I_O)     0.983     0.983 r  system_i/pll_0/inst/clkin1_ibufgds/O
                         net (fo=1, routed)           1.306     2.289    system_i/pll_0/inst/clk_in1_system_pll_0_0
    PLLE2_ADV_X0Y0       PLLE2_ADV (Prop_plle2_adv_CLKIN1_CLKOUT0)
                                                     -8.533    -6.244 r  system_i/pll_0/inst/plle2_adv_inst/CLKOUT0
                         net (fo=1, routed)           1.754    -4.490    system_i/pll_0/inst/clk_out1_system_pll_0_0
    BUFGCTRL_X0Y0        BUFG (Prop_bufg_I_O)         0.101    -4.389 r  system_i/pll_0/inst/clkout1_buf/O
                         net (fo=5704, routed)        1.672    -2.717    system_i/iir2nd/axi_gpio_3/U0/gpio_core_1/Dual.INPUT_DOUBLE_REGS4/s_axi_aclk
    SLICE_X33Y39         FDRE                                         r  system_i/iir2nd/axi_gpio_3/U0/gpio_core_1/Dual.INPUT_DOUBLE_REGS4/GENERATE_LEVEL_P_S_CDC.MULTI_BIT.FOR_IN_cdc_to[13].CROSS2_PLEVEL_IN2SCNDRY_IN_cdc_to/C

Slack:                    inf
  Source:                 system_i/iir2nd/axi_gpio_2/U0/gpio_core_1/Dual.gpio_Data_Out_reg[23]/C
                            (rising edge-triggered cell FDRE clocked by clk_out1_system_pll_0_0  {rise@0.000ns fall@4.000ns period=8.000ns})
  Destination:            system_i/iir2nd/axi_gpio_2/U0/gpio_core_1/Dual.INPUT_DOUBLE_REGS4/GENERATE_LEVEL_P_S_CDC.MULTI_BIT.FOR_IN_cdc_to[8].CROSS2_PLEVEL_IN2SCNDRY_IN_cdc_to/D
                            (rising edge-triggered cell FDRE clocked by clk_out1_system_pll_0_0  {rise@0.000ns fall@4.000ns period=8.000ns})
  Path Group:             (none)
  Path Type:              Hold (Min at Slow Process Corner)
  Data Path Delay:        0.639ns  (logic 0.367ns (57.407%)  route 0.272ns (42.593%))
  Logic Levels:           0  
  Clock Path Skew:        -0.373ns (DCD - SCD - CPR)
    Destination Clock Delay (DCD):    -2.734ns
    Source Clock Delay      (SCD):    -2.361ns
    Clock Pessimism Removal (CPR):    -0.000ns
  Clock Uncertainty:      0.069ns  ((TSJ^2 + DJ^2)^1/2) / 2 + PE
    Total System Jitter     (TSJ):    0.071ns
    Discrete Jitter          (DJ):    0.119ns
    Phase Error              (PE):    0.000ns
  Timing Exception:       False Path

    Location             Delay type                Incr(ns)  Path(ns)    Netlist Resource(s)
  -------------------------------------------------------------------    -------------------
                         (clock clk_out1_system_pll_0_0 rise edge)
                                                      0.000     0.000 r  
    U18                                               0.000     0.000 r  adc_clk_p_i (IN)
                         net (fo=0)                   0.000     0.000    system_i/pll_0/inst/clk_in1_p
    U18                  IBUFDS (Prop_ibufds_I_O)     0.940     0.940 r  system_i/pll_0/inst/clkin1_ibufgds/O
                         net (fo=1, routed)           1.181     2.121    system_i/pll_0/inst/clk_in1_system_pll_0_0
    PLLE2_ADV_X0Y0       PLLE2_ADV (Prop_plle2_adv_CLKIN1_CLKOUT0)
                                                     -7.650    -5.530 r  system_i/pll_0/inst/plle2_adv_inst/CLKOUT0
                         net (fo=1, routed)           1.594    -3.935    system_i/pll_0/inst/clk_out1_system_pll_0_0
    BUFGCTRL_X0Y0        BUFG (Prop_bufg_I_O)         0.091    -3.844 r  system_i/pll_0/inst/clkout1_buf/O
                         net (fo=5704, routed)        1.483    -2.361    system_i/iir2nd/axi_gpio_2/U0/gpio_core_1/s_axi_aclk
    SLICE_X25Y28         FDRE                                         r  system_i/iir2nd/axi_gpio_2/U0/gpio_core_1/Dual.gpio_Data_Out_reg[23]/C
  -------------------------------------------------------------------    -------------------
    SLICE_X25Y28         FDRE (Prop_fdre_C_Q)         0.367    -1.994 r  system_i/iir2nd/axi_gpio_2/U0/gpio_core_1/Dual.gpio_Data_Out_reg[23]/Q
                         net (fo=4, routed)           0.272    -1.722    system_i/iir2nd/axi_gpio_2/U0/gpio_core_1/Dual.INPUT_DOUBLE_REGS4/gpio_io_o[8]
    SLICE_X22Y28         FDRE                                         r  system_i/iir2nd/axi_gpio_2/U0/gpio_core_1/Dual.INPUT_DOUBLE_REGS4/GENERATE_LEVEL_P_S_CDC.MULTI_BIT.FOR_IN_cdc_to[8].CROSS2_PLEVEL_IN2SCNDRY_IN_cdc_to/D
  -------------------------------------------------------------------    -------------------

                         (clock clk_out1_system_pll_0_0 rise edge)
                                                      0.000     0.000 r  
    U18                                               0.000     0.000 r  adc_clk_p_i (IN)
                         net (fo=0)                   0.000     0.000    system_i/pll_0/inst/clk_in1_p
    U18                  IBUFDS (Prop_ibufds_I_O)     0.983     0.983 r  system_i/pll_0/inst/clkin1_ibufgds/O
                         net (fo=1, routed)           1.306     2.289    system_i/pll_0/inst/clk_in1_system_pll_0_0
    PLLE2_ADV_X0Y0       PLLE2_ADV (Prop_plle2_adv_CLKIN1_CLKOUT0)
                                                     -8.533    -6.244 r  system_i/pll_0/inst/plle2_adv_inst/CLKOUT0
                         net (fo=1, routed)           1.754    -4.490    system_i/pll_0/inst/clk_out1_system_pll_0_0
    BUFGCTRL_X0Y0        BUFG (Prop_bufg_I_O)         0.101    -4.389 r  system_i/pll_0/inst/clkout1_buf/O
                         net (fo=5704, routed)        1.655    -2.734    system_i/iir2nd/axi_gpio_2/U0/gpio_core_1/Dual.INPUT_DOUBLE_REGS4/s_axi_aclk
    SLICE_X22Y28         FDRE                                         r  system_i/iir2nd/axi_gpio_2/U0/gpio_core_1/Dual.INPUT_DOUBLE_REGS4/GENERATE_LEVEL_P_S_CDC.MULTI_BIT.FOR_IN_cdc_to[8].CROSS2_PLEVEL_IN2SCNDRY_IN_cdc_to/C

Slack:                    inf
  Source:                 system_i/iir2nd/axi_gpio_3/U0/gpio_core_1/Dual.gpio2_Data_Out_reg[1]/C
                            (rising edge-triggered cell FDRE clocked by clk_out1_system_pll_0_0  {rise@0.000ns fall@4.000ns period=8.000ns})
  Destination:            system_i/iir2nd/axi_gpio_3/U0/gpio_core_1/Dual.INPUT_DOUBLE_REGS5/GENERATE_LEVEL_P_S_CDC.MULTI_BIT.FOR_IN_cdc_to[30].CROSS2_PLEVEL_IN2SCNDRY_IN_cdc_to/D
                            (rising edge-triggered cell FDRE clocked by clk_out1_system_pll_0_0  {rise@0.000ns fall@4.000ns period=8.000ns})
  Path Group:             (none)
  Path Type:              Hold (Min at Slow Process Corner)
  Data Path Delay:        0.628ns  (logic 0.367ns (58.450%)  route 0.261ns (41.550%))
  Logic Levels:           0  
  Clock Path Skew:        -0.371ns (DCD - SCD - CPR)
    Destination Clock Delay (DCD):    -2.719ns
    Source Clock Delay      (SCD):    -2.348ns
    Clock Pessimism Removal (CPR):    -0.000ns
  Clock Uncertainty:      0.069ns  ((TSJ^2 + DJ^2)^1/2) / 2 + PE
    Total System Jitter     (TSJ):    0.071ns
    Discrete Jitter          (DJ):    0.119ns
    Phase Error              (PE):    0.000ns
  Timing Exception:       False Path

    Location             Delay type                Incr(ns)  Path(ns)    Netlist Resource(s)
  -------------------------------------------------------------------    -------------------
                         (clock clk_out1_system_pll_0_0 rise edge)
                                                      0.000     0.000 r  
    U18                                               0.000     0.000 r  adc_clk_p_i (IN)
                         net (fo=0)                   0.000     0.000    system_i/pll_0/inst/clk_in1_p
    U18                  IBUFDS (Prop_ibufds_I_O)     0.940     0.940 r  system_i/pll_0/inst/clkin1_ibufgds/O
                         net (fo=1, routed)           1.181     2.121    system_i/pll_0/inst/clk_in1_system_pll_0_0
    PLLE2_ADV_X0Y0       PLLE2_ADV (Prop_plle2_adv_CLKIN1_CLKOUT0)
                                                     -7.650    -5.530 r  system_i/pll_0/inst/plle2_adv_inst/CLKOUT0
                         net (fo=1, routed)           1.594    -3.935    system_i/pll_0/inst/clk_out1_system_pll_0_0
    BUFGCTRL_X0Y0        BUFG (Prop_bufg_I_O)         0.091    -3.844 r  system_i/pll_0/inst/clkout1_buf/O
                         net (fo=5704, routed)        1.496    -2.348    system_i/iir2nd/axi_gpio_3/U0/gpio_core_1/s_axi_aclk
    SLICE_X22Y47         FDRE                                         r  system_i/iir2nd/axi_gpio_3/U0/gpio_core_1/Dual.gpio2_Data_Out_reg[1]/C
  -------------------------------------------------------------------    -------------------
    SLICE_X22Y47         FDRE (Prop_fdre_C_Q)         0.367    -1.981 r  system_i/iir2nd/axi_gpio_3/U0/gpio_core_1/Dual.gpio2_Data_Out_reg[1]/Q
                         net (fo=2, routed)           0.261    -1.720    system_i/iir2nd/axi_gpio_3/U0/gpio_core_1/Dual.INPUT_DOUBLE_REGS5/Q[30]
    SLICE_X23Y47         FDRE                                         r  system_i/iir2nd/axi_gpio_3/U0/gpio_core_1/Dual.INPUT_DOUBLE_REGS5/GENERATE_LEVEL_P_S_CDC.MULTI_BIT.FOR_IN_cdc_to[30].CROSS2_PLEVEL_IN2SCNDRY_IN_cdc_to/D
  -------------------------------------------------------------------    -------------------

                         (clock clk_out1_system_pll_0_0 rise edge)
                                                      0.000     0.000 r  
    U18                                               0.000     0.000 r  adc_clk_p_i (IN)
                         net (fo=0)                   0.000     0.000    system_i/pll_0/inst/clk_in1_p
    U18                  IBUFDS (Prop_ibufds_I_O)     0.983     0.983 r  system_i/pll_0/inst/clkin1_ibufgds/O
                         net (fo=1, routed)           1.306     2.289    system_i/pll_0/inst/clk_in1_system_pll_0_0
    PLLE2_ADV_X0Y0       PLLE2_ADV (Prop_plle2_adv_CLKIN1_CLKOUT0)
                                                     -8.533    -6.244 r  system_i/pll_0/inst/plle2_adv_inst/CLKOUT0
                         net (fo=1, routed)           1.754    -4.490    system_i/pll_0/inst/clk_out1_system_pll_0_0
    BUFGCTRL_X0Y0        BUFG (Prop_bufg_I_O)         0.101    -4.389 r  system_i/pll_0/inst/clkout1_buf/O
                         net (fo=5704, routed)        1.670    -2.719    system_i/iir2nd/axi_gpio_3/U0/gpio_core_1/Dual.INPUT_DOUBLE_REGS5/s_axi_aclk
    SLICE_X23Y47         FDRE                                         r  system_i/iir2nd/axi_gpio_3/U0/gpio_core_1/Dual.INPUT_DOUBLE_REGS5/GENERATE_LEVEL_P_S_CDC.MULTI_BIT.FOR_IN_cdc_to[30].CROSS2_PLEVEL_IN2SCNDRY_IN_cdc_to/C

Slack:                    inf
  Source:                 system_i/iir2nd/axi_gpio_3/U0/gpio_core_1/Dual.gpio_Data_Out_reg[15]/C
                            (rising edge-triggered cell FDRE clocked by clk_out1_system_pll_0_0  {rise@0.000ns fall@4.000ns period=8.000ns})
  Destination:            system_i/iir2nd/axi_gpio_3/U0/gpio_core_1/Dual.INPUT_DOUBLE_REGS4/GENERATE_LEVEL_P_S_CDC.MULTI_BIT.FOR_IN_cdc_to[16].CROSS2_PLEVEL_IN2SCNDRY_IN_cdc_to/D
                            (rising edge-triggered cell FDRE clocked by clk_out1_system_pll_0_0  {rise@0.000ns fall@4.000ns period=8.000ns})
  Path Group:             (none)
  Path Type:              Hold (Min at Slow Process Corner)
  Data Path Delay:        0.634ns  (logic 0.367ns (57.864%)  route 0.267ns (42.136%))
  Logic Levels:           0  
  Clock Path Skew:        -0.370ns (DCD - SCD - CPR)
    Destination Clock Delay (DCD):    -2.716ns
    Source Clock Delay      (SCD):    -2.346ns
    Clock Pessimism Removal (CPR):    -0.000ns
  Clock Uncertainty:      0.069ns  ((TSJ^2 + DJ^2)^1/2) / 2 + PE
    Total System Jitter     (TSJ):    0.071ns
    Discrete Jitter          (DJ):    0.119ns
    Phase Error              (PE):    0.000ns
  Timing Exception:       False Path

    Location             Delay type                Incr(ns)  Path(ns)    Netlist Resource(s)
  -------------------------------------------------------------------    -------------------
                         (clock clk_out1_system_pll_0_0 rise edge)
                                                      0.000     0.000 r  
    U18                                               0.000     0.000 r  adc_clk_p_i (IN)
                         net (fo=0)                   0.000     0.000    system_i/pll_0/inst/clk_in1_p
    U18                  IBUFDS (Prop_ibufds_I_O)     0.940     0.940 r  system_i/pll_0/inst/clkin1_ibufgds/O
                         net (fo=1, routed)           1.181     2.121    system_i/pll_0/inst/clk_in1_system_pll_0_0
    PLLE2_ADV_X0Y0       PLLE2_ADV (Prop_plle2_adv_CLKIN1_CLKOUT0)
                                                     -7.650    -5.530 r  system_i/pll_0/inst/plle2_adv_inst/CLKOUT0
                         net (fo=1, routed)           1.594    -3.935    system_i/pll_0/inst/clk_out1_system_pll_0_0
    BUFGCTRL_X0Y0        BUFG (Prop_bufg_I_O)         0.091    -3.844 r  system_i/pll_0/inst/clkout1_buf/O
                         net (fo=5704, routed)        1.498    -2.346    system_i/iir2nd/axi_gpio_3/U0/gpio_core_1/s_axi_aclk
    SLICE_X29Y41         FDRE                                         r  system_i/iir2nd/axi_gpio_3/U0/gpio_core_1/Dual.gpio_Data_Out_reg[15]/C
  -------------------------------------------------------------------    -------------------
    SLICE_X29Y41         FDRE (Prop_fdre_C_Q)         0.367    -1.979 r  system_i/iir2nd/axi_gpio_3/U0/gpio_core_1/Dual.gpio_Data_Out_reg[15]/Q
                         net (fo=4, routed)           0.267    -1.712    system_i/iir2nd/axi_gpio_3/U0/gpio_core_1/Dual.INPUT_DOUBLE_REGS4/gpio_io_o[16]
    SLICE_X29Y42         FDRE                                         r  system_i/iir2nd/axi_gpio_3/U0/gpio_core_1/Dual.INPUT_DOUBLE_REGS4/GENERATE_LEVEL_P_S_CDC.MULTI_BIT.FOR_IN_cdc_to[16].CROSS2_PLEVEL_IN2SCNDRY_IN_cdc_to/D
  -------------------------------------------------------------------    -------------------

                         (clock clk_out1_system_pll_0_0 rise edge)
                                                      0.000     0.000 r  
    U18                                               0.000     0.000 r  adc_clk_p_i (IN)
                         net (fo=0)                   0.000     0.000    system_i/pll_0/inst/clk_in1_p
    U18                  IBUFDS (Prop_ibufds_I_O)     0.983     0.983 r  system_i/pll_0/inst/clkin1_ibufgds/O
                         net (fo=1, routed)           1.306     2.289    system_i/pll_0/inst/clk_in1_system_pll_0_0
    PLLE2_ADV_X0Y0       PLLE2_ADV (Prop_plle2_adv_CLKIN1_CLKOUT0)
                                                     -8.533    -6.244 r  system_i/pll_0/inst/plle2_adv_inst/CLKOUT0
                         net (fo=1, routed)           1.754    -4.490    system_i/pll_0/inst/clk_out1_system_pll_0_0
    BUFGCTRL_X0Y0        BUFG (Prop_bufg_I_O)         0.101    -4.389 r  system_i/pll_0/inst/clkout1_buf/O
                         net (fo=5704, routed)        1.673    -2.716    system_i/iir2nd/axi_gpio_3/U0/gpio_core_1/Dual.INPUT_DOUBLE_REGS4/s_axi_aclk
    SLICE_X29Y42         FDRE                                         r  system_i/iir2nd/axi_gpio_3/U0/gpio_core_1/Dual.INPUT_DOUBLE_REGS4/GENERATE_LEVEL_P_S_CDC.MULTI_BIT.FOR_IN_cdc_to[16].CROSS2_PLEVEL_IN2SCNDRY_IN_cdc_to/C

Slack:                    inf
  Source:                 system_i/iir2nd/axi_gpio_2/U0/gpio_core_1/Dual.gpio2_Data_Out_reg[23]/C
                            (rising edge-triggered cell FDRE clocked by clk_out1_system_pll_0_0  {rise@0.000ns fall@4.000ns period=8.000ns})
  Destination:            system_i/iir2nd/axi_gpio_2/U0/gpio_core_1/Dual.INPUT_DOUBLE_REGS5/GENERATE_LEVEL_P_S_CDC.MULTI_BIT.FOR_IN_cdc_to[8].CROSS2_PLEVEL_IN2SCNDRY_IN_cdc_to/D
                            (rising edge-triggered cell FDRE clocked by clk_out1_system_pll_0_0  {rise@0.000ns fall@4.000ns period=8.000ns})
  Path Group:             (none)
  Path Type:              Hold (Min at Slow Process Corner)
  Data Path Delay:        0.645ns  (logic 0.367ns (56.893%)  route 0.278ns (43.107%))
  Logic Levels:           0  
  Clock Path Skew:        -0.374ns (DCD - SCD - CPR)
    Destination Clock Delay (DCD):    -2.729ns
    Source Clock Delay      (SCD):    -2.355ns
    Clock Pessimism Removal (CPR):    -0.000ns
  Clock Uncertainty:      0.069ns  ((TSJ^2 + DJ^2)^1/2) / 2 + PE
    Total System Jitter     (TSJ):    0.071ns
    Discrete Jitter          (DJ):    0.119ns
    Phase Error              (PE):    0.000ns
  Timing Exception:       False Path

    Location             Delay type                Incr(ns)  Path(ns)    Netlist Resource(s)
  -------------------------------------------------------------------    -------------------
                         (clock clk_out1_system_pll_0_0 rise edge)
                                                      0.000     0.000 r  
    U18                                               0.000     0.000 r  adc_clk_p_i (IN)
                         net (fo=0)                   0.000     0.000    system_i/pll_0/inst/clk_in1_p
    U18                  IBUFDS (Prop_ibufds_I_O)     0.940     0.940 r  system_i/pll_0/inst/clkin1_ibufgds/O
                         net (fo=1, routed)           1.181     2.121    system_i/pll_0/inst/clk_in1_system_pll_0_0
    PLLE2_ADV_X0Y0       PLLE2_ADV (Prop_plle2_adv_CLKIN1_CLKOUT0)
                                                     -7.650    -5.530 r  system_i/pll_0/inst/plle2_adv_inst/CLKOUT0
                         net (fo=1, routed)           1.594    -3.935    system_i/pll_0/inst/clk_out1_system_pll_0_0
    BUFGCTRL_X0Y0        BUFG (Prop_bufg_I_O)         0.091    -3.844 r  system_i/pll_0/inst/clkout1_buf/O
                         net (fo=5704, routed)        1.489    -2.355    system_i/iir2nd/axi_gpio_2/U0/gpio_core_1/s_axi_aclk
    SLICE_X18Y30         FDRE                                         r  system_i/iir2nd/axi_gpio_2/U0/gpio_core_1/Dual.gpio2_Data_Out_reg[23]/C
  -------------------------------------------------------------------    -------------------
    SLICE_X18Y30         FDRE (Prop_fdre_C_Q)         0.367    -1.988 r  system_i/iir2nd/axi_gpio_2/U0/gpio_core_1/Dual.gpio2_Data_Out_reg[23]/Q
                         net (fo=4, routed)           0.278    -1.710    system_i/iir2nd/axi_gpio_2/U0/gpio_core_1/Dual.INPUT_DOUBLE_REGS5/gpio2_io_o[8]
    SLICE_X18Y28         FDRE                                         r  system_i/iir2nd/axi_gpio_2/U0/gpio_core_1/Dual.INPUT_DOUBLE_REGS5/GENERATE_LEVEL_P_S_CDC.MULTI_BIT.FOR_IN_cdc_to[8].CROSS2_PLEVEL_IN2SCNDRY_IN_cdc_to/D
  -------------------------------------------------------------------    -------------------

                         (clock clk_out1_system_pll_0_0 rise edge)
                                                      0.000     0.000 r  
    U18                                               0.000     0.000 r  adc_clk_p_i (IN)
                         net (fo=0)                   0.000     0.000    system_i/pll_0/inst/clk_in1_p
    U18                  IBUFDS (Prop_ibufds_I_O)     0.983     0.983 r  system_i/pll_0/inst/clkin1_ibufgds/O
                         net (fo=1, routed)           1.306     2.289    system_i/pll_0/inst/clk_in1_system_pll_0_0
    PLLE2_ADV_X0Y0       PLLE2_ADV (Prop_plle2_adv_CLKIN1_CLKOUT0)
                                                     -8.533    -6.244 r  system_i/pll_0/inst/plle2_adv_inst/CLKOUT0
                         net (fo=1, routed)           1.754    -4.490    system_i/pll_0/inst/clk_out1_system_pll_0_0
    BUFGCTRL_X0Y0        BUFG (Prop_bufg_I_O)         0.101    -4.389 r  system_i/pll_0/inst/clkout1_buf/O
                         net (fo=5704, routed)        1.660    -2.729    system_i/iir2nd/axi_gpio_2/U0/gpio_core_1/Dual.INPUT_DOUBLE_REGS5/s_axi_aclk
    SLICE_X18Y28         FDRE                                         r  system_i/iir2nd/axi_gpio_2/U0/gpio_core_1/Dual.INPUT_DOUBLE_REGS5/GENERATE_LEVEL_P_S_CDC.MULTI_BIT.FOR_IN_cdc_to[8].CROSS2_PLEVEL_IN2SCNDRY_IN_cdc_to/C

Slack:                    inf
  Source:                 system_i/iir2nd/axi_gpio_1/U0/gpio_core_1/Dual.gpio2_Data_Out_reg[6]/C
                            (rising edge-triggered cell FDRE clocked by clk_out1_system_pll_0_0  {rise@0.000ns fall@4.000ns period=8.000ns})
  Destination:            system_i/iir2nd/axi_gpio_1/U0/gpio_core_1/Dual.INPUT_DOUBLE_REGS5/GENERATE_LEVEL_P_S_CDC.MULTI_BIT.FOR_IN_cdc_to[25].CROSS2_PLEVEL_IN2SCNDRY_IN_cdc_to/D
                            (rising edge-triggered cell FDRE clocked by clk_out1_system_pll_0_0  {rise@0.000ns fall@4.000ns period=8.000ns})
  Path Group:             (none)
  Path Type:              Hold (Min at Slow Process Corner)
  Data Path Delay:        0.646ns  (logic 0.367ns (56.772%)  route 0.279ns (43.228%))
  Logic Levels:           0  
  Clock Path Skew:        -0.372ns (DCD - SCD - CPR)
    Destination Clock Delay (DCD):    -2.726ns
    Source Clock Delay      (SCD):    -2.354ns
    Clock Pessimism Removal (CPR):    -0.000ns
  Clock Uncertainty:      0.069ns  ((TSJ^2 + DJ^2)^1/2) / 2 + PE
    Total System Jitter     (TSJ):    0.071ns
    Discrete Jitter          (DJ):    0.119ns
    Phase Error              (PE):    0.000ns
  Timing Exception:       False Path

    Location             Delay type                Incr(ns)  Path(ns)    Netlist Resource(s)
  -------------------------------------------------------------------    -------------------
                         (clock clk_out1_system_pll_0_0 rise edge)
                                                      0.000     0.000 r  
    U18                                               0.000     0.000 r  adc_clk_p_i (IN)
                         net (fo=0)                   0.000     0.000    system_i/pll_0/inst/clk_in1_p
    U18                  IBUFDS (Prop_ibufds_I_O)     0.940     0.940 r  system_i/pll_0/inst/clkin1_ibufgds/O
                         net (fo=1, routed)           1.181     2.121    system_i/pll_0/inst/clk_in1_system_pll_0_0
    PLLE2_ADV_X0Y0       PLLE2_ADV (Prop_plle2_adv_CLKIN1_CLKOUT0)
                                                     -7.650    -5.530 r  system_i/pll_0/inst/plle2_adv_inst/CLKOUT0
                         net (fo=1, routed)           1.594    -3.935    system_i/pll_0/inst/clk_out1_system_pll_0_0
    BUFGCTRL_X0Y0        BUFG (Prop_bufg_I_O)         0.091    -3.844 r  system_i/pll_0/inst/clkout1_buf/O
                         net (fo=5704, routed)        1.490    -2.354    system_i/iir2nd/axi_gpio_1/U0/gpio_core_1/s_axi_aclk
    SLICE_X9Y24          FDRE                                         r  system_i/iir2nd/axi_gpio_1/U0/gpio_core_1/Dual.gpio2_Data_Out_reg[6]/C
  -------------------------------------------------------------------    -------------------
    SLICE_X9Y24          FDRE (Prop_fdre_C_Q)         0.367    -1.987 r  system_i/iir2nd/axi_gpio_1/U0/gpio_core_1/Dual.gpio2_Data_Out_reg[6]/Q
                         net (fo=4, routed)           0.279    -1.708    system_i/iir2nd/axi_gpio_1/U0/gpio_core_1/Dual.INPUT_DOUBLE_REGS5/gpio2_io_o[25]
    SLICE_X8Y23          FDRE                                         r  system_i/iir2nd/axi_gpio_1/U0/gpio_core_1/Dual.INPUT_DOUBLE_REGS5/GENERATE_LEVEL_P_S_CDC.MULTI_BIT.FOR_IN_cdc_to[25].CROSS2_PLEVEL_IN2SCNDRY_IN_cdc_to/D
  -------------------------------------------------------------------    -------------------

                         (clock clk_out1_system_pll_0_0 rise edge)
                                                      0.000     0.000 r  
    U18                                               0.000     0.000 r  adc_clk_p_i (IN)
                         net (fo=0)                   0.000     0.000    system_i/pll_0/inst/clk_in1_p
    U18                  IBUFDS (Prop_ibufds_I_O)     0.983     0.983 r  system_i/pll_0/inst/clkin1_ibufgds/O
                         net (fo=1, routed)           1.306     2.289    system_i/pll_0/inst/clk_in1_system_pll_0_0
    PLLE2_ADV_X0Y0       PLLE2_ADV (Prop_plle2_adv_CLKIN1_CLKOUT0)
                                                     -8.533    -6.244 r  system_i/pll_0/inst/plle2_adv_inst/CLKOUT0
                         net (fo=1, routed)           1.754    -4.490    system_i/pll_0/inst/clk_out1_system_pll_0_0
    BUFGCTRL_X0Y0        BUFG (Prop_bufg_I_O)         0.101    -4.389 r  system_i/pll_0/inst/clkout1_buf/O
                         net (fo=5704, routed)        1.663    -2.726    system_i/iir2nd/axi_gpio_1/U0/gpio_core_1/Dual.INPUT_DOUBLE_REGS5/s_axi_aclk
    SLICE_X8Y23          FDRE                                         r  system_i/iir2nd/axi_gpio_1/U0/gpio_core_1/Dual.INPUT_DOUBLE_REGS5/GENERATE_LEVEL_P_S_CDC.MULTI_BIT.FOR_IN_cdc_to[25].CROSS2_PLEVEL_IN2SCNDRY_IN_cdc_to/C

Slack:                    inf
  Source:                 system_i/iir2nd/axi_gpio_1/U0/gpio_core_1/Dual.gpio2_Data_Out_reg[31]/C
                            (rising edge-triggered cell FDRE clocked by clk_out1_system_pll_0_0  {rise@0.000ns fall@4.000ns period=8.000ns})
  Destination:            system_i/iir2nd/axi_gpio_1/U0/gpio_core_1/Dual.INPUT_DOUBLE_REGS5/GENERATE_LEVEL_P_S_CDC.MULTI_BIT.FOR_IN_cdc_to[0].CROSS2_PLEVEL_IN2SCNDRY_IN_cdc_to/D
                            (rising edge-triggered cell FDRE clocked by clk_out1_system_pll_0_0  {rise@0.000ns fall@4.000ns period=8.000ns})
  Path Group:             (none)
  Path Type:              Hold (Min at Slow Process Corner)
  Data Path Delay:        0.643ns  (logic 0.367ns (57.060%)  route 0.276ns (42.940%))
  Logic Levels:           0  
  Clock Path Skew:        -0.372ns (DCD - SCD - CPR)
    Destination Clock Delay (DCD):    -2.720ns
    Source Clock Delay      (SCD):    -2.348ns
    Clock Pessimism Removal (CPR):    -0.000ns
  Clock Uncertainty:      0.069ns  ((TSJ^2 + DJ^2)^1/2) / 2 + PE
    Total System Jitter     (TSJ):    0.071ns
    Discrete Jitter          (DJ):    0.119ns
    Phase Error              (PE):    0.000ns
  Timing Exception:       False Path

    Location             Delay type                Incr(ns)  Path(ns)    Netlist Resource(s)
  -------------------------------------------------------------------    -------------------
                         (clock clk_out1_system_pll_0_0 rise edge)
                                                      0.000     0.000 r  
    U18                                               0.000     0.000 r  adc_clk_p_i (IN)
                         net (fo=0)                   0.000     0.000    system_i/pll_0/inst/clk_in1_p
    U18                  IBUFDS (Prop_ibufds_I_O)     0.940     0.940 r  system_i/pll_0/inst/clkin1_ibufgds/O
                         net (fo=1, routed)           1.181     2.121    system_i/pll_0/inst/clk_in1_system_pll_0_0
    PLLE2_ADV_X0Y0       PLLE2_ADV (Prop_plle2_adv_CLKIN1_CLKOUT0)
                                                     -7.650    -5.530 r  system_i/pll_0/inst/plle2_adv_inst/CLKOUT0
                         net (fo=1, routed)           1.594    -3.935    system_i/pll_0/inst/clk_out1_system_pll_0_0
    BUFGCTRL_X0Y0        BUFG (Prop_bufg_I_O)         0.091    -3.844 r  system_i/pll_0/inst/clkout1_buf/O
                         net (fo=5704, routed)        1.496    -2.348    system_i/iir2nd/axi_gpio_1/U0/gpio_core_1/s_axi_aclk
    SLICE_X9Y20          FDRE                                         r  system_i/iir2nd/axi_gpio_1/U0/gpio_core_1/Dual.gpio2_Data_Out_reg[31]/C
  -------------------------------------------------------------------    -------------------
    SLICE_X9Y20          FDRE (Prop_fdre_C_Q)         0.367    -1.981 r  system_i/iir2nd/axi_gpio_1/U0/gpio_core_1/Dual.gpio2_Data_Out_reg[31]/Q
                         net (fo=4, routed)           0.276    -1.705    system_i/iir2nd/axi_gpio_1/U0/gpio_core_1/Dual.INPUT_DOUBLE_REGS5/gpio2_io_o[0]
    SLICE_X8Y19          FDRE                                         r  system_i/iir2nd/axi_gpio_1/U0/gpio_core_1/Dual.INPUT_DOUBLE_REGS5/GENERATE_LEVEL_P_S_CDC.MULTI_BIT.FOR_IN_cdc_to[0].CROSS2_PLEVEL_IN2SCNDRY_IN_cdc_to/D
  -------------------------------------------------------------------    -------------------

                         (clock clk_out1_system_pll_0_0 rise edge)
                                                      0.000     0.000 r  
    U18                                               0.000     0.000 r  adc_clk_p_i (IN)
                         net (fo=0)                   0.000     0.000    system_i/pll_0/inst/clk_in1_p
    U18                  IBUFDS (Prop_ibufds_I_O)     0.983     0.983 r  system_i/pll_0/inst/clkin1_ibufgds/O
                         net (fo=1, routed)           1.306     2.289    system_i/pll_0/inst/clk_in1_system_pll_0_0
    PLLE2_ADV_X0Y0       PLLE2_ADV (Prop_plle2_adv_CLKIN1_CLKOUT0)
                                                     -8.533    -6.244 r  system_i/pll_0/inst/plle2_adv_inst/CLKOUT0
                         net (fo=1, routed)           1.754    -4.490    system_i/pll_0/inst/clk_out1_system_pll_0_0
    BUFGCTRL_X0Y0        BUFG (Prop_bufg_I_O)         0.101    -4.389 r  system_i/pll_0/inst/clkout1_buf/O
                         net (fo=5704, routed)        1.669    -2.720    system_i/iir2nd/axi_gpio_1/U0/gpio_core_1/Dual.INPUT_DOUBLE_REGS5/s_axi_aclk
    SLICE_X8Y19          FDRE                                         r  system_i/iir2nd/axi_gpio_1/U0/gpio_core_1/Dual.INPUT_DOUBLE_REGS5/GENERATE_LEVEL_P_S_CDC.MULTI_BIT.FOR_IN_cdc_to[0].CROSS2_PLEVEL_IN2SCNDRY_IN_cdc_to/C

Slack:                    inf
  Source:                 system_i/iir2nd/axi_gpio_3/U0/gpio_core_1/Dual.gpio_Data_Out_reg[26]/C
                            (rising edge-triggered cell FDRE clocked by clk_out1_system_pll_0_0  {rise@0.000ns fall@4.000ns period=8.000ns})
  Destination:            system_i/iir2nd/axi_gpio_3/U0/gpio_core_1/Dual.INPUT_DOUBLE_REGS4/GENERATE_LEVEL_P_S_CDC.MULTI_BIT.FOR_IN_cdc_to[5].CROSS2_PLEVEL_IN2SCNDRY_IN_cdc_to/D
                            (rising edge-triggered cell FDRE clocked by clk_out1_system_pll_0_0  {rise@0.000ns fall@4.000ns period=8.000ns})
  Path Group:             (none)
  Path Type:              Hold (Min at Slow Process Corner)
  Data Path Delay:        0.649ns  (logic 0.367ns (56.587%)  route 0.282ns (43.413%))
  Logic Levels:           0  
  Clock Path Skew:        -0.369ns (DCD - SCD - CPR)
    Destination Clock Delay (DCD):    -2.720ns
    Source Clock Delay      (SCD):    -2.351ns
    Clock Pessimism Removal (CPR):    -0.000ns
  Clock Uncertainty:      0.069ns  ((TSJ^2 + DJ^2)^1/2) / 2 + PE
    Total System Jitter     (TSJ):    0.071ns
    Discrete Jitter          (DJ):    0.119ns
    Phase Error              (PE):    0.000ns
  Timing Exception:       False Path

    Location             Delay type                Incr(ns)  Path(ns)    Netlist Resource(s)
  -------------------------------------------------------------------    -------------------
                         (clock clk_out1_system_pll_0_0 rise edge)
                                                      0.000     0.000 r  
    U18                                               0.000     0.000 r  adc_clk_p_i (IN)
                         net (fo=0)                   0.000     0.000    system_i/pll_0/inst/clk_in1_p
    U18                  IBUFDS (Prop_ibufds_I_O)     0.940     0.940 r  system_i/pll_0/inst/clkin1_ibufgds/O
                         net (fo=1, routed)           1.181     2.121    system_i/pll_0/inst/clk_in1_system_pll_0_0
    PLLE2_ADV_X0Y0       PLLE2_ADV (Prop_plle2_adv_CLKIN1_CLKOUT0)
                                                     -7.650    -5.530 r  system_i/pll_0/inst/plle2_adv_inst/CLKOUT0
                         net (fo=1, routed)           1.594    -3.935    system_i/pll_0/inst/clk_out1_system_pll_0_0
    BUFGCTRL_X0Y0        BUFG (Prop_bufg_I_O)         0.091    -3.844 r  system_i/pll_0/inst/clkout1_buf/O
                         net (fo=5704, routed)        1.493    -2.351    system_i/iir2nd/axi_gpio_3/U0/gpio_core_1/s_axi_aclk
    SLICE_X29Y34         FDRE                                         r  system_i/iir2nd/axi_gpio_3/U0/gpio_core_1/Dual.gpio_Data_Out_reg[26]/C
  -------------------------------------------------------------------    -------------------
    SLICE_X29Y34         FDRE (Prop_fdre_C_Q)         0.367    -1.984 r  system_i/iir2nd/axi_gpio_3/U0/gpio_core_1/Dual.gpio_Data_Out_reg[26]/Q
                         net (fo=4, routed)           0.282    -1.702    system_i/iir2nd/axi_gpio_3/U0/gpio_core_1/Dual.INPUT_DOUBLE_REGS4/gpio_io_o[5]
    SLICE_X30Y35         FDRE                                         r  system_i/iir2nd/axi_gpio_3/U0/gpio_core_1/Dual.INPUT_DOUBLE_REGS4/GENERATE_LEVEL_P_S_CDC.MULTI_BIT.FOR_IN_cdc_to[5].CROSS2_PLEVEL_IN2SCNDRY_IN_cdc_to/D
  -------------------------------------------------------------------    -------------------

                         (clock clk_out1_system_pll_0_0 rise edge)
                                                      0.000     0.000 r  
    U18                                               0.000     0.000 r  adc_clk_p_i (IN)
                         net (fo=0)                   0.000     0.000    system_i/pll_0/inst/clk_in1_p
    U18                  IBUFDS (Prop_ibufds_I_O)     0.983     0.983 r  system_i/pll_0/inst/clkin1_ibufgds/O
                         net (fo=1, routed)           1.306     2.289    system_i/pll_0/inst/clk_in1_system_pll_0_0
    PLLE2_ADV_X0Y0       PLLE2_ADV (Prop_plle2_adv_CLKIN1_CLKOUT0)
                                                     -8.533    -6.244 r  system_i/pll_0/inst/plle2_adv_inst/CLKOUT0
                         net (fo=1, routed)           1.754    -4.490    system_i/pll_0/inst/clk_out1_system_pll_0_0
    BUFGCTRL_X0Y0        BUFG (Prop_bufg_I_O)         0.101    -4.389 r  system_i/pll_0/inst/clkout1_buf/O
                         net (fo=5704, routed)        1.669    -2.720    system_i/iir2nd/axi_gpio_3/U0/gpio_core_1/Dual.INPUT_DOUBLE_REGS4/s_axi_aclk
    SLICE_X30Y35         FDRE                                         r  system_i/iir2nd/axi_gpio_3/U0/gpio_core_1/Dual.INPUT_DOUBLE_REGS4/GENERATE_LEVEL_P_S_CDC.MULTI_BIT.FOR_IN_cdc_to[5].CROSS2_PLEVEL_IN2SCNDRY_IN_cdc_to/C

Slack:                    inf
  Source:                 system_i/iir2nd/axi_gpio_2/U0/gpio_core_1/Dual.gpio_Data_Out_reg[2]/C
                            (rising edge-triggered cell FDRE clocked by clk_out1_system_pll_0_0  {rise@0.000ns fall@4.000ns period=8.000ns})
  Destination:            system_i/iir2nd/axi_gpio_2/U0/gpio_core_1/Dual.INPUT_DOUBLE_REGS4/GENERATE_LEVEL_P_S_CDC.MULTI_BIT.FOR_IN_cdc_to[29].CROSS2_PLEVEL_IN2SCNDRY_IN_cdc_to/D
                            (rising edge-triggered cell FDRE clocked by clk_out1_system_pll_0_0  {rise@0.000ns fall@4.000ns period=8.000ns})
  Path Group:             (none)
  Path Type:              Hold (Min at Slow Process Corner)
  Data Path Delay:        0.654ns  (logic 0.367ns (56.103%)  route 0.287ns (43.897%))
  Logic Levels:           0  
  Clock Path Skew:        -0.372ns (DCD - SCD - CPR)
    Destination Clock Delay (DCD):    -2.726ns
    Source Clock Delay      (SCD):    -2.354ns
    Clock Pessimism Removal (CPR):    -0.000ns
  Clock Uncertainty:      0.069ns  ((TSJ^2 + DJ^2)^1/2) / 2 + PE
    Total System Jitter     (TSJ):    0.071ns
    Discrete Jitter          (DJ):    0.119ns
    Phase Error              (PE):    0.000ns
  Timing Exception:       False Path

    Location             Delay type                Incr(ns)  Path(ns)    Netlist Resource(s)
  -------------------------------------------------------------------    -------------------
                         (clock clk_out1_system_pll_0_0 rise edge)
                                                      0.000     0.000 r  
    U18                                               0.000     0.000 r  adc_clk_p_i (IN)
                         net (fo=0)                   0.000     0.000    system_i/pll_0/inst/clk_in1_p
    U18                  IBUFDS (Prop_ibufds_I_O)     0.940     0.940 r  system_i/pll_0/inst/clkin1_ibufgds/O
                         net (fo=1, routed)           1.181     2.121    system_i/pll_0/inst/clk_in1_system_pll_0_0
    PLLE2_ADV_X0Y0       PLLE2_ADV (Prop_plle2_adv_CLKIN1_CLKOUT0)
                                                     -7.650    -5.530 r  system_i/pll_0/inst/plle2_adv_inst/CLKOUT0
                         net (fo=1, routed)           1.594    -3.935    system_i/pll_0/inst/clk_out1_system_pll_0_0
    BUFGCTRL_X0Y0        BUFG (Prop_bufg_I_O)         0.091    -3.844 r  system_i/pll_0/inst/clkout1_buf/O
                         net (fo=5704, routed)        1.490    -2.354    system_i/iir2nd/axi_gpio_2/U0/gpio_core_1/s_axi_aclk
    SLICE_X33Y31         FDRE                                         r  system_i/iir2nd/axi_gpio_2/U0/gpio_core_1/Dual.gpio_Data_Out_reg[2]/C
  -------------------------------------------------------------------    -------------------
    SLICE_X33Y31         FDRE (Prop_fdre_C_Q)         0.367    -1.987 r  system_i/iir2nd/axi_gpio_2/U0/gpio_core_1/Dual.gpio_Data_Out_reg[2]/Q
                         net (fo=4, routed)           0.287    -1.700    system_i/iir2nd/axi_gpio_2/U0/gpio_core_1/Dual.INPUT_DOUBLE_REGS4/gpio_io_o[29]
    SLICE_X34Y31         FDRE                                         r  system_i/iir2nd/axi_gpio_2/U0/gpio_core_1/Dual.INPUT_DOUBLE_REGS4/GENERATE_LEVEL_P_S_CDC.MULTI_BIT.FOR_IN_cdc_to[29].CROSS2_PLEVEL_IN2SCNDRY_IN_cdc_to/D
  -------------------------------------------------------------------    -------------------

                         (clock clk_out1_system_pll_0_0 rise edge)
                                                      0.000     0.000 r  
    U18                                               0.000     0.000 r  adc_clk_p_i (IN)
                         net (fo=0)                   0.000     0.000    system_i/pll_0/inst/clk_in1_p
    U18                  IBUFDS (Prop_ibufds_I_O)     0.983     0.983 r  system_i/pll_0/inst/clkin1_ibufgds/O
                         net (fo=1, routed)           1.306     2.289    system_i/pll_0/inst/clk_in1_system_pll_0_0
    PLLE2_ADV_X0Y0       PLLE2_ADV (Prop_plle2_adv_CLKIN1_CLKOUT0)
                                                     -8.533    -6.244 r  system_i/pll_0/inst/plle2_adv_inst/CLKOUT0
                         net (fo=1, routed)           1.754    -4.490    system_i/pll_0/inst/clk_out1_system_pll_0_0
    BUFGCTRL_X0Y0        BUFG (Prop_bufg_I_O)         0.101    -4.389 r  system_i/pll_0/inst/clkout1_buf/O
                         net (fo=5704, routed)        1.663    -2.726    system_i/iir2nd/axi_gpio_2/U0/gpio_core_1/Dual.INPUT_DOUBLE_REGS4/s_axi_aclk
    SLICE_X34Y31         FDRE                                         r  system_i/iir2nd/axi_gpio_2/U0/gpio_core_1/Dual.INPUT_DOUBLE_REGS4/GENERATE_LEVEL_P_S_CDC.MULTI_BIT.FOR_IN_cdc_to[29].CROSS2_PLEVEL_IN2SCNDRY_IN_cdc_to/C





--------------------------------------------------------------------------------------
Path Group:  (none)
From Clock:  clk_out1_system_pll_0_0
  To Clock:  

Max Delay            16 Endpoints
Min Delay            16 Endpoints
--------------------------------------------------------------------------------------


Max Delay Paths
--------------------------------------------------------------------------------------
Slack:                    inf
  Source:                 system_i/dac/dac_0/inst/DAC_DAT[0].ODDR_inst/C
                            (falling edge-triggered cell ODDR clocked by clk_out1_system_pll_0_0  {rise@0.000ns fall@4.000ns period=8.000ns})
  Destination:            dac_dat_o[0]
                            (output port)
  Path Group:             (none)
  Path Type:              Max at Fast Process Corner
  Data Path Delay:        1.844ns  (logic 1.843ns (99.946%)  route 0.001ns (0.054%))
  Logic Levels:           1  (OBUF=1)
  Clock Uncertainty:      0.162ns  ((TSJ^2 + DJ^2)^1/2) / 2 + PE
    Total System Jitter     (TSJ):    0.050ns
    Discrete Jitter          (DJ):    0.119ns
    Phase Error              (PE):    0.097ns

    Location             Delay type                Incr(ns)  Path(ns)    Netlist Resource(s)
  -------------------------------------------------------------------    -------------------
                         (clock clk_out1_system_pll_0_0 fall edge)
                                                      4.000     4.000 f  
    U18                                               0.000     4.000 f  adc_clk_p_i (IN)
                         net (fo=0)                   0.000     4.000    system_i/pll_0/inst/clk_in1_p
    U18                  IBUFDS (Prop_ibufds_I_O)     0.433     4.433 f  system_i/pll_0/inst/clkin1_ibufgds/O
                         net (fo=1, routed)           0.481     4.914    system_i/pll_0/inst/clk_in1_system_pll_0_0
    PLLE2_ADV_X0Y0       PLLE2_ADV (Prop_plle2_adv_CLKIN1_CLKOUT0)
                                                     -2.546     2.368 f  system_i/pll_0/inst/plle2_adv_inst/CLKOUT0
                         net (fo=1, routed)           0.544     2.912    system_i/pll_0/inst/clk_out1_system_pll_0_0
    BUFGCTRL_X0Y0        BUFG (Prop_bufg_I_O)         0.029     2.941 f  system_i/pll_0/inst/clkout1_buf/O
                         net (fo=5704, routed)        0.851     3.792    system_i/dac/dac_0/inst/aclk
    OLOGIC_X0Y86         ODDR                                         f  system_i/dac/dac_0/inst/DAC_DAT[0].ODDR_inst/C
  -------------------------------------------------------------------    -------------------
    OLOGIC_X0Y86         ODDR (Prop_oddr_C_Q)         0.204     3.996 r  system_i/dac/dac_0/inst/DAC_DAT[0].ODDR_inst/Q
                         net (fo=1, routed)           0.001     3.997    dac_dat_o_OBUF[0]
    M19                  OBUF (Prop_obuf_I_O)         1.639     5.636 r  dac_dat_o_OBUF[0]_inst/O
                         net (fo=0)                   0.000     5.636    dac_dat_o[0]
    M19                                                               r  dac_dat_o[0] (OUT)
  -------------------------------------------------------------------    -------------------

Slack:                    inf
  Source:                 system_i/dac/dac_0/inst/DAC_DAT[1].ODDR_inst/C
                            (falling edge-triggered cell ODDR clocked by clk_out1_system_pll_0_0  {rise@0.000ns fall@4.000ns period=8.000ns})
  Destination:            dac_dat_o[1]
                            (output port)
  Path Group:             (none)
  Path Type:              Max at Fast Process Corner
  Data Path Delay:        1.834ns  (logic 1.833ns (99.945%)  route 0.001ns (0.055%))
  Logic Levels:           1  (OBUF=1)
  Clock Uncertainty:      0.162ns  ((TSJ^2 + DJ^2)^1/2) / 2 + PE
    Total System Jitter     (TSJ):    0.050ns
    Discrete Jitter          (DJ):    0.119ns
    Phase Error              (PE):    0.097ns

    Location             Delay type                Incr(ns)  Path(ns)    Netlist Resource(s)
  -------------------------------------------------------------------    -------------------
                         (clock clk_out1_system_pll_0_0 fall edge)
                                                      4.000     4.000 f  
    U18                                               0.000     4.000 f  adc_clk_p_i (IN)
                         net (fo=0)                   0.000     4.000    system_i/pll_0/inst/clk_in1_p
    U18                  IBUFDS (Prop_ibufds_I_O)     0.433     4.433 f  system_i/pll_0/inst/clkin1_ibufgds/O
                         net (fo=1, routed)           0.481     4.914    system_i/pll_0/inst/clk_in1_system_pll_0_0
    PLLE2_ADV_X0Y0       PLLE2_ADV (Prop_plle2_adv_CLKIN1_CLKOUT0)
                                                     -2.546     2.368 f  system_i/pll_0/inst/plle2_adv_inst/CLKOUT0
                         net (fo=1, routed)           0.544     2.912    system_i/pll_0/inst/clk_out1_system_pll_0_0
    BUFGCTRL_X0Y0        BUFG (Prop_bufg_I_O)         0.029     2.941 f  system_i/pll_0/inst/clkout1_buf/O
                         net (fo=5704, routed)        0.851     3.792    system_i/dac/dac_0/inst/aclk
    OLOGIC_X0Y85         ODDR                                         f  system_i/dac/dac_0/inst/DAC_DAT[1].ODDR_inst/C
  -------------------------------------------------------------------    -------------------
    OLOGIC_X0Y85         ODDR (Prop_oddr_C_Q)         0.204     3.996 r  system_i/dac/dac_0/inst/DAC_DAT[1].ODDR_inst/Q
                         net (fo=1, routed)           0.001     3.997    dac_dat_o_OBUF[1]
    M20                  OBUF (Prop_obuf_I_O)         1.629     5.626 r  dac_dat_o_OBUF[1]_inst/O
                         net (fo=0)                   0.000     5.626    dac_dat_o[1]
    M20                                                               r  dac_dat_o[1] (OUT)
  -------------------------------------------------------------------    -------------------

Slack:                    inf
  Source:                 system_i/dac/dac_0/inst/DAC_DAT[3].ODDR_inst/C
                            (falling edge-triggered cell ODDR clocked by clk_out1_system_pll_0_0  {rise@0.000ns fall@4.000ns period=8.000ns})
  Destination:            dac_dat_o[3]
                            (output port)
  Path Group:             (none)
  Path Type:              Max at Fast Process Corner
  Data Path Delay:        1.809ns  (logic 1.808ns (99.945%)  route 0.001ns (0.055%))
  Logic Levels:           1  (OBUF=1)
  Clock Uncertainty:      0.162ns  ((TSJ^2 + DJ^2)^1/2) / 2 + PE
    Total System Jitter     (TSJ):    0.050ns
    Discrete Jitter          (DJ):    0.119ns
    Phase Error              (PE):    0.097ns

    Location             Delay type                Incr(ns)  Path(ns)    Netlist Resource(s)
  -------------------------------------------------------------------    -------------------
                         (clock clk_out1_system_pll_0_0 fall edge)
                                                      4.000     4.000 f  
    U18                                               0.000     4.000 f  adc_clk_p_i (IN)
                         net (fo=0)                   0.000     4.000    system_i/pll_0/inst/clk_in1_p
    U18                  IBUFDS (Prop_ibufds_I_O)     0.433     4.433 f  system_i/pll_0/inst/clkin1_ibufgds/O
                         net (fo=1, routed)           0.481     4.914    system_i/pll_0/inst/clk_in1_system_pll_0_0
    PLLE2_ADV_X0Y0       PLLE2_ADV (Prop_plle2_adv_CLKIN1_CLKOUT0)
                                                     -2.546     2.368 f  system_i/pll_0/inst/plle2_adv_inst/CLKOUT0
                         net (fo=1, routed)           0.544     2.912    system_i/pll_0/inst/clk_out1_system_pll_0_0
    BUFGCTRL_X0Y0        BUFG (Prop_bufg_I_O)         0.029     2.941 f  system_i/pll_0/inst/clkout1_buf/O
                         net (fo=5704, routed)        0.849     3.790    system_i/dac/dac_0/inst/aclk
    OLOGIC_X0Y81         ODDR                                         f  system_i/dac/dac_0/inst/DAC_DAT[3].ODDR_inst/C
  -------------------------------------------------------------------    -------------------
    OLOGIC_X0Y81         ODDR (Prop_oddr_C_Q)         0.204     3.994 r  system_i/dac/dac_0/inst/DAC_DAT[3].ODDR_inst/Q
                         net (fo=1, routed)           0.001     3.995    dac_dat_o_OBUF[3]
    L20                  OBUF (Prop_obuf_I_O)         1.604     5.599 r  dac_dat_o_OBUF[3]_inst/O
                         net (fo=0)                   0.000     5.599    dac_dat_o[3]
    L20                                                               r  dac_dat_o[3] (OUT)
  -------------------------------------------------------------------    -------------------

Slack:                    inf
  Source:                 system_i/dac/dac_0/inst/DAC_DAT[2].ODDR_inst/C
                            (falling edge-triggered cell ODDR clocked by clk_out1_system_pll_0_0  {rise@0.000ns fall@4.000ns period=8.000ns})
  Destination:            dac_dat_o[2]
                            (output port)
  Path Group:             (none)
  Path Type:              Max at Fast Process Corner
  Data Path Delay:        1.807ns  (logic 1.806ns (99.945%)  route 0.001ns (0.055%))
  Logic Levels:           1  (OBUF=1)
  Clock Uncertainty:      0.162ns  ((TSJ^2 + DJ^2)^1/2) / 2 + PE
    Total System Jitter     (TSJ):    0.050ns
    Discrete Jitter          (DJ):    0.119ns
    Phase Error              (PE):    0.097ns

    Location             Delay type                Incr(ns)  Path(ns)    Netlist Resource(s)
  -------------------------------------------------------------------    -------------------
                         (clock clk_out1_system_pll_0_0 fall edge)
                                                      4.000     4.000 f  
    U18                                               0.000     4.000 f  adc_clk_p_i (IN)
                         net (fo=0)                   0.000     4.000    system_i/pll_0/inst/clk_in1_p
    U18                  IBUFDS (Prop_ibufds_I_O)     0.433     4.433 f  system_i/pll_0/inst/clkin1_ibufgds/O
                         net (fo=1, routed)           0.481     4.914    system_i/pll_0/inst/clk_in1_system_pll_0_0
    PLLE2_ADV_X0Y0       PLLE2_ADV (Prop_plle2_adv_CLKIN1_CLKOUT0)
                                                     -2.546     2.368 f  system_i/pll_0/inst/plle2_adv_inst/CLKOUT0
                         net (fo=1, routed)           0.544     2.912    system_i/pll_0/inst/clk_out1_system_pll_0_0
    BUFGCTRL_X0Y0        BUFG (Prop_bufg_I_O)         0.029     2.941 f  system_i/pll_0/inst/clkout1_buf/O
                         net (fo=5704, routed)        0.849     3.790    system_i/dac/dac_0/inst/aclk
    OLOGIC_X0Y82         ODDR                                         f  system_i/dac/dac_0/inst/DAC_DAT[2].ODDR_inst/C
  -------------------------------------------------------------------    -------------------
    OLOGIC_X0Y82         ODDR (Prop_oddr_C_Q)         0.204     3.994 r  system_i/dac/dac_0/inst/DAC_DAT[2].ODDR_inst/Q
                         net (fo=1, routed)           0.001     3.995    dac_dat_o_OBUF[2]
    L19                  OBUF (Prop_obuf_I_O)         1.602     5.597 r  dac_dat_o_OBUF[2]_inst/O
                         net (fo=0)                   0.000     5.597    dac_dat_o[2]
    L19                                                               r  dac_dat_o[2] (OUT)
  -------------------------------------------------------------------    -------------------

Slack:                    inf
  Source:                 system_i/dac/dac_0/inst/DAC_DAT[5].ODDR_inst/C
                            (falling edge-triggered cell ODDR clocked by clk_out1_system_pll_0_0  {rise@0.000ns fall@4.000ns period=8.000ns})
  Destination:            dac_dat_o[5]
                            (output port)
  Path Group:             (none)
  Path Type:              Max at Fast Process Corner
  Data Path Delay:        1.789ns  (logic 1.788ns (99.944%)  route 0.001ns (0.056%))
  Logic Levels:           1  (OBUF=1)
  Clock Uncertainty:      0.162ns  ((TSJ^2 + DJ^2)^1/2) / 2 + PE
    Total System Jitter     (TSJ):    0.050ns
    Discrete Jitter          (DJ):    0.119ns
    Phase Error              (PE):    0.097ns

    Location             Delay type                Incr(ns)  Path(ns)    Netlist Resource(s)
  -------------------------------------------------------------------    -------------------
                         (clock clk_out1_system_pll_0_0 fall edge)
                                                      4.000     4.000 f  
    U18                                               0.000     4.000 f  adc_clk_p_i (IN)
                         net (fo=0)                   0.000     4.000    system_i/pll_0/inst/clk_in1_p
    U18                  IBUFDS (Prop_ibufds_I_O)     0.433     4.433 f  system_i/pll_0/inst/clkin1_ibufgds/O
                         net (fo=1, routed)           0.481     4.914    system_i/pll_0/inst/clk_in1_system_pll_0_0
    PLLE2_ADV_X0Y0       PLLE2_ADV (Prop_plle2_adv_CLKIN1_CLKOUT0)
                                                     -2.546     2.368 f  system_i/pll_0/inst/plle2_adv_inst/CLKOUT0
                         net (fo=1, routed)           0.544     2.912    system_i/pll_0/inst/clk_out1_system_pll_0_0
    BUFGCTRL_X0Y0        BUFG (Prop_bufg_I_O)         0.029     2.941 f  system_i/pll_0/inst/clkout1_buf/O
                         net (fo=5704, routed)        0.847     3.788    system_i/dac/dac_0/inst/aclk
    OLOGIC_X0Y79         ODDR                                         f  system_i/dac/dac_0/inst/DAC_DAT[5].ODDR_inst/C
  -------------------------------------------------------------------    -------------------
    OLOGIC_X0Y79         ODDR (Prop_oddr_C_Q)         0.204     3.992 r  system_i/dac/dac_0/inst/DAC_DAT[5].ODDR_inst/Q
                         net (fo=1, routed)           0.001     3.993    dac_dat_o_OBUF[5]
    J19                  OBUF (Prop_obuf_I_O)         1.584     5.577 r  dac_dat_o_OBUF[5]_inst/O
                         net (fo=0)                   0.000     5.577    dac_dat_o[5]
    J19                                                               r  dac_dat_o[5] (OUT)
  -------------------------------------------------------------------    -------------------

Slack:                    inf
  Source:                 system_i/dac/dac_0/inst/DAC_DAT[4].ODDR_inst/C
                            (falling edge-triggered cell ODDR clocked by clk_out1_system_pll_0_0  {rise@0.000ns fall@4.000ns period=8.000ns})
  Destination:            dac_dat_o[4]
                            (output port)
  Path Group:             (none)
  Path Type:              Max at Fast Process Corner
  Data Path Delay:        1.786ns  (logic 1.785ns (99.944%)  route 0.001ns (0.056%))
  Logic Levels:           1  (OBUF=1)
  Clock Uncertainty:      0.162ns  ((TSJ^2 + DJ^2)^1/2) / 2 + PE
    Total System Jitter     (TSJ):    0.050ns
    Discrete Jitter          (DJ):    0.119ns
    Phase Error              (PE):    0.097ns

    Location             Delay type                Incr(ns)  Path(ns)    Netlist Resource(s)
  -------------------------------------------------------------------    -------------------
                         (clock clk_out1_system_pll_0_0 fall edge)
                                                      4.000     4.000 f  
    U18                                               0.000     4.000 f  adc_clk_p_i (IN)
                         net (fo=0)                   0.000     4.000    system_i/pll_0/inst/clk_in1_p
    U18                  IBUFDS (Prop_ibufds_I_O)     0.433     4.433 f  system_i/pll_0/inst/clkin1_ibufgds/O
                         net (fo=1, routed)           0.481     4.914    system_i/pll_0/inst/clk_in1_system_pll_0_0
    PLLE2_ADV_X0Y0       PLLE2_ADV (Prop_plle2_adv_CLKIN1_CLKOUT0)
                                                     -2.546     2.368 f  system_i/pll_0/inst/plle2_adv_inst/CLKOUT0
                         net (fo=1, routed)           0.544     2.912    system_i/pll_0/inst/clk_out1_system_pll_0_0
    BUFGCTRL_X0Y0        BUFG (Prop_bufg_I_O)         0.029     2.941 f  system_i/pll_0/inst/clkout1_buf/O
                         net (fo=5704, routed)        0.847     3.788    system_i/dac/dac_0/inst/aclk
    OLOGIC_X0Y80         ODDR                                         f  system_i/dac/dac_0/inst/DAC_DAT[4].ODDR_inst/C
  -------------------------------------------------------------------    -------------------
    OLOGIC_X0Y80         ODDR (Prop_oddr_C_Q)         0.204     3.992 r  system_i/dac/dac_0/inst/DAC_DAT[4].ODDR_inst/Q
                         net (fo=1, routed)           0.001     3.993    dac_dat_o_OBUF[4]
    K19                  OBUF (Prop_obuf_I_O)         1.581     5.574 r  dac_dat_o_OBUF[4]_inst/O
                         net (fo=0)                   0.000     5.574    dac_dat_o[4]
    K19                                                               r  dac_dat_o[4] (OUT)
  -------------------------------------------------------------------    -------------------

Slack:                    inf
  Source:                 system_i/dac/dac_0/inst/DAC_DAT[13].ODDR_inst/C
                            (falling edge-triggered cell ODDR clocked by clk_out1_system_pll_0_0  {rise@0.000ns fall@4.000ns period=8.000ns})
  Destination:            dac_dat_o[13]
                            (output port)
  Path Group:             (none)
  Path Type:              Max at Fast Process Corner
  Data Path Delay:        1.775ns  (logic 1.774ns (99.944%)  route 0.001ns (0.056%))
  Logic Levels:           1  (OBUF=1)
  Clock Uncertainty:      0.162ns  ((TSJ^2 + DJ^2)^1/2) / 2 + PE
    Total System Jitter     (TSJ):    0.050ns
    Discrete Jitter          (DJ):    0.119ns
    Phase Error              (PE):    0.097ns

    Location             Delay type                Incr(ns)  Path(ns)    Netlist Resource(s)
  -------------------------------------------------------------------    -------------------
                         (clock clk_out1_system_pll_0_0 fall edge)
                                                      4.000     4.000 f  
    U18                                               0.000     4.000 f  adc_clk_p_i (IN)
                         net (fo=0)                   0.000     4.000    system_i/pll_0/inst/clk_in1_p
    U18                  IBUFDS (Prop_ibufds_I_O)     0.433     4.433 f  system_i/pll_0/inst/clkin1_ibufgds/O
                         net (fo=1, routed)           0.481     4.914    system_i/pll_0/inst/clk_in1_system_pll_0_0
    PLLE2_ADV_X0Y0       PLLE2_ADV (Prop_plle2_adv_CLKIN1_CLKOUT0)
                                                     -2.546     2.368 f  system_i/pll_0/inst/plle2_adv_inst/CLKOUT0
                         net (fo=1, routed)           0.544     2.912    system_i/pll_0/inst/clk_out1_system_pll_0_0
    BUFGCTRL_X0Y0        BUFG (Prop_bufg_I_O)         0.029     2.941 f  system_i/pll_0/inst/clkout1_buf/O
                         net (fo=5704, routed)        0.853     3.794    system_i/dac/dac_0/inst/aclk
    OLOGIC_X0Y92         ODDR                                         f  system_i/dac/dac_0/inst/DAC_DAT[13].ODDR_inst/C
  -------------------------------------------------------------------    -------------------
    OLOGIC_X0Y92         ODDR (Prop_oddr_C_Q)         0.204     3.998 r  system_i/dac/dac_0/inst/DAC_DAT[13].ODDR_inst/Q
                         net (fo=1, routed)           0.001     3.999    dac_dat_o_OBUF[13]
    D19                  OBUF (Prop_obuf_I_O)         1.570     5.569 r  dac_dat_o_OBUF[13]_inst/O
                         net (fo=0)                   0.000     5.569    dac_dat_o[13]
    D19                                                               r  dac_dat_o[13] (OUT)
  -------------------------------------------------------------------    -------------------

Slack:                    inf
  Source:                 system_i/dac/dac_0/inst/ODDR_rst/C
                            (falling edge-triggered cell ODDR clocked by clk_out1_system_pll_0_0  {rise@0.000ns fall@4.000ns period=8.000ns})
  Destination:            dac_rst_o
                            (output port)
  Path Group:             (none)
  Path Type:              Max at Fast Process Corner
  Data Path Delay:        1.775ns  (logic 1.774ns (99.944%)  route 0.001ns (0.056%))
  Logic Levels:           1  (OBUF=1)
  Clock Uncertainty:      0.162ns  ((TSJ^2 + DJ^2)^1/2) / 2 + PE
    Total System Jitter     (TSJ):    0.050ns
    Discrete Jitter          (DJ):    0.119ns
    Phase Error              (PE):    0.097ns

    Location             Delay type                Incr(ns)  Path(ns)    Netlist Resource(s)
  -------------------------------------------------------------------    -------------------
                         (clock clk_out1_system_pll_0_0 fall edge)
                                                      4.000     4.000 f  
    U18                                               0.000     4.000 f  adc_clk_p_i (IN)
                         net (fo=0)                   0.000     4.000    system_i/pll_0/inst/clk_in1_p
    U18                  IBUFDS (Prop_ibufds_I_O)     0.433     4.433 f  system_i/pll_0/inst/clkin1_ibufgds/O
                         net (fo=1, routed)           0.481     4.914    system_i/pll_0/inst/clk_in1_system_pll_0_0
    PLLE2_ADV_X0Y0       PLLE2_ADV (Prop_plle2_adv_CLKIN1_CLKOUT0)
                                                     -2.546     2.368 f  system_i/pll_0/inst/plle2_adv_inst/CLKOUT0
                         net (fo=1, routed)           0.544     2.912    system_i/pll_0/inst/clk_out1_system_pll_0_0
    BUFGCTRL_X0Y0        BUFG (Prop_bufg_I_O)         0.029     2.941 f  system_i/pll_0/inst/clkout1_buf/O
                         net (fo=5704, routed)        0.853     3.794    system_i/dac/dac_0/inst/aclk
    OLOGIC_X0Y58         ODDR                                         f  system_i/dac/dac_0/inst/ODDR_rst/C
  -------------------------------------------------------------------    -------------------
    OLOGIC_X0Y58         ODDR (Prop_oddr_C_Q)         0.204     3.998 r  system_i/dac/dac_0/inst/ODDR_rst/Q
                         net (fo=1, routed)           0.001     3.999    dac_rst_o_OBUF
    N15                  OBUF (Prop_obuf_I_O)         1.570     5.569 r  dac_rst_o_OBUF_inst/O
                         net (fo=0)                   0.000     5.569    dac_rst_o
    N15                                                               r  dac_rst_o (OUT)
  -------------------------------------------------------------------    -------------------

Slack:                    inf
  Source:                 system_i/dac/dac_0/inst/DAC_DAT[12].ODDR_inst/C
                            (falling edge-triggered cell ODDR clocked by clk_out1_system_pll_0_0  {rise@0.000ns fall@4.000ns period=8.000ns})
  Destination:            dac_dat_o[12]
                            (output port)
  Path Group:             (none)
  Path Type:              Max at Fast Process Corner
  Data Path Delay:        1.773ns  (logic 1.772ns (99.944%)  route 0.001ns (0.056%))
  Logic Levels:           1  (OBUF=1)
  Clock Uncertainty:      0.162ns  ((TSJ^2 + DJ^2)^1/2) / 2 + PE
    Total System Jitter     (TSJ):    0.050ns
    Discrete Jitter          (DJ):    0.119ns
    Phase Error              (PE):    0.097ns

    Location             Delay type                Incr(ns)  Path(ns)    Netlist Resource(s)
  -------------------------------------------------------------------    -------------------
                         (clock clk_out1_system_pll_0_0 fall edge)
                                                      4.000     4.000 f  
    U18                                               0.000     4.000 f  adc_clk_p_i (IN)
                         net (fo=0)                   0.000     4.000    system_i/pll_0/inst/clk_in1_p
    U18                  IBUFDS (Prop_ibufds_I_O)     0.433     4.433 f  system_i/pll_0/inst/clkin1_ibufgds/O
                         net (fo=1, routed)           0.481     4.914    system_i/pll_0/inst/clk_in1_system_pll_0_0
    PLLE2_ADV_X0Y0       PLLE2_ADV (Prop_plle2_adv_CLKIN1_CLKOUT0)
                                                     -2.546     2.368 f  system_i/pll_0/inst/plle2_adv_inst/CLKOUT0
                         net (fo=1, routed)           0.544     2.912    system_i/pll_0/inst/clk_out1_system_pll_0_0
    BUFGCTRL_X0Y0        BUFG (Prop_bufg_I_O)         0.029     2.941 f  system_i/pll_0/inst/clkout1_buf/O
                         net (fo=5704, routed)        0.853     3.794    system_i/dac/dac_0/inst/aclk
    OLOGIC_X0Y91         ODDR                                         f  system_i/dac/dac_0/inst/DAC_DAT[12].ODDR_inst/C
  -------------------------------------------------------------------    -------------------
    OLOGIC_X0Y91         ODDR (Prop_oddr_C_Q)         0.204     3.998 r  system_i/dac/dac_0/inst/DAC_DAT[12].ODDR_inst/Q
                         net (fo=1, routed)           0.001     3.999    dac_dat_o_OBUF[12]
    D20                  OBUF (Prop_obuf_I_O)         1.568     5.567 r  dac_dat_o_OBUF[12]_inst/O
                         net (fo=0)                   0.000     5.567    dac_dat_o[12]
    D20                                                               r  dac_dat_o[12] (OUT)
  -------------------------------------------------------------------    -------------------

Slack:                    inf
  Source:                 system_i/dac/dac_0/inst/ODDR_sel/C
                            (falling edge-triggered cell ODDR clocked by clk_out1_system_pll_0_0  {rise@0.000ns fall@4.000ns period=8.000ns})
  Destination:            dac_sel_o
                            (output port)
  Path Group:             (none)
  Path Type:              Max at Fast Process Corner
  Data Path Delay:        1.772ns  (logic 1.771ns (99.944%)  route 0.001ns (0.056%))
  Logic Levels:           1  (OBUF=1)
  Clock Uncertainty:      0.162ns  ((TSJ^2 + DJ^2)^1/2) / 2 + PE
    Total System Jitter     (TSJ):    0.050ns
    Discrete Jitter          (DJ):    0.119ns
    Phase Error              (PE):    0.097ns

    Location             Delay type                Incr(ns)  Path(ns)    Netlist Resource(s)
  -------------------------------------------------------------------    -------------------
                         (clock clk_out1_system_pll_0_0 fall edge)
                                                      4.000     4.000 f  
    U18                                               0.000     4.000 f  adc_clk_p_i (IN)
                         net (fo=0)                   0.000     4.000    system_i/pll_0/inst/clk_in1_p
    U18                  IBUFDS (Prop_ibufds_I_O)     0.433     4.433 f  system_i/pll_0/inst/clkin1_ibufgds/O
                         net (fo=1, routed)           0.481     4.914    system_i/pll_0/inst/clk_in1_system_pll_0_0
    PLLE2_ADV_X0Y0       PLLE2_ADV (Prop_plle2_adv_CLKIN1_CLKOUT0)
                                                     -2.546     2.368 f  system_i/pll_0/inst/plle2_adv_inst/CLKOUT0
                         net (fo=1, routed)           0.544     2.912    system_i/pll_0/inst/clk_out1_system_pll_0_0
    BUFGCTRL_X0Y0        BUFG (Prop_bufg_I_O)         0.029     2.941 f  system_i/pll_0/inst/clkout1_buf/O
                         net (fo=5704, routed)        0.853     3.794    system_i/dac/dac_0/inst/aclk
    OLOGIC_X0Y57         ODDR                                         f  system_i/dac/dac_0/inst/ODDR_sel/C
  -------------------------------------------------------------------    -------------------
    OLOGIC_X0Y57         ODDR (Prop_oddr_C_Q)         0.204     3.998 r  system_i/dac/dac_0/inst/ODDR_sel/Q
                         net (fo=1, routed)           0.001     3.999    dac_sel_o_OBUF
    N16                  OBUF (Prop_obuf_I_O)         1.567     5.566 r  dac_sel_o_OBUF_inst/O
                         net (fo=0)                   0.000     5.566    dac_sel_o
    N16                                                               r  dac_sel_o (OUT)
  -------------------------------------------------------------------    -------------------





Min Delay Paths
--------------------------------------------------------------------------------------
Slack:                    inf
  Source:                 system_i/dac/dac_0/inst/DAC_DAT[7].ODDR_inst/C
                            (rising edge-triggered cell ODDR clocked by clk_out1_system_pll_0_0  {rise@0.000ns fall@4.000ns period=8.000ns})
  Destination:            dac_dat_o[7]
                            (output port)
  Path Group:             (none)
  Path Type:              Min at Slow Process Corner
  Data Path Delay:        3.401ns  (logic 3.400ns (99.971%)  route 0.001ns (0.029%))
  Logic Levels:           1  (OBUF=1)
  Clock Uncertainty:      0.162ns  ((TSJ^2 + DJ^2)^1/2) / 2 + PE
    Total System Jitter     (TSJ):    0.050ns
    Discrete Jitter          (DJ):    0.119ns
    Phase Error              (PE):    0.097ns

    Location             Delay type                Incr(ns)  Path(ns)    Netlist Resource(s)
  -------------------------------------------------------------------    -------------------
                         (clock clk_out1_system_pll_0_0 rise edge)
                                                      0.000     0.000 r  
    U18                                               0.000     0.000 r  adc_clk_p_i (IN)
                         net (fo=0)                   0.000     0.000    system_i/pll_0/inst/clk_in1_p
    U18                  IBUFDS (Prop_ibufds_I_O)     0.940     0.940 r  system_i/pll_0/inst/clkin1_ibufgds/O
                         net (fo=1, routed)           1.181     2.121    system_i/pll_0/inst/clk_in1_system_pll_0_0
    PLLE2_ADV_X0Y0       PLLE2_ADV (Prop_plle2_adv_CLKIN1_CLKOUT0)
                                                     -7.650    -5.530 r  system_i/pll_0/inst/plle2_adv_inst/CLKOUT0
                         net (fo=1, routed)           1.594    -3.935    system_i/pll_0/inst/clk_out1_system_pll_0_0
    BUFGCTRL_X0Y0        BUFG (Prop_bufg_I_O)         0.091    -3.844 r  system_i/pll_0/inst/clkout1_buf/O
                         net (fo=5704, routed)        1.539    -2.305    system_i/dac/dac_0/inst/aclk
    OLOGIC_X0Y65         ODDR                                         r  system_i/dac/dac_0/inst/DAC_DAT[7].ODDR_inst/C
  -------------------------------------------------------------------    -------------------
    OLOGIC_X0Y65         ODDR (Prop_oddr_C_Q)         0.411    -1.894 r  system_i/dac/dac_0/inst/DAC_DAT[7].ODDR_inst/Q
                         net (fo=1, routed)           0.001    -1.893    dac_dat_o_OBUF[7]
    H20                  OBUF (Prop_obuf_I_O)         2.989     1.095 r  dac_dat_o_OBUF[7]_inst/O
                         net (fo=0)                   0.000     1.095    dac_dat_o[7]
    H20                                                               r  dac_dat_o[7] (OUT)
  -------------------------------------------------------------------    -------------------

Slack:                    inf
  Source:                 system_i/dac/dac_0/inst/DAC_DAT[11].ODDR_inst/C
                            (rising edge-triggered cell ODDR clocked by clk_out1_system_pll_0_0  {rise@0.000ns fall@4.000ns period=8.000ns})
  Destination:            dac_dat_o[11]
                            (output port)
  Path Group:             (none)
  Path Type:              Min at Slow Process Corner
  Data Path Delay:        3.406ns  (logic 3.405ns (99.971%)  route 0.001ns (0.029%))
  Logic Levels:           1  (OBUF=1)
  Clock Uncertainty:      0.162ns  ((TSJ^2 + DJ^2)^1/2) / 2 + PE
    Total System Jitter     (TSJ):    0.050ns
    Discrete Jitter          (DJ):    0.119ns
    Phase Error              (PE):    0.097ns

    Location             Delay type                Incr(ns)  Path(ns)    Netlist Resource(s)
  -------------------------------------------------------------------    -------------------
                         (clock clk_out1_system_pll_0_0 rise edge)
                                                      0.000     0.000 r  
    U18                                               0.000     0.000 r  adc_clk_p_i (IN)
                         net (fo=0)                   0.000     0.000    system_i/pll_0/inst/clk_in1_p
    U18                  IBUFDS (Prop_ibufds_I_O)     0.940     0.940 r  system_i/pll_0/inst/clkin1_ibufgds/O
                         net (fo=1, routed)           1.181     2.121    system_i/pll_0/inst/clk_in1_system_pll_0_0
    PLLE2_ADV_X0Y0       PLLE2_ADV (Prop_plle2_adv_CLKIN1_CLKOUT0)
                                                     -7.650    -5.530 r  system_i/pll_0/inst/plle2_adv_inst/CLKOUT0
                         net (fo=1, routed)           1.594    -3.935    system_i/pll_0/inst/clk_out1_system_pll_0_0
    BUFGCTRL_X0Y0        BUFG (Prop_bufg_I_O)         0.091    -3.844 r  system_i/pll_0/inst/clkout1_buf/O
                         net (fo=5704, routed)        1.535    -2.309    system_i/dac/dac_0/inst/aclk
    OLOGIC_X0Y69         ODDR                                         r  system_i/dac/dac_0/inst/DAC_DAT[11].ODDR_inst/C
  -------------------------------------------------------------------    -------------------
    OLOGIC_X0Y69         ODDR (Prop_oddr_C_Q)         0.411    -1.898 r  system_i/dac/dac_0/inst/DAC_DAT[11].ODDR_inst/Q
                         net (fo=1, routed)           0.001    -1.897    dac_dat_o_OBUF[11]
    F20                  OBUF (Prop_obuf_I_O)         2.994     1.096 r  dac_dat_o_OBUF[11]_inst/O
                         net (fo=0)                   0.000     1.096    dac_dat_o[11]
    F20                                                               r  dac_dat_o[11] (OUT)
  -------------------------------------------------------------------    -------------------

Slack:                    inf
  Source:                 system_i/dac/dac_0/inst/DAC_DAT[10].ODDR_inst/C
                            (rising edge-triggered cell ODDR clocked by clk_out1_system_pll_0_0  {rise@0.000ns fall@4.000ns period=8.000ns})
  Destination:            dac_dat_o[10]
                            (output port)
  Path Group:             (none)
  Path Type:              Min at Slow Process Corner
  Data Path Delay:        3.406ns  (logic 3.405ns (99.971%)  route 0.001ns (0.029%))
  Logic Levels:           1  (OBUF=1)
  Clock Uncertainty:      0.162ns  ((TSJ^2 + DJ^2)^1/2) / 2 + PE
    Total System Jitter     (TSJ):    0.050ns
    Discrete Jitter          (DJ):    0.119ns
    Phase Error              (PE):    0.097ns

    Location             Delay type                Incr(ns)  Path(ns)    Netlist Resource(s)
  -------------------------------------------------------------------    -------------------
                         (clock clk_out1_system_pll_0_0 rise edge)
                                                      0.000     0.000 r  
    U18                                               0.000     0.000 r  adc_clk_p_i (IN)
                         net (fo=0)                   0.000     0.000    system_i/pll_0/inst/clk_in1_p
    U18                  IBUFDS (Prop_ibufds_I_O)     0.940     0.940 r  system_i/pll_0/inst/clkin1_ibufgds/O
                         net (fo=1, routed)           1.181     2.121    system_i/pll_0/inst/clk_in1_system_pll_0_0
    PLLE2_ADV_X0Y0       PLLE2_ADV (Prop_plle2_adv_CLKIN1_CLKOUT0)
                                                     -7.650    -5.530 r  system_i/pll_0/inst/plle2_adv_inst/CLKOUT0
                         net (fo=1, routed)           1.594    -3.935    system_i/pll_0/inst/clk_out1_system_pll_0_0
    BUFGCTRL_X0Y0        BUFG (Prop_bufg_I_O)         0.091    -3.844 r  system_i/pll_0/inst/clkout1_buf/O
                         net (fo=5704, routed)        1.535    -2.309    system_i/dac/dac_0/inst/aclk
    OLOGIC_X0Y70         ODDR                                         r  system_i/dac/dac_0/inst/DAC_DAT[10].ODDR_inst/C
  -------------------------------------------------------------------    -------------------
    OLOGIC_X0Y70         ODDR (Prop_oddr_C_Q)         0.411    -1.898 r  system_i/dac/dac_0/inst/DAC_DAT[10].ODDR_inst/Q
                         net (fo=1, routed)           0.001    -1.897    dac_dat_o_OBUF[10]
    F19                  OBUF (Prop_obuf_I_O)         2.994     1.097 r  dac_dat_o_OBUF[10]_inst/O
                         net (fo=0)                   0.000     1.097    dac_dat_o[10]
    F19                                                               r  dac_dat_o[10] (OUT)
  -------------------------------------------------------------------    -------------------

Slack:                    inf
  Source:                 system_i/dac/dac_0/inst/DAC_DAT[6].ODDR_inst/C
                            (rising edge-triggered cell ODDR clocked by clk_out1_system_pll_0_0  {rise@0.000ns fall@4.000ns period=8.000ns})
  Destination:            dac_dat_o[6]
                            (output port)
  Path Group:             (none)
  Path Type:              Min at Slow Process Corner
  Data Path Delay:        3.402ns  (logic 3.401ns (99.971%)  route 0.001ns (0.029%))
  Logic Levels:           1  (OBUF=1)
  Clock Uncertainty:      0.162ns  ((TSJ^2 + DJ^2)^1/2) / 2 + PE
    Total System Jitter     (TSJ):    0.050ns
    Discrete Jitter          (DJ):    0.119ns
    Phase Error              (PE):    0.097ns

    Location             Delay type                Incr(ns)  Path(ns)    Netlist Resource(s)
  -------------------------------------------------------------------    -------------------
                         (clock clk_out1_system_pll_0_0 rise edge)
                                                      0.000     0.000 r  
    U18                                               0.000     0.000 r  adc_clk_p_i (IN)
                         net (fo=0)                   0.000     0.000    system_i/pll_0/inst/clk_in1_p
    U18                  IBUFDS (Prop_ibufds_I_O)     0.940     0.940 r  system_i/pll_0/inst/clkin1_ibufgds/O
                         net (fo=1, routed)           1.181     2.121    system_i/pll_0/inst/clk_in1_system_pll_0_0
    PLLE2_ADV_X0Y0       PLLE2_ADV (Prop_plle2_adv_CLKIN1_CLKOUT0)
                                                     -7.650    -5.530 r  system_i/pll_0/inst/plle2_adv_inst/CLKOUT0
                         net (fo=1, routed)           1.594    -3.935    system_i/pll_0/inst/clk_out1_system_pll_0_0
    BUFGCTRL_X0Y0        BUFG (Prop_bufg_I_O)         0.091    -3.844 r  system_i/pll_0/inst/clkout1_buf/O
                         net (fo=5704, routed)        1.539    -2.305    system_i/dac/dac_0/inst/aclk
    OLOGIC_X0Y66         ODDR                                         r  system_i/dac/dac_0/inst/DAC_DAT[6].ODDR_inst/C
  -------------------------------------------------------------------    -------------------
    OLOGIC_X0Y66         ODDR (Prop_oddr_C_Q)         0.411    -1.894 r  system_i/dac/dac_0/inst/DAC_DAT[6].ODDR_inst/Q
                         net (fo=1, routed)           0.001    -1.893    dac_dat_o_OBUF[6]
    J20                  OBUF (Prop_obuf_I_O)         2.990     1.097 r  dac_dat_o_OBUF[6]_inst/O
                         net (fo=0)                   0.000     1.097    dac_dat_o[6]
    J20                                                               r  dac_dat_o[6] (OUT)
  -------------------------------------------------------------------    -------------------

Slack:                    inf
  Source:                 system_i/dac/dac_0/inst/DAC_DAT[9].ODDR_inst/C
                            (rising edge-triggered cell ODDR clocked by clk_out1_system_pll_0_0  {rise@0.000ns fall@4.000ns period=8.000ns})
  Destination:            dac_dat_o[9]
                            (output port)
  Path Group:             (none)
  Path Type:              Min at Slow Process Corner
  Data Path Delay:        3.404ns  (logic 3.403ns (99.971%)  route 0.001ns (0.029%))
  Logic Levels:           1  (OBUF=1)
  Clock Uncertainty:      0.162ns  ((TSJ^2 + DJ^2)^1/2) / 2 + PE
    Total System Jitter     (TSJ):    0.050ns
    Discrete Jitter          (DJ):    0.119ns
    Phase Error              (PE):    0.097ns

    Location             Delay type                Incr(ns)  Path(ns)    Netlist Resource(s)
  -------------------------------------------------------------------    -------------------
                         (clock clk_out1_system_pll_0_0 rise edge)
                                                      0.000     0.000 r  
    U18                                               0.000     0.000 r  adc_clk_p_i (IN)
                         net (fo=0)                   0.000     0.000    system_i/pll_0/inst/clk_in1_p
    U18                  IBUFDS (Prop_ibufds_I_O)     0.940     0.940 r  system_i/pll_0/inst/clkin1_ibufgds/O
                         net (fo=1, routed)           1.181     2.121    system_i/pll_0/inst/clk_in1_system_pll_0_0
    PLLE2_ADV_X0Y0       PLLE2_ADV (Prop_plle2_adv_CLKIN1_CLKOUT0)
                                                     -7.650    -5.530 r  system_i/pll_0/inst/plle2_adv_inst/CLKOUT0
                         net (fo=1, routed)           1.594    -3.935    system_i/pll_0/inst/clk_out1_system_pll_0_0
    BUFGCTRL_X0Y0        BUFG (Prop_bufg_I_O)         0.091    -3.844 r  system_i/pll_0/inst/clkout1_buf/O
                         net (fo=5704, routed)        1.540    -2.304    system_i/dac/dac_0/inst/aclk
    OLOGIC_X0Y63         ODDR                                         r  system_i/dac/dac_0/inst/DAC_DAT[9].ODDR_inst/C
  -------------------------------------------------------------------    -------------------
    OLOGIC_X0Y63         ODDR (Prop_oddr_C_Q)         0.411    -1.893 r  system_i/dac/dac_0/inst/DAC_DAT[9].ODDR_inst/Q
                         net (fo=1, routed)           0.001    -1.892    dac_dat_o_OBUF[9]
    G20                  OBUF (Prop_obuf_I_O)         2.992     1.100 r  dac_dat_o_OBUF[9]_inst/O
                         net (fo=0)                   0.000     1.100    dac_dat_o[9]
    G20                                                               r  dac_dat_o[9] (OUT)
  -------------------------------------------------------------------    -------------------

Slack:                    inf
  Source:                 system_i/dac/dac_0/inst/DAC_DAT[8].ODDR_inst/C
                            (rising edge-triggered cell ODDR clocked by clk_out1_system_pll_0_0  {rise@0.000ns fall@4.000ns period=8.000ns})
  Destination:            dac_dat_o[8]
                            (output port)
  Path Group:             (none)
  Path Type:              Min at Slow Process Corner
  Data Path Delay:        3.407ns  (logic 3.406ns (99.971%)  route 0.001ns (0.029%))
  Logic Levels:           1  (OBUF=1)
  Clock Uncertainty:      0.162ns  ((TSJ^2 + DJ^2)^1/2) / 2 + PE
    Total System Jitter     (TSJ):    0.050ns
    Discrete Jitter          (DJ):    0.119ns
    Phase Error              (PE):    0.097ns

    Location             Delay type                Incr(ns)  Path(ns)    Netlist Resource(s)
  -------------------------------------------------------------------    -------------------
                         (clock clk_out1_system_pll_0_0 rise edge)
                                                      0.000     0.000 r  
    U18                                               0.000     0.000 r  adc_clk_p_i (IN)
                         net (fo=0)                   0.000     0.000    system_i/pll_0/inst/clk_in1_p
    U18                  IBUFDS (Prop_ibufds_I_O)     0.940     0.940 r  system_i/pll_0/inst/clkin1_ibufgds/O
                         net (fo=1, routed)           1.181     2.121    system_i/pll_0/inst/clk_in1_system_pll_0_0
    PLLE2_ADV_X0Y0       PLLE2_ADV (Prop_plle2_adv_CLKIN1_CLKOUT0)
                                                     -7.650    -5.530 r  system_i/pll_0/inst/plle2_adv_inst/CLKOUT0
                         net (fo=1, routed)           1.594    -3.935    system_i/pll_0/inst/clk_out1_system_pll_0_0
    BUFGCTRL_X0Y0        BUFG (Prop_bufg_I_O)         0.091    -3.844 r  system_i/pll_0/inst/clkout1_buf/O
                         net (fo=5704, routed)        1.540    -2.304    system_i/dac/dac_0/inst/aclk
    OLOGIC_X0Y64         ODDR                                         r  system_i/dac/dac_0/inst/DAC_DAT[8].ODDR_inst/C
  -------------------------------------------------------------------    -------------------
    OLOGIC_X0Y64         ODDR (Prop_oddr_C_Q)         0.411    -1.893 r  system_i/dac/dac_0/inst/DAC_DAT[8].ODDR_inst/Q
                         net (fo=1, routed)           0.001    -1.892    dac_dat_o_OBUF[8]
    G19                  OBUF (Prop_obuf_I_O)         2.995     1.103 r  dac_dat_o_OBUF[8]_inst/O
                         net (fo=0)                   0.000     1.103    dac_dat_o[8]
    G19                                                               r  dac_dat_o[8] (OUT)
  -------------------------------------------------------------------    -------------------

Slack:                    inf
  Source:                 system_i/dac/dac_0/inst/ODDR_sel/C
                            (rising edge-triggered cell ODDR clocked by clk_out1_system_pll_0_0  {rise@0.000ns fall@4.000ns period=8.000ns})
  Destination:            dac_sel_o
                            (output port)
  Path Group:             (none)
  Path Type:              Min at Slow Process Corner
  Data Path Delay:        3.413ns  (logic 3.412ns (99.971%)  route 0.001ns (0.029%))
  Logic Levels:           1  (OBUF=1)
  Clock Uncertainty:      0.162ns  ((TSJ^2 + DJ^2)^1/2) / 2 + PE
    Total System Jitter     (TSJ):    0.050ns
    Discrete Jitter          (DJ):    0.119ns
    Phase Error              (PE):    0.097ns

    Location             Delay type                Incr(ns)  Path(ns)    Netlist Resource(s)
  -------------------------------------------------------------------    -------------------
                         (clock clk_out1_system_pll_0_0 rise edge)
                                                      0.000     0.000 r  
    U18                                               0.000     0.000 r  adc_clk_p_i (IN)
                         net (fo=0)                   0.000     0.000    system_i/pll_0/inst/clk_in1_p
    U18                  IBUFDS (Prop_ibufds_I_O)     0.940     0.940 r  system_i/pll_0/inst/clkin1_ibufgds/O
                         net (fo=1, routed)           1.181     2.121    system_i/pll_0/inst/clk_in1_system_pll_0_0
    PLLE2_ADV_X0Y0       PLLE2_ADV (Prop_plle2_adv_CLKIN1_CLKOUT0)
                                                     -7.650    -5.530 r  system_i/pll_0/inst/plle2_adv_inst/CLKOUT0
                         net (fo=1, routed)           1.594    -3.935    system_i/pll_0/inst/clk_out1_system_pll_0_0
    BUFGCTRL_X0Y0        BUFG (Prop_bufg_I_O)         0.091    -3.844 r  system_i/pll_0/inst/clkout1_buf/O
                         net (fo=5704, routed)        1.544    -2.300    system_i/dac/dac_0/inst/aclk
    OLOGIC_X0Y57         ODDR                                         r  system_i/dac/dac_0/inst/ODDR_sel/C
  -------------------------------------------------------------------    -------------------
    OLOGIC_X0Y57         ODDR (Prop_oddr_C_Q)         0.411    -1.889 r  system_i/dac/dac_0/inst/ODDR_sel/Q
                         net (fo=1, routed)           0.001    -1.888    dac_sel_o_OBUF
    N16                  OBUF (Prop_obuf_I_O)         3.001     1.112 r  dac_sel_o_OBUF_inst/O
                         net (fo=0)                   0.000     1.112    dac_sel_o
    N16                                                               r  dac_sel_o (OUT)
  -------------------------------------------------------------------    -------------------

Slack:                    inf
  Source:                 system_i/dac/dac_0/inst/DAC_DAT[12].ODDR_inst/C
                            (rising edge-triggered cell ODDR clocked by clk_out1_system_pll_0_0  {rise@0.000ns fall@4.000ns period=8.000ns})
  Destination:            dac_dat_o[12]
                            (output port)
  Path Group:             (none)
  Path Type:              Min at Slow Process Corner
  Data Path Delay:        3.414ns  (logic 3.413ns (99.971%)  route 0.001ns (0.029%))
  Logic Levels:           1  (OBUF=1)
  Clock Uncertainty:      0.162ns  ((TSJ^2 + DJ^2)^1/2) / 2 + PE
    Total System Jitter     (TSJ):    0.050ns
    Discrete Jitter          (DJ):    0.119ns
    Phase Error              (PE):    0.097ns

    Location             Delay type                Incr(ns)  Path(ns)    Netlist Resource(s)
  -------------------------------------------------------------------    -------------------
                         (clock clk_out1_system_pll_0_0 rise edge)
                                                      0.000     0.000 r  
    U18                                               0.000     0.000 r  adc_clk_p_i (IN)
                         net (fo=0)                   0.000     0.000    system_i/pll_0/inst/clk_in1_p
    U18                  IBUFDS (Prop_ibufds_I_O)     0.940     0.940 r  system_i/pll_0/inst/clkin1_ibufgds/O
                         net (fo=1, routed)           1.181     2.121    system_i/pll_0/inst/clk_in1_system_pll_0_0
    PLLE2_ADV_X0Y0       PLLE2_ADV (Prop_plle2_adv_CLKIN1_CLKOUT0)
                                                     -7.650    -5.530 r  system_i/pll_0/inst/plle2_adv_inst/CLKOUT0
                         net (fo=1, routed)           1.594    -3.935    system_i/pll_0/inst/clk_out1_system_pll_0_0
    BUFGCTRL_X0Y0        BUFG (Prop_bufg_I_O)         0.091    -3.844 r  system_i/pll_0/inst/clkout1_buf/O
                         net (fo=5704, routed)        1.544    -2.300    system_i/dac/dac_0/inst/aclk
    OLOGIC_X0Y91         ODDR                                         r  system_i/dac/dac_0/inst/DAC_DAT[12].ODDR_inst/C
  -------------------------------------------------------------------    -------------------
    OLOGIC_X0Y91         ODDR (Prop_oddr_C_Q)         0.411    -1.889 r  system_i/dac/dac_0/inst/DAC_DAT[12].ODDR_inst/Q
                         net (fo=1, routed)           0.001    -1.888    dac_dat_o_OBUF[12]
    D20                  OBUF (Prop_obuf_I_O)         3.002     1.113 r  dac_dat_o_OBUF[12]_inst/O
                         net (fo=0)                   0.000     1.113    dac_dat_o[12]
    D20                                                               r  dac_dat_o[12] (OUT)
  -------------------------------------------------------------------    -------------------

Slack:                    inf
  Source:                 system_i/dac/dac_0/inst/ODDR_rst/C
                            (rising edge-triggered cell ODDR clocked by clk_out1_system_pll_0_0  {rise@0.000ns fall@4.000ns period=8.000ns})
  Destination:            dac_rst_o
                            (output port)
  Path Group:             (none)
  Path Type:              Min at Slow Process Corner
  Data Path Delay:        3.415ns  (logic 3.414ns (99.971%)  route 0.001ns (0.029%))
  Logic Levels:           1  (OBUF=1)
  Clock Uncertainty:      0.162ns  ((TSJ^2 + DJ^2)^1/2) / 2 + PE
    Total System Jitter     (TSJ):    0.050ns
    Discrete Jitter          (DJ):    0.119ns
    Phase Error              (PE):    0.097ns

    Location             Delay type                Incr(ns)  Path(ns)    Netlist Resource(s)
  -------------------------------------------------------------------    -------------------
                         (clock clk_out1_system_pll_0_0 rise edge)
                                                      0.000     0.000 r  
    U18                                               0.000     0.000 r  adc_clk_p_i (IN)
                         net (fo=0)                   0.000     0.000    system_i/pll_0/inst/clk_in1_p
    U18                  IBUFDS (Prop_ibufds_I_O)     0.940     0.940 r  system_i/pll_0/inst/clkin1_ibufgds/O
                         net (fo=1, routed)           1.181     2.121    system_i/pll_0/inst/clk_in1_system_pll_0_0
    PLLE2_ADV_X0Y0       PLLE2_ADV (Prop_plle2_adv_CLKIN1_CLKOUT0)
                                                     -7.650    -5.530 r  system_i/pll_0/inst/plle2_adv_inst/CLKOUT0
                         net (fo=1, routed)           1.594    -3.935    system_i/pll_0/inst/clk_out1_system_pll_0_0
    BUFGCTRL_X0Y0        BUFG (Prop_bufg_I_O)         0.091    -3.844 r  system_i/pll_0/inst/clkout1_buf/O
                         net (fo=5704, routed)        1.544    -2.300    system_i/dac/dac_0/inst/aclk
    OLOGIC_X0Y58         ODDR                                         r  system_i/dac/dac_0/inst/ODDR_rst/C
  -------------------------------------------------------------------    -------------------
    OLOGIC_X0Y58         ODDR (Prop_oddr_C_Q)         0.411    -1.889 r  system_i/dac/dac_0/inst/ODDR_rst/Q
                         net (fo=1, routed)           0.001    -1.888    dac_rst_o_OBUF
    N15                  OBUF (Prop_obuf_I_O)         3.003     1.115 r  dac_rst_o_OBUF_inst/O
                         net (fo=0)                   0.000     1.115    dac_rst_o
    N15                                                               r  dac_rst_o (OUT)
  -------------------------------------------------------------------    -------------------

Slack:                    inf
  Source:                 system_i/dac/dac_0/inst/DAC_DAT[13].ODDR_inst/C
                            (rising edge-triggered cell ODDR clocked by clk_out1_system_pll_0_0  {rise@0.000ns fall@4.000ns period=8.000ns})
  Destination:            dac_dat_o[13]
                            (output port)
  Path Group:             (none)
  Path Type:              Min at Slow Process Corner
  Data Path Delay:        3.416ns  (logic 3.415ns (99.971%)  route 0.001ns (0.029%))
  Logic Levels:           1  (OBUF=1)
  Clock Uncertainty:      0.162ns  ((TSJ^2 + DJ^2)^1/2) / 2 + PE
    Total System Jitter     (TSJ):    0.050ns
    Discrete Jitter          (DJ):    0.119ns
    Phase Error              (PE):    0.097ns

    Location             Delay type                Incr(ns)  Path(ns)    Netlist Resource(s)
  -------------------------------------------------------------------    -------------------
                         (clock clk_out1_system_pll_0_0 rise edge)
                                                      0.000     0.000 r  
    U18                                               0.000     0.000 r  adc_clk_p_i (IN)
                         net (fo=0)                   0.000     0.000    system_i/pll_0/inst/clk_in1_p
    U18                  IBUFDS (Prop_ibufds_I_O)     0.940     0.940 r  system_i/pll_0/inst/clkin1_ibufgds/O
                         net (fo=1, routed)           1.181     2.121    system_i/pll_0/inst/clk_in1_system_pll_0_0
    PLLE2_ADV_X0Y0       PLLE2_ADV (Prop_plle2_adv_CLKIN1_CLKOUT0)
                                                     -7.650    -5.530 r  system_i/pll_0/inst/plle2_adv_inst/CLKOUT0
                         net (fo=1, routed)           1.594    -3.935    system_i/pll_0/inst/clk_out1_system_pll_0_0
    BUFGCTRL_X0Y0        BUFG (Prop_bufg_I_O)         0.091    -3.844 r  system_i/pll_0/inst/clkout1_buf/O
                         net (fo=5704, routed)        1.544    -2.300    system_i/dac/dac_0/inst/aclk
    OLOGIC_X0Y92         ODDR                                         r  system_i/dac/dac_0/inst/DAC_DAT[13].ODDR_inst/C
  -------------------------------------------------------------------    -------------------
    OLOGIC_X0Y92         ODDR (Prop_oddr_C_Q)         0.411    -1.889 r  system_i/dac/dac_0/inst/DAC_DAT[13].ODDR_inst/Q
                         net (fo=1, routed)           0.001    -1.888    dac_dat_o_OBUF[13]
    D19                  OBUF (Prop_obuf_I_O)         3.004     1.115 r  dac_dat_o_OBUF[13]_inst/O
                         net (fo=0)                   0.000     1.115    dac_dat_o[13]
    D19                                                               r  dac_dat_o[13] (OUT)
  -------------------------------------------------------------------    -------------------





--------------------------------------------------------------------------------------
Path Group:  (none)
From Clock:  clk_out2_system_pll_0_0
  To Clock:  

Max Delay             1 Endpoint
Min Delay             1 Endpoint
--------------------------------------------------------------------------------------


Max Delay Paths
--------------------------------------------------------------------------------------
Slack:                    inf
  Source:                 system_i/dac/dac_0/inst/ODDR_clk/C
                            (falling edge-triggered cell ODDR clocked by clk_out2_system_pll_0_0  {rise@1.750ns fall@3.750ns period=4.000ns})
  Destination:            dac_clk_o
                            (output port)
  Path Group:             (none)
  Path Type:              Max at Fast Process Corner
  Data Path Delay:        1.833ns  (logic 1.832ns (99.945%)  route 0.001ns (0.055%))
  Logic Levels:           1  (OBUF=1)
  Clock Uncertainty:      0.155ns  ((TSJ^2 + DJ^2)^1/2) / 2 + PE
    Total System Jitter     (TSJ):    0.050ns
    Discrete Jitter          (DJ):    0.105ns
    Phase Error              (PE):    0.097ns

    Location             Delay type                Incr(ns)  Path(ns)    Netlist Resource(s)
  -------------------------------------------------------------------    -------------------
                         (clock clk_out2_system_pll_0_0 fall edge)
                                                      3.750     3.750 f  
    U18                                               0.000     3.750 f  adc_clk_p_i (IN)
                         net (fo=0)                   0.000     3.750    system_i/pll_0/inst/clk_in1_p
    U18                  IBUFDS (Prop_ibufds_I_O)     0.433     4.183 f  system_i/pll_0/inst/clkin1_ibufgds/O
                         net (fo=1, routed)           0.481     4.664    system_i/pll_0/inst/clk_in1_system_pll_0_0
    PLLE2_ADV_X0Y0       PLLE2_ADV (Prop_plle2_adv_CLKIN1_CLKOUT1)
                                                     -2.546     2.118 f  system_i/pll_0/inst/plle2_adv_inst/CLKOUT1
                         net (fo=1, routed)           0.544     2.662    system_i/pll_0/inst/clk_out2_system_pll_0_0
    BUFGCTRL_X0Y1        BUFG (Prop_bufg_I_O)         0.029     2.691 f  system_i/pll_0/inst/clkout2_buf/O
                         net (fo=1, routed)           0.851     3.542    system_i/dac/dac_0/inst/ddr_clk
    OLOGIC_X0Y83         ODDR                                         f  system_i/dac/dac_0/inst/ODDR_clk/C
  -------------------------------------------------------------------    -------------------
    OLOGIC_X0Y83         ODDR (Prop_oddr_C_Q)         0.204     3.746 r  system_i/dac/dac_0/inst/ODDR_clk/Q
                         net (fo=1, routed)           0.001     3.747    dac_clk_o_OBUF
    M18                  OBUF (Prop_obuf_I_O)         1.628     5.374 r  dac_clk_o_OBUF_inst/O
                         net (fo=0)                   0.000     5.374    dac_clk_o
    M18                                                               r  dac_clk_o (OUT)
  -------------------------------------------------------------------    -------------------





Min Delay Paths
--------------------------------------------------------------------------------------
Slack:                    inf
  Source:                 system_i/dac/dac_0/inst/ODDR_clk/C
                            (rising edge-triggered cell ODDR clocked by clk_out2_system_pll_0_0  {rise@1.750ns fall@3.750ns period=4.000ns})
  Destination:            dac_clk_o
                            (output port)
  Path Group:             (none)
  Path Type:              Min at Slow Process Corner
  Data Path Delay:        3.473ns  (logic 3.472ns (99.971%)  route 0.001ns (0.029%))
  Logic Levels:           1  (OBUF=1)
  Clock Uncertainty:      0.155ns  ((TSJ^2 + DJ^2)^1/2) / 2 + PE
    Total System Jitter     (TSJ):    0.050ns
    Discrete Jitter          (DJ):    0.105ns
    Phase Error              (PE):    0.097ns

    Location             Delay type                Incr(ns)  Path(ns)    Netlist Resource(s)
  -------------------------------------------------------------------    -------------------
                         (clock clk_out2_system_pll_0_0 rise edge)
                                                      1.750     1.750 r  
    U18                                               0.000     1.750 r  adc_clk_p_i (IN)
                         net (fo=0)                   0.000     1.750    system_i/pll_0/inst/clk_in1_p
    U18                  IBUFDS (Prop_ibufds_I_O)     0.940     2.690 r  system_i/pll_0/inst/clkin1_ibufgds/O
                         net (fo=1, routed)           1.181     3.871    system_i/pll_0/inst/clk_in1_system_pll_0_0
    PLLE2_ADV_X0Y0       PLLE2_ADV (Prop_plle2_adv_CLKIN1_CLKOUT1)
                                                     -7.650    -3.780 r  system_i/pll_0/inst/plle2_adv_inst/CLKOUT1
                         net (fo=1, routed)           1.594    -2.185    system_i/pll_0/inst/clk_out2_system_pll_0_0
    BUFGCTRL_X0Y1        BUFG (Prop_bufg_I_O)         0.091    -2.094 r  system_i/pll_0/inst/clkout2_buf/O
                         net (fo=1, routed)           1.539    -0.555    system_i/dac/dac_0/inst/ddr_clk
    OLOGIC_X0Y83         ODDR                                         r  system_i/dac/dac_0/inst/ODDR_clk/C
  -------------------------------------------------------------------    -------------------
    OLOGIC_X0Y83         ODDR (Prop_oddr_C_Q)         0.411    -0.144 r  system_i/dac/dac_0/inst/ODDR_clk/Q
                         net (fo=1, routed)           0.001    -0.143    dac_clk_o_OBUF
    M18                  OBUF (Prop_obuf_I_O)         3.061     2.917 r  dac_clk_o_OBUF_inst/O
                         net (fo=0)                   0.000     2.917    dac_clk_o
    M18                                                               r  dac_clk_o (OUT)
  -------------------------------------------------------------------    -------------------





--------------------------------------------------------------------------------------
Path Group:  (none)
From Clock:  clk_out3_system_pll_0_0
  To Clock:  

Max Delay             1 Endpoint
Min Delay             1 Endpoint
--------------------------------------------------------------------------------------


Max Delay Paths
--------------------------------------------------------------------------------------
Slack:                    inf
  Source:                 system_i/dac/dac_0/inst/ODDR_wrt/C
                            (rising edge-triggered cell ODDR clocked by clk_out3_system_pll_0_0  {rise@2.250ns fall@4.250ns period=4.000ns})
  Destination:            dac_wrt_o
                            (output port)
  Path Group:             (none)
  Path Type:              Max at Fast Process Corner
  Data Path Delay:        1.839ns  (logic 1.838ns (99.946%)  route 0.001ns (0.054%))
  Logic Levels:           1  (OBUF=1)
  Clock Uncertainty:      0.155ns  ((TSJ^2 + DJ^2)^1/2) / 2 + PE
    Total System Jitter     (TSJ):    0.050ns
    Discrete Jitter          (DJ):    0.105ns
    Phase Error              (PE):    0.097ns

    Location             Delay type                Incr(ns)  Path(ns)    Netlist Resource(s)
  -------------------------------------------------------------------    -------------------
                         (clock clk_out3_system_pll_0_0 rise edge)
                                                      2.250     2.250 r  
    U18                                               0.000     2.250 r  adc_clk_p_i (IN)
                         net (fo=0)                   0.000     2.250    system_i/pll_0/inst/clk_in1_p
    U18                  IBUFDS (Prop_ibufds_I_O)     0.433     2.683 r  system_i/pll_0/inst/clkin1_ibufgds/O
                         net (fo=1, routed)           0.481     3.164    system_i/pll_0/inst/clk_in1_system_pll_0_0
    PLLE2_ADV_X0Y0       PLLE2_ADV (Prop_plle2_adv_CLKIN1_CLKOUT2)
                                                     -2.546     0.618 r  system_i/pll_0/inst/plle2_adv_inst/CLKOUT2
                         net (fo=1, routed)           0.544     1.162    system_i/pll_0/inst/clk_out3_system_pll_0_0
    BUFGCTRL_X0Y2        BUFG (Prop_bufg_I_O)         0.029     1.191 r  system_i/pll_0/inst/clkout3_buf/O
                         net (fo=1, routed)           0.851     2.042    system_i/dac/dac_0/inst/wrt_clk
    OLOGIC_X0Y84         ODDR                                         r  system_i/dac/dac_0/inst/ODDR_wrt/C
  -------------------------------------------------------------------    -------------------
    OLOGIC_X0Y84         ODDR (Prop_oddr_C_Q)         0.204     2.246 r  system_i/dac/dac_0/inst/ODDR_wrt/Q
                         net (fo=1, routed)           0.001     2.247    dac_wrt_o_OBUF
    M17                  OBUF (Prop_obuf_I_O)         1.634     3.881 r  dac_wrt_o_OBUF_inst/O
                         net (fo=0)                   0.000     3.881    dac_wrt_o
    M17                                                               r  dac_wrt_o (OUT)
  -------------------------------------------------------------------    -------------------





Min Delay Paths
--------------------------------------------------------------------------------------
Slack:                    inf
  Source:                 system_i/dac/dac_0/inst/ODDR_wrt/C
                            (falling edge-triggered cell ODDR clocked by clk_out3_system_pll_0_0  {rise@2.250ns fall@4.250ns period=4.000ns})
  Destination:            dac_wrt_o
                            (output port)
  Path Group:             (none)
  Path Type:              Min at Slow Process Corner
  Data Path Delay:        3.479ns  (logic 3.478ns (99.971%)  route 0.001ns (0.029%))
  Logic Levels:           1  (OBUF=1)
  Clock Uncertainty:      0.155ns  ((TSJ^2 + DJ^2)^1/2) / 2 + PE
    Total System Jitter     (TSJ):    0.050ns
    Discrete Jitter          (DJ):    0.105ns
    Phase Error              (PE):    0.097ns

    Location             Delay type                Incr(ns)  Path(ns)    Netlist Resource(s)
  -------------------------------------------------------------------    -------------------
                         (clock clk_out3_system_pll_0_0 fall edge)
                                                      0.250     0.250 f  
    U18                                               0.000     0.250 f  adc_clk_p_i (IN)
                         net (fo=0)                   0.000     0.250    system_i/pll_0/inst/clk_in1_p
    U18                  IBUFDS (Prop_ibufds_I_O)     0.940     1.190 f  system_i/pll_0/inst/clkin1_ibufgds/O
                         net (fo=1, routed)           1.181     2.371    system_i/pll_0/inst/clk_in1_system_pll_0_0
    PLLE2_ADV_X0Y0       PLLE2_ADV (Prop_plle2_adv_CLKIN1_CLKOUT2)
                                                     -7.650    -5.280 f  system_i/pll_0/inst/plle2_adv_inst/CLKOUT2
                         net (fo=1, routed)           1.594    -3.685    system_i/pll_0/inst/clk_out3_system_pll_0_0
    BUFGCTRL_X0Y2        BUFG (Prop_bufg_I_O)         0.091    -3.594 f  system_i/pll_0/inst/clkout3_buf/O
                         net (fo=1, routed)           1.539    -2.055    system_i/dac/dac_0/inst/wrt_clk
    OLOGIC_X0Y84         ODDR                                         f  system_i/dac/dac_0/inst/ODDR_wrt/C
  -------------------------------------------------------------------    -------------------
    OLOGIC_X0Y84         ODDR (Prop_oddr_C_Q)         0.411    -1.644 r  system_i/dac/dac_0/inst/ODDR_wrt/Q
                         net (fo=1, routed)           0.001    -1.643    dac_wrt_o_OBUF
    M17                  OBUF (Prop_obuf_I_O)         3.067     1.424 r  dac_wrt_o_OBUF_inst/O
                         net (fo=0)                   0.000     1.424    dac_wrt_o
    M17                                                               r  dac_wrt_o (OUT)
  -------------------------------------------------------------------    -------------------





--------------------------------------------------------------------------------------
Path Group:  (none)
From Clock:  clkfbout_system_pll_0_0
  To Clock:  

Max Delay             1 Endpoint
Min Delay             1 Endpoint
--------------------------------------------------------------------------------------


Max Delay Paths
--------------------------------------------------------------------------------------
Slack:                    inf
  Source:                 system_i/pll_0/inst/plle2_adv_inst/CLKFBOUT
                            (clock source 'clkfbout_system_pll_0_0'  {rise@0.000ns fall@4.000ns period=8.000ns})
  Destination:            system_i/pll_0/inst/plle2_adv_inst/CLKFBIN
  Path Group:             (none)
  Path Type:              Max at Fast Process Corner
  Data Path Delay:        1.390ns  (logic 0.029ns (2.086%)  route 1.361ns (97.914%))
  Logic Levels:           1  (BUFG=1)
  Clock Uncertainty:      0.145ns  ((TSJ^2 + DJ^2)^1/2) / 2 + PE
    Total System Jitter     (TSJ):    0.050ns
    Discrete Jitter          (DJ):    0.081ns
    Phase Error              (PE):    0.097ns

    Location             Delay type                Incr(ns)  Path(ns)    Netlist Resource(s)
  -------------------------------------------------------------------    -------------------
                         (clock clkfbout_system_pll_0_0 fall edge)
                                                      4.000     4.000 f  
    U18                                               0.000     4.000 f  adc_clk_p_i (IN)
                         net (fo=0)                   0.000     4.000    system_i/pll_0/inst/clk_in1_p
    U18                  IBUFDS (Prop_ibufds_I_O)     0.433     4.433 f  system_i/pll_0/inst/clkin1_ibufgds/O
                         net (fo=1, routed)           0.481     4.914    system_i/pll_0/inst/clk_in1_system_pll_0_0
  -------------------------------------------------------------------    -------------------
    PLLE2_ADV_X0Y0       PLLE2_ADV (Prop_plle2_adv_CLKIN1_CLKFBOUT)
                                                     -2.546     2.368 f  system_i/pll_0/inst/plle2_adv_inst/CLKFBOUT
                         net (fo=1, routed)           0.544     2.912    system_i/pll_0/inst/clkfbout_system_pll_0_0
    BUFGCTRL_X0Y3        BUFG (Prop_bufg_I_O)         0.029     2.941 f  system_i/pll_0/inst/clkf_buf/O
                         net (fo=1, routed)           0.817     3.758    system_i/pll_0/inst/clkfbout_buf_system_pll_0_0
    PLLE2_ADV_X0Y0       PLLE2_ADV                                    f  system_i/pll_0/inst/plle2_adv_inst/CLKFBIN
  -------------------------------------------------------------------    -------------------





Min Delay Paths
--------------------------------------------------------------------------------------
Slack:                    inf
  Source:                 system_i/pll_0/inst/plle2_adv_inst/CLKFBOUT
                            (clock source 'clkfbout_system_pll_0_0'  {rise@0.000ns fall@4.000ns period=8.000ns})
  Destination:            system_i/pll_0/inst/plle2_adv_inst/CLKFBIN
  Path Group:             (none)
  Path Type:              Min at Slow Process Corner
  Data Path Delay:        3.194ns  (logic 0.091ns (2.849%)  route 3.103ns (97.151%))
  Logic Levels:           1  (BUFG=1)
  Clock Uncertainty:      0.145ns  ((TSJ^2 + DJ^2)^1/2) / 2 + PE
    Total System Jitter     (TSJ):    0.050ns
    Discrete Jitter          (DJ):    0.081ns
    Phase Error              (PE):    0.097ns

    Location             Delay type                Incr(ns)  Path(ns)    Netlist Resource(s)
  -------------------------------------------------------------------    -------------------
                         (clock clkfbout_system_pll_0_0 rise edge)
                                                      0.000     0.000 r  
    U18                                               0.000     0.000 r  adc_clk_p_i (IN)
                         net (fo=0)                   0.000     0.000    system_i/pll_0/inst/clk_in1_p
    U18                  IBUFDS (Prop_ibufds_I_O)     0.940     0.940 r  system_i/pll_0/inst/clkin1_ibufgds/O
                         net (fo=1, routed)           1.181     2.121    system_i/pll_0/inst/clk_in1_system_pll_0_0
  -------------------------------------------------------------------    -------------------
    PLLE2_ADV_X0Y0       PLLE2_ADV (Prop_plle2_adv_CLKIN1_CLKFBOUT)
                                                     -7.650    -5.530 r  system_i/pll_0/inst/plle2_adv_inst/CLKFBOUT
                         net (fo=1, routed)           1.594    -3.935    system_i/pll_0/inst/clkfbout_system_pll_0_0
    BUFGCTRL_X0Y3        BUFG (Prop_bufg_I_O)         0.091    -3.844 r  system_i/pll_0/inst/clkf_buf/O
                         net (fo=1, routed)           1.509    -2.335    system_i/pll_0/inst/clkfbout_buf_system_pll_0_0
    PLLE2_ADV_X0Y0       PLLE2_ADV                                    r  system_i/pll_0/inst/plle2_adv_inst/CLKFBIN
  -------------------------------------------------------------------    -------------------





